Compile TV & Mobile APKs	Build Android TV & Mobile APKs	﻿2026-09-06T05:28:41.2881713Z ##[group]Run gradle :tvApp:assembleDebug :androidApp:assembleDebug -PversionCode=100 -PversionName=3.0.0-beta11 --stacktrace
Compile TV & Mobile APKs	Build Android TV & Mobile APKs	2026-09-06T05:28:41.2882623Z ^[[36;1mgradle :tvApp:assembleDebug :androidApp:assembleDebug -PversionCode=100 -PversionName=3.0.0-beta11 --stacktrace^[[0m
Compile TV & Mobile APKs	Build Android TV & Mobile APKs	2026-09-06T05:28:41.2919568Z shell: /usr/bin/bash -e {0}
Compile TV & Mobile APKs	Build Android TV & Mobile APKs	2026-09-06T05:28:41.2920082Z env:
Compile TV & Mobile APKs	Build Android TV & Mobile APKs	2026-09-06T05:28:41.2920412Z   JAVA_HOME: /opt/hostedtoolcache/Java_Temurin-Hotspot_jdk/17.0.20-1/x64
Compile TV & Mobile APKs	Build Android TV & Mobile APKs	2026-09-06T05:28:41.2920926Z   JAVA_HOME_17_X64: /opt/hostedtoolcache/Java_Temurin-Hotspot_jdk/17.0.20-1/x64
Compile TV & Mobile APKs	Build Android TV & Mobile APKs	2026-09-06T05:28:41.2921358Z   GRADLE_ACTION_ID: gradle/actions/setup-gradle
Compile TV & Mobile APKs	Build Android TV & Mobile APKs	2026-09-06T05:28:41.2921678Z   GRADLE_BUILD_ACTION_SETUP_COMPLETED: true
Compile TV & Mobile APKs	Build Android TV & Mobile APKs	2026-09-06T05:28:41.2921983Z   GRADLE_BUILD_ACTION_CACHE_RESTORED: true
Compile TV & Mobile APKs	Build Android TV & Mobile APKs	2026-09-06T05:28:41.2922415Z   DEVELOCITY_INJECTION_INIT_SCRIPT_NAME: gradle-actions.inject-develocity.init.gradle
Compile TV & Mobile APKs	Build Android TV & Mobile APKs	2026-09-06T05:28:41.2922897Z   DEVELOCITY_AUTO_INJECTION_CUSTOM_VALUE: gradle-actions
Compile TV & Mobile APKs	Build Android TV & Mobile APKs	2026-09-06T05:28:41.2923279Z   GITHUB_DEPENDENCY_GRAPH_ENABLED: false
Compile TV & Mobile APKs	Build Android TV & Mobile APKs	2026-09-06T05:28:41.2923560Z ##[endgroup]
Compile TV & Mobile APKs	Build Android TV & Mobile APKs	2026-09-06T05:28:41.8620615Z 
Compile TV & Mobile APKs	Build Android TV & Mobile APKs	2026-09-06T05:28:41.8621850Z Welcome to Gradle 8.7!
Compile TV & Mobile APKs	Build Android TV & Mobile APKs	2026-09-06T05:28:41.8622431Z 
Compile TV & Mobile APKs	Build Android TV & Mobile APKs	2026-09-06T05:28:41.8622902Z Here are the highlights of this release:
Compile TV & Mobile APKs	Build Android TV & Mobile APKs	2026-09-06T05:28:41.8623659Z  - Compiling and testing with Java 22
Compile TV & Mobile APKs	Build Android TV & Mobile APKs	2026-09-06T05:28:41.8624376Z  - Cacheable Groovy script compilation
Compile TV & Mobile APKs	Build Android TV & Mobile APKs	2026-09-06T05:28:41.8625126Z  - New methods in lazy collection properties
Compile TV & Mobile APKs	Build Android TV & Mobile APKs	2026-09-06T05:28:41.8625673Z 
Compile TV & Mobile APKs	Build Android TV & Mobile APKs	2026-09-06T05:28:41.8626247Z For more details see https://docs.gradle.org/8.7/release-notes.html
Compile TV & Mobile APKs	Build Android TV & Mobile APKs	2026-09-06T05:28:41.8626964Z 
Compile TV & Mobile APKs	Build Android TV & Mobile APKs	2026-09-06T05:28:42.0585236Z Starting a Gradle Daemon (subsequent builds will be faster)
Compile TV & Mobile APKs	Build Android TV & Mobile APKs	2026-09-06T05:29:44.4607485Z 
Compile TV & Mobile APKs	Build Android TV & Mobile APKs	2026-09-06T05:29:44.4631453Z > Configure project :shared
Compile TV & Mobile APKs	Build Android TV & Mobile APKs	2026-09-06T05:29:44.4661260Z w: Kotlin Multiplatform <-> Android Gradle Plugin compatibility issue:
Compile TV & Mobile APKs	Build Android TV & Mobile APKs	2026-09-06T05:29:44.4662378Z The applied Android Gradle Plugin version (8.4.0) is higher 
Compile TV & Mobile APKs	Build Android TV & Mobile APKs	2026-09-06T05:29:44.4663273Z than the maximum known to the Kotlin Gradle Plugin.
Compile TV & Mobile APKs	Build Android TV & Mobile APKs	2026-09-06T05:29:44.4664437Z Tooling stability in such configuration isn't tested, please report encountered issues to https://kotl.in/issue"
Compile TV & Mobile APKs	Build Android TV & Mobile APKs	2026-09-06T05:29:44.4665370Z 
Compile TV & Mobile APKs	Build Android TV & Mobile APKs	2026-09-06T05:29:44.4665775Z Minimum supported Android Gradle Plugin version: 7.0
Compile TV & Mobile APKs	Build Android TV & Mobile APKs	2026-09-06T05:29:44.4666442Z Maximum tested Android Gradle Plugin version: 8.2
Compile TV & Mobile APKs	Build Android TV & Mobile APKs	2026-09-06T05:29:44.4667160Z 
Compile TV & Mobile APKs	Build Android TV & Mobile APKs	2026-09-06T05:29:44.4683766Z To suppress this message add 'kotlin.mpp.androidGradlePluginCompatibility.nowarn=true' to your gradle.properties
Compile TV & Mobile APKs	Build Android TV & Mobile APKs	2026-09-06T05:29:44.4685036Z 
Compile TV & Mobile APKs	Build Android TV & Mobile APKs	2026-09-06T05:29:48.1564033Z 
Compile TV & Mobile APKs	Build Android TV & Mobile APKs	2026-09-06T05:29:48.1574848Z > Task :tvApp:preBuild UP-TO-DATE
Compile TV & Mobile APKs	Build Android TV & Mobile APKs	2026-09-06T05:29:48.1595581Z > Task :tvApp:preDebugBuild UP-TO-DATE
Compile TV & Mobile APKs	Build Android TV & Mobile APKs	2026-09-06T05:29:48.1596545Z > Task :tvApp:mergeDebugNativeDebugMetadata NO-SOURCE
Compile TV & Mobile APKs	Build Android TV & Mobile APKs	2026-09-06T05:29:48.1597315Z > Task :shared:checkKotlinGradlePluginConfigurationErrors
Compile TV & Mobile APKs	Build Android TV & Mobile APKs	2026-09-06T05:29:48.1598014Z > Task :shared:preBuild UP-TO-DATE
Compile TV & Mobile APKs	Build Android TV & Mobile APKs	2026-09-06T05:29:48.1599289Z > Task :shared:preDebugBuild UP-TO-DATE
Compile TV & Mobile APKs	Build Android TV & Mobile APKs	2026-09-06T05:29:48.2564552Z > Task :shared:generateDebugResValues
Compile TV & Mobile APKs	Build Android TV & Mobile APKs	2026-09-06T05:29:48.2565462Z > Task :shared:generateDebugResources
Compile TV & Mobile APKs	Build Android TV & Mobile APKs	2026-09-06T05:29:48.3564642Z > Task :shared:packageDebugResources
Compile TV & Mobile APKs	Build Android TV & Mobile APKs	2026-09-06T05:29:48.7591337Z > Task :tvApp:checkKotlinGradlePluginConfigurationErrors
Compile TV & Mobile APKs	Build Android TV & Mobile APKs	2026-09-06T05:29:48.8565187Z > Task :shared:javaPreCompileDebug
Compile TV & Mobile APKs	Build Android TV & Mobile APKs	2026-09-06T05:29:48.8597460Z > Task :tvApp:generateDebugBuildConfig
Compile TV & Mobile APKs	Build Android TV & Mobile APKs	2026-09-06T05:29:48.8600579Z > Task :shared:parseDebugLocalResources
Compile TV & Mobile APKs	Build Android TV & Mobile APKs	2026-09-06T05:29:49.2575038Z > Task :shared:compileDebugLibraryResources
Compile TV & Mobile APKs	Build Android TV & Mobile APKs	2026-09-06T05:29:49.2581929Z > Task :tvApp:generateDebugResValues
Compile TV & Mobile APKs	Build Android TV & Mobile APKs	2026-09-06T05:29:49.3564229Z > Task :shared:writeDebugAarMetadata
Compile TV & Mobile APKs	Build Android TV & Mobile APKs	2026-09-06T05:29:50.2564515Z > Task :shared:generateDebugRFile
Compile TV & Mobile APKs	Build Android TV & Mobile APKs	2026-09-06T05:30:04.9565049Z > Task :tvApp:mapDebugSourceSetPaths
Compile TV & Mobile APKs	Build Android TV & Mobile APKs	2026-09-06T05:30:12.9633088Z > Task :tvApp:generateDebugResources
Compile TV & Mobile APKs	Build Android TV & Mobile APKs	2026-09-06T05:30:12.9690880Z > Task :tvApp:checkDebugAarMetadata
Compile TV & Mobile APKs	Build Android TV & Mobile APKs	2026-09-06T05:30:14.6570860Z > Task :tvApp:packageDebugResources
Compile TV & Mobile APKs	Build Android TV & Mobile APKs	2026-09-06T05:30:15.5586342Z > Task :tvApp:createDebugCompatibleScreenManifests
Compile TV & Mobile APKs	Build Android TV & Mobile APKs	2026-09-06T05:30:15.5607381Z > Task :shared:extractDeepLinksDebug
Compile TV & Mobile APKs	Build Android TV & Mobile APKs	2026-09-06T05:30:15.6575634Z > Task :tvApp:parseDebugLocalResources
Compile TV & Mobile APKs	Build Android TV & Mobile APKs	2026-09-06T05:30:15.6620504Z > Task :tvApp:extractDeepLinksDebug
Compile TV & Mobile APKs	Build Android TV & Mobile APKs	2026-09-06T05:30:15.7571054Z > Task :shared:processDebugManifest
Compile TV & Mobile APKs	Build Android TV & Mobile APKs	2026-09-06T05:30:15.9585461Z > Task :tvApp:mergeDebugResources
Compile TV & Mobile APKs	Build Android TV & Mobile APKs	2026-09-06T05:30:17.1621107Z > Task :tvApp:javaPreCompileDebug
Compile TV & Mobile APKs	Build Android TV & Mobile APKs	2026-09-06T05:30:17.8581188Z > Task :tvApp:processDebugMainManifest
Compile TV & Mobile APKs	Build Android TV & Mobile APKs	2026-09-06T05:30:18.0584991Z > Task :tvApp:processDebugManifest
Compile TV & Mobile APKs	Build Android TV & Mobile APKs	2026-09-06T05:30:18.1597928Z > Task :shared:mergeDebugShaders
Compile TV & Mobile APKs	Build Android TV & Mobile APKs	2026-09-06T05:30:18.1631014Z > Task :shared:compileDebugShaders NO-SOURCE
Compile TV & Mobile APKs	Build Android TV & Mobile APKs	2026-09-06T05:30:18.1660841Z > Task :tvApp:processDebugManifestForPackage
Compile TV & Mobile APKs	Build Android TV & Mobile APKs	2026-09-06T05:30:19.9567190Z > Task :shared:generateDebugAssets UP-TO-DATE
Compile TV & Mobile APKs	Build Android TV & Mobile APKs	2026-09-06T05:30:19.9615101Z > Task :shared:packageDebugAssets
Compile TV & Mobile APKs	Build Android TV & Mobile APKs	2026-09-06T05:30:19.9661005Z > Task :tvApp:mergeDebugShaders
Compile TV & Mobile APKs	Build Android TV & Mobile APKs	2026-09-06T05:30:19.9691075Z > Task :tvApp:compileDebugShaders NO-SOURCE
Compile TV & Mobile APKs	Build Android TV & Mobile APKs	2026-09-06T05:30:19.9725934Z > Task :tvApp:generateDebugAssets UP-TO-DATE
Compile TV & Mobile APKs	Build Android TV & Mobile APKs	2026-09-06T05:30:20.2604703Z > Task :tvApp:mergeDebugAssets
Compile TV & Mobile APKs	Build Android TV & Mobile APKs	2026-09-06T05:30:20.2671100Z > Task :tvApp:compressDebugAssets
Compile TV & Mobile APKs	Build Android TV & Mobile APKs	2026-09-06T05:30:20.2730852Z > Task :tvApp:desugarDebugFileDependencies
Compile TV & Mobile APKs	Build Android TV & Mobile APKs	2026-09-06T05:30:21.0599029Z > Task :tvApp:processDebugResources
Compile TV & Mobile APKs	Build Android TV & Mobile APKs	2026-09-06T05:30:23.1621109Z > Task :tvApp:mergeDebugStartupProfile
Compile TV & Mobile APKs	Build Android TV & Mobile APKs	2026-09-06T05:30:23.1650937Z > Task :shared:mergeDebugJniLibFolders
Compile TV & Mobile APKs	Build Android TV & Mobile APKs	2026-09-06T05:30:23.1721041Z > Task :shared:mergeDebugNativeLibs NO-SOURCE
Compile TV & Mobile APKs	Build Android TV & Mobile APKs	2026-09-06T05:30:23.1725408Z > Task :shared:copyDebugJniLibsProjectOnly
Compile TV & Mobile APKs	Build Android TV & Mobile APKs	2026-09-06T05:30:23.2583440Z > Task :tvApp:mergeDebugJniLibFolders
Compile TV & Mobile APKs	Build Android TV & Mobile APKs	2026-09-06T05:30:23.2610641Z > Task :tvApp:checkDebugDuplicateClasses
Compile TV & Mobile APKs	Build Android TV & Mobile APKs	2026-09-06T05:30:23.5565609Z > Task :tvApp:mergeDebugNativeLibs NO-SOURCE
Compile TV & Mobile APKs	Build Android TV & Mobile APKs	2026-09-06T05:30:25.9609654Z > Task :shared:kspDebugKotlinAndroid
Compile TV & Mobile APKs	Build Android TV & Mobile APKs	2026-09-06T05:30:53.5564242Z > Task :tvApp:mergeExtDexDebug
Compile TV & Mobile APKs	Build Android TV & Mobile APKs	2026-09-06T05:31:46.7596027Z > Task :tvApp:stripDebugDebugSymbols NO-SOURCE
Compile TV & Mobile APKs	Build Android TV & Mobile APKs	2026-09-06T05:31:46.7631257Z > Task :tvApp:validateSigningDebug
Compile TV & Mobile APKs	Build Android TV & Mobile APKs	2026-09-06T05:31:46.7660439Z > Task :tvApp:writeDebugAppMetadata
Compile TV & Mobile APKs	Build Android TV & Mobile APKs	2026-09-06T05:31:46.8571749Z > Task :tvApp:writeDebugSigningConfigVersions
Compile TV & Mobile APKs	Build Android TV & Mobile APKs	2026-09-06T05:31:46.8650870Z > Task :androidApp:preBuild UP-TO-DATE
Compile TV & Mobile APKs	Build Android TV & Mobile APKs	2026-09-06T05:31:46.8700843Z > Task :androidApp:preDebugBuild UP-TO-DATE
Compile TV & Mobile APKs	Build Android TV & Mobile APKs	2026-09-06T05:31:46.8730603Z > Task :androidApp:mergeDebugNativeDebugMetadata NO-SOURCE
Compile TV & Mobile APKs	Build Android TV & Mobile APKs	2026-09-06T05:31:46.8851216Z > Task :androidApp:checkKotlinGradlePluginConfigurationErrors
Compile TV & Mobile APKs	Build Android TV & Mobile APKs	2026-09-06T05:31:46.8881619Z > Task :androidApp:generateDebugBuildConfig
Compile TV & Mobile APKs	Build Android TV & Mobile APKs	2026-09-06T05:31:51.4564886Z > Task :androidApp:generateDebugResValues
Compile TV & Mobile APKs	Build Android TV & Mobile APKs	2026-09-06T05:31:51.4570922Z > Task :androidApp:checkDebugAarMetadata
Compile TV & Mobile APKs	Build Android TV & Mobile APKs	2026-09-06T05:31:51.5564689Z > Task :androidApp:mapDebugSourceSetPaths
Compile TV & Mobile APKs	Build Android TV & Mobile APKs	2026-09-06T05:31:51.5651277Z > Task :androidApp:generateDebugResources
Compile TV & Mobile APKs	Build Android TV & Mobile APKs	2026-09-06T05:31:54.7628423Z > Task :androidApp:packageDebugResources
Compile TV & Mobile APKs	Build Android TV & Mobile APKs	2026-09-06T05:31:56.3569628Z > Task :androidApp:parseDebugLocalResources
Compile TV & Mobile APKs	Build Android TV & Mobile APKs	2026-09-06T05:31:56.3581320Z > Task :androidApp:createDebugCompatibleScreenManifests
Compile TV & Mobile APKs	Build Android TV & Mobile APKs	2026-09-06T05:31:56.3600440Z > Task :androidApp:extractDeepLinksDebug
Compile TV & Mobile APKs	Build Android TV & Mobile APKs	2026-09-06T05:31:56.6621426Z > Task :androidApp:mergeDebugResources
Compile TV & Mobile APKs	Build Android TV & Mobile APKs	2026-09-06T05:31:56.9563840Z > Task :androidApp:processDebugMainManifest
Compile TV & Mobile APKs	Build Android TV & Mobile APKs	2026-09-06T05:31:56.9590834Z > Task :androidApp:processDebugManifest
Compile TV & Mobile APKs	Build Android TV & Mobile APKs	2026-09-06T05:31:57.0578353Z > Task :androidApp:processDebugManifestForPackage
Compile TV & Mobile APKs	Build Android TV & Mobile APKs	2026-09-06T05:32:04.3564303Z > Task :androidApp:javaPreCompileDebug
Compile TV & Mobile APKs	Build Android TV & Mobile APKs	2026-09-06T05:32:04.3590658Z > Task :androidApp:mergeDebugShaders
Compile TV & Mobile APKs	Build Android TV & Mobile APKs	2026-09-06T05:32:04.3620625Z > Task :androidApp:processDebugResources
Compile TV & Mobile APKs	Build Android TV & Mobile APKs	2026-09-06T05:32:04.3650482Z > Task :androidApp:compileDebugShaders NO-SOURCE
Compile TV & Mobile APKs	Build Android TV & Mobile APKs	2026-09-06T05:32:04.3651390Z > Task :androidApp:generateDebugAssets UP-TO-DATE
Compile TV & Mobile APKs	Build Android TV & Mobile APKs	2026-09-06T05:32:04.4602712Z > Task :androidApp:mergeDebugAssets
Compile TV & Mobile APKs	Build Android TV & Mobile APKs	2026-09-06T05:32:04.4660975Z > Task :androidApp:compressDebugAssets
Compile TV & Mobile APKs	Build Android TV & Mobile APKs	2026-09-06T05:32:04.4724876Z > Task :androidApp:desugarDebugFileDependencies
Compile TV & Mobile APKs	Build Android TV & Mobile APKs	2026-09-06T05:32:05.0620923Z > Task :androidApp:mergeDebugStartupProfile
Compile TV & Mobile APKs	Build Android TV & Mobile APKs	2026-09-06T05:32:05.0677009Z > Task :androidApp:mergeDebugJniLibFolders
Compile TV & Mobile APKs	Build Android TV & Mobile APKs	2026-09-06T05:32:05.1601155Z > Task :androidApp:checkDebugDuplicateClasses
Compile TV & Mobile APKs	Build Android TV & Mobile APKs	2026-09-06T05:32:05.1630664Z > Task :androidApp:mergeDebugNativeLibs NO-SOURCE
Compile TV & Mobile APKs	Build Android TV & Mobile APKs	2026-09-06T05:32:13.3611709Z > Task :androidApp:stripDebugDebugSymbols NO-SOURCE
Compile TV & Mobile APKs	Build Android TV & Mobile APKs	2026-09-06T05:32:13.3613384Z > Task :androidApp:validateSigningDebug
Compile TV & Mobile APKs	Build Android TV & Mobile APKs	2026-09-06T05:32:13.3641522Z > Task :androidApp:writeDebugAppMetadata
Compile TV & Mobile APKs	Build Android TV & Mobile APKs	2026-09-06T05:32:13.3670571Z > Task :androidApp:writeDebugSigningConfigVersions
Compile TV & Mobile APKs	Build Android TV & Mobile APKs	2026-09-06T05:32:14.7606920Z > Task :shared:compileDebugKotlinAndroid
Compile TV & Mobile APKs	Build Android TV & Mobile APKs	2026-09-06T05:32:25.1590963Z > Task :androidApp:mergeExtDexDebug
Compile TV & Mobile APKs	Build Android TV & Mobile APKs	2026-09-06T05:32:25.7564957Z > Task :shared:compileDebugJavaWithJavac
Compile TV & Mobile APKs	Build Android TV & Mobile APKs	2026-09-06T05:32:25.7590568Z > Task :shared:bundleLibCompileToJarDebug
Compile TV & Mobile APKs	Build Android TV & Mobile APKs	2026-09-06T05:32:25.7620414Z > Task :shared:bundleLibRuntimeToJarDebug
Compile TV & Mobile APKs	Build Android TV & Mobile APKs	2026-09-06T05:32:25.8571029Z > Task :shared:processDebugJavaRes
Compile TV & Mobile APKs	Build Android TV & Mobile APKs	2026-09-06T05:32:31.0570829Z > Task :shared:bundleLibRuntimeToDirDebug
Compile TV & Mobile APKs	Build Android TV & Mobile APKs	2026-09-06T05:32:33.1564043Z > Task :tvApp:mergeLibDexDebug
Compile TV & Mobile APKs	Build Android TV & Mobile APKs	2026-09-06T05:32:33.1564635Z > Task :androidApp:mergeLibDexDebug
Compile TV & Mobile APKs	Build Android TV & Mobile APKs	2026-09-06T05:32:35.5625452Z > Task :androidApp:compileDebugKotlin
Compile TV & Mobile APKs	Build Android TV & Mobile APKs	2026-09-06T05:32:43.5591191Z > Task :androidApp:compileDebugJavaWithJavac
Compile TV & Mobile APKs	Build Android TV & Mobile APKs	2026-09-06T05:32:43.8582409Z > Task :androidApp:dexBuilderDebug
Compile TV & Mobile APKs	Build Android TV & Mobile APKs	2026-09-06T05:32:44.1630786Z > Task :androidApp:processDebugJavaRes
Compile TV & Mobile APKs	Build Android TV & Mobile APKs	2026-09-06T05:32:44.1690926Z > Task :androidApp:mergeDebugGlobalSynthetics
Compile TV & Mobile APKs	Build Android TV & Mobile APKs	2026-09-06T05:32:45.0580143Z 
Compile TV & Mobile APKs	Build Android TV & Mobile APKs	2026-09-06T05:32:45.0610823Z > Task :tvApp:kspDebugKotlin
Compile TV & Mobile APKs	Build Android TV & Mobile APKs	2026-09-06T05:32:45.0640877Z w: Class androidx.media3.common.util.UnstableApi is not an opt-in requirement marker
Compile TV & Mobile APKs	Build Android TV & Mobile APKs	2026-09-06T05:32:46.1569491Z 
Compile TV & Mobile APKs	Build Android TV & Mobile APKs	2026-09-06T05:32:46.1585089Z > Task :androidApp:mergeProjectDexDebug
Compile TV & Mobile APKs	Build Android TV & Mobile APKs	2026-09-06T05:32:47.5580808Z > Task :androidApp:mergeDebugJavaResource
Compile TV & Mobile APKs	Build Android TV & Mobile APKs	2026-09-06T05:32:48.6564550Z > Task :androidApp:packageDebug
Compile TV & Mobile APKs	Build Android TV & Mobile APKs	2026-09-06T05:32:48.6610943Z > Task :androidApp:createDebugApkListingFileRedirect
Compile TV & Mobile APKs	Build Android TV & Mobile APKs	2026-09-06T05:32:48.6620895Z > Task :androidApp:assembleDebug
Compile TV & Mobile APKs	Build Android TV & Mobile APKs	2026-09-06T05:33:15.8564531Z > Task :tvApp:compileDebugKotlin
Compile TV & Mobile APKs	Build Android TV & Mobile APKs	2026-09-06T05:33:47.5649288Z e: file:///home/runner/work/tvmime/tvmime/tvApp/src/main/java/com/streamvault/domain/manager/BackupManager.kt:456:11 Redeclaration: BackupManager
Compile TV & Mobile APKs	Build Android TV & Mobile APKs	2026-09-06T05:33:47.5801917Z e: file:///home/runner/work/tvmime/tvmime/tvApp/src/main/java/com/streamvault/domain/manager/BackupManager.kt:503:11 Redeclaration: BackupRestoreStatusStore
Compile TV & Mobile APKs	Build Android TV & Mobile APKs	2026-09-06T05:33:47.5804022Z e: file:///home/runner/work/tvmime/tvmime/tvApp/src/main/java/com/streamvault/domain/manager/DriveBackupSyncManager.kt:19:11 Redeclaration: DriveBackupSyncManager
Compile TV & Mobile APKs	Build Android TV & Mobile APKs	2026-09-06T05:33:47.5866030Z e: file:///home/runner/work/tvmime/tvmime/tvApp/src/main/java/com/streamvault/domain/manager/ParentalControlManager.kt:12:7 Redeclaration: ParentalControlManager
Compile TV & Mobile APKs	Build Android TV & Mobile APKs	2026-09-06T05:33:47.5891862Z e: file:///home/runner/work/tvmime/tvmime/tvApp/src/main/java/com/streamvault/domain/manager/RecordingManager.kt:13:11 Redeclaration: RecordingManager
Compile TV & Mobile APKs	Build Android TV & Mobile APKs	2026-09-06T05:33:47.5921424Z e: file:///home/runner/work/tvmime/tvmime/tvApp/src/main/java/com/streamvault/domain/manager/Stubs.kt:1:47 Redeclaration: BackupManager
Compile TV & Mobile APKs	Build Android TV & Mobile APKs	2026-09-06T05:33:47.5962880Z e: file:///home/runner/work/tvmime/tvmime/tvApp/src/main/java/com/streamvault/domain/manager/Stubs.kt:1:103 Redeclaration: BackupRestoreStatusStore
Compile TV & Mobile APKs	Build Android TV & Mobile APKs	2026-09-06T05:33:47.5971264Z e: file:///home/runner/work/tvmime/tvmime/tvApp/src/main/java/com/streamvault/domain/manager/Stubs.kt:1:170 Redeclaration: DriveBackupSyncManager
Compile TV & Mobile APKs	Build Android TV & Mobile APKs	2026-09-06T05:33:47.6001127Z e: file:///home/runner/work/tvmime/tvmime/tvApp/src/main/java/com/streamvault/domain/manager/Stubs.kt:1:235 Redeclaration: RecordingManager
Compile TV & Mobile APKs	Build Android TV & Mobile APKs	2026-09-06T05:33:47.6010820Z e: file:///home/runner/work/tvmime/tvmime/tvApp/src/main/java/com/streamvault/domain/manager/Stubs.kt:1:294 Redeclaration: ParentalControlManager
Compile TV & Mobile APKs	Build Android TV & Mobile APKs	2026-09-06T05:33:47.6031170Z e: file:///home/runner/work/tvmime/tvmime/tvApp/src/main/java/com/streamvault/domain/usecase/ExportBackup.kt:7:12 Redeclaration: ExportBackupCommand
Compile TV & Mobile APKs	Build Android TV & Mobile APKs	2026-09-06T05:33:47.6061151Z e: file:///home/runner/work/tvmime/tvmime/tvApp/src/main/java/com/streamvault/domain/usecase/ExportBackup.kt:11:14 Redeclaration: ExportBackupResult
Compile TV & Mobile APKs	Build Android TV & Mobile APKs	2026-09-06T05:33:47.6091176Z e: file:///home/runner/work/tvmime/tvmime/tvApp/src/main/java/com/streamvault/domain/usecase/ExportBackup.kt:16:7 Redeclaration: ExportBackup
Compile TV & Mobile APKs	Build Android TV & Mobile APKs	2026-09-06T05:33:47.6121057Z e: file:///home/runner/work/tvmime/tvmime/tvApp/src/main/java/com/streamvault/domain/usecase/GetCustomCategories.kt:21:7 Redeclaration: GetCustomCategories
Compile TV & Mobile APKs	Build Android TV & Mobile APKs	2026-09-06T05:33:47.6123082Z e: file:///home/runner/work/tvmime/tvmime/tvApp/src/main/java/com/streamvault/domain/usecase/ImportBackup.kt:11:12 Redeclaration: InspectBackupCommand
Compile TV & Mobile APKs	Build Android TV & Mobile APKs	2026-09-06T05:33:47.6151079Z e: file:///home/runner/work/tvmime/tvmime/tvApp/src/main/java/com/streamvault/domain/usecase/ImportBackup.kt:15:12 Redeclaration: ImportBackupCommand
Compile TV & Mobile APKs	Build Android TV & Mobile APKs	2026-09-06T05:33:47.6181186Z e: file:///home/runner/work/tvmime/tvmime/tvApp/src/main/java/com/streamvault/domain/usecase/ImportBackup.kt:20:14 Redeclaration: InspectBackupResult
Compile TV & Mobile APKs	Build Android TV & Mobile APKs	2026-09-06T05:33:47.6211171Z e: file:///home/runner/work/tvmime/tvmime/tvApp/src/main/java/com/streamvault/domain/usecase/ImportBackup.kt:30:14 Redeclaration: ImportBackupResult
Compile TV & Mobile APKs	Build Android TV & Mobile APKs	2026-09-06T05:33:47.6240986Z e: file:///home/runner/work/tvmime/tvmime/tvApp/src/main/java/com/streamvault/domain/usecase/ImportBackup.kt:63:7 Redeclaration: ImportBackup
Compile TV & Mobile APKs	Build Android TV & Mobile APKs	2026-09-06T05:33:47.6242778Z e: file:///home/runner/work/tvmime/tvmime/tvApp/src/main/java/com/streamvault/domain/usecase/ScheduleRecording.kt:24:7 Redeclaration: ScheduleRecording
Compile TV & Mobile APKs	Build Android TV & Mobile APKs	2026-09-06T05:33:47.6271268Z e: file:///home/runner/work/tvmime/tvmime/tvApp/src/main/java/com/streamvault/domain/usecase/Stubs.kt:3:7 Redeclaration: ValidateAndAddProvider
Compile TV & Mobile APKs	Build Android TV & Mobile APKs	2026-09-06T05:33:47.6291588Z e: file:///home/runner/work/tvmime/tvmime/tvApp/src/main/java/com/streamvault/domain/usecase/Stubs.kt:4:7 Redeclaration: ImportBackup
Compile TV & Mobile APKs	Build Android TV & Mobile APKs	2026-09-06T05:33:47.6324546Z e: file:///home/runner/work/tvmime/tvmime/tvApp/src/main/java/com/streamvault/domain/usecase/Stubs.kt:5:7 Redeclaration: ExportBackup
Compile TV & Mobile APKs	Build Android TV & Mobile APKs	2026-09-06T05:33:47.6331036Z e: file:///home/runner/work/tvmime/tvmime/tvApp/src/main/java/com/streamvault/domain/usecase/Stubs.kt:6:7 Redeclaration: SyncProvider
Compile TV & Mobile APKs	Build Android TV & Mobile APKs	2026-09-06T05:33:47.6361217Z e: file:///home/runner/work/tvmime/tvmime/tvApp/src/main/java/com/streamvault/domain/usecase/Stubs.kt:7:7 Redeclaration: GetCustomCategories
Compile TV & Mobile APKs	Build Android TV & Mobile APKs	2026-09-06T05:33:47.6391244Z e: file:///home/runner/work/tvmime/tvmime/tvApp/src/main/java/com/streamvault/domain/usecase/Stubs.kt:8:7 Redeclaration: ExportBackupCommand
Compile TV & Mobile APKs	Build Android TV & Mobile APKs	2026-09-06T05:33:47.6410989Z e: file:///home/runner/work/tvmime/tvmime/tvApp/src/main/java/com/streamvault/domain/usecase/Stubs.kt:9:7 Redeclaration: ExportBackupResult
Compile TV & Mobile APKs	Build Android TV & Mobile APKs	2026-09-06T05:33:47.6421064Z e: file:///home/runner/work/tvmime/tvmime/tvApp/src/main/java/com/streamvault/domain/usecase/Stubs.kt:10:7 Redeclaration: ImportBackupCommand
Compile TV & Mobile APKs	Build Android TV & Mobile APKs	2026-09-06T05:33:47.6451409Z e: file:///home/runner/work/tvmime/tvmime/tvApp/src/main/java/com/streamvault/domain/usecase/Stubs.kt:11:7 Redeclaration: ImportBackupResult
Compile TV & Mobile APKs	Build Android TV & Mobile APKs	2026-09-06T05:33:47.6481360Z e: file:///home/runner/work/tvmime/tvmime/tvApp/src/main/java/com/streamvault/domain/usecase/Stubs.kt:12:7 Redeclaration: InspectBackupCommand
Compile TV & Mobile APKs	Build Android TV & Mobile APKs	2026-09-06T05:33:47.6501041Z e: file:///home/runner/work/tvmime/tvmime/tvApp/src/main/java/com/streamvault/domain/usecase/Stubs.kt:13:7 Redeclaration: InspectBackupResult
Compile TV & Mobile APKs	Build Android TV & Mobile APKs	2026-09-06T05:33:47.6511035Z e: file:///home/runner/work/tvmime/tvmime/tvApp/src/main/java/com/streamvault/domain/usecase/Stubs.kt:14:7 Redeclaration: SyncProviderCommand
Compile TV & Mobile APKs	Build Android TV & Mobile APKs	2026-09-06T05:33:47.6551090Z e: file:///home/runner/work/tvmime/tvmime/tvApp/src/main/java/com/streamvault/domain/usecase/Stubs.kt:15:7 Redeclaration: SyncProviderResult
Compile TV & Mobile APKs	Build Android TV & Mobile APKs	2026-09-06T05:33:47.6571123Z e: file:///home/runner/work/tvmime/tvmime/tvApp/src/main/java/com/streamvault/domain/usecase/Stubs.kt:16:7 Redeclaration: UnlockParentalCategory
Compile TV & Mobile APKs	Build Android TV & Mobile APKs	2026-09-06T05:33:47.6600988Z e: file:///home/runner/work/tvmime/tvmime/tvApp/src/main/java/com/streamvault/domain/usecase/Stubs.kt:17:7 Redeclaration: ScheduleRecording
Compile TV & Mobile APKs	Build Android TV & Mobile APKs	2026-09-06T05:33:47.6610951Z e: file:///home/runner/work/tvmime/tvmime/tvApp/src/main/java/com/streamvault/domain/usecase/Stubs.kt:18:7 Redeclaration: UnlockParentalCategoryCommand
Compile TV & Mobile APKs	Build Android TV & Mobile APKs	2026-09-06T05:33:47.6612735Z e: file:///home/runner/work/tvmime/tvmime/tvApp/src/main/java/com/streamvault/domain/usecase/SyncProvider.kt:12:12 Redeclaration: SyncProviderCommand
Compile TV & Mobile APKs	Build Android TV & Mobile APKs	2026-09-06T05:33:47.6614411Z e: file:///home/runner/work/tvmime/tvmime/tvApp/src/main/java/com/streamvault/domain/usecase/SyncProvider.kt:19:14 Redeclaration: SyncProviderResult
Compile TV & Mobile APKs	Build Android TV & Mobile APKs	2026-09-06T05:33:47.6616037Z e: file:///home/runner/work/tvmime/tvmime/tvApp/src/main/java/com/streamvault/domain/usecase/SyncProvider.kt:31:7 Redeclaration: SyncProvider
Compile TV & Mobile APKs	Build Android TV & Mobile APKs	2026-09-06T05:33:47.6617726Z e: file:///home/runner/work/tvmime/tvmime/tvApp/src/main/java/com/streamvault/domain/usecase/SyncProvider.kt:39:21 Unresolved reference: providerId
Compile TV & Mobile APKs	Build Android TV & Mobile APKs	2026-09-06T05:33:47.6619317Z e: file:///home/runner/work/tvmime/tvmime/tvApp/src/main/java/com/streamvault/domain/usecase/SyncProvider.kt:40:39 Unresolved reference: Error
Compile TV & Mobile APKs	Build Android TV & Mobile APKs	2026-09-06T05:33:47.6650989Z e: file:///home/runner/work/tvmime/tvmime/tvApp/src/main/java/com/streamvault/domain/usecase/SyncProvider.kt:45:38 Unresolved reference: providerId
Compile TV & Mobile APKs	Build Android TV & Mobile APKs	2026-09-06T05:33:47.6660931Z e: file:///home/runner/work/tvmime/tvmime/tvApp/src/main/java/com/streamvault/domain/usecase/SyncProvider.kt:46:33 Unresolved reference: force
Compile TV & Mobile APKs	Build Android TV & Mobile APKs	2026-09-06T05:33:47.6691198Z e: file:///home/runner/work/tvmime/tvmime/tvApp/src/main/java/com/streamvault/domain/usecase/SyncProvider.kt:47:49 Unresolved reference: movieFastSyncOverride
Compile TV & Mobile APKs	Build Android TV & Mobile APKs	2026-09-06T05:33:47.6693222Z e: file:///home/runner/work/tvmime/tvmime/tvApp/src/main/java/com/streamvault/domain/usecase/SyncProvider.kt:48:47 Unresolved reference: epgSyncModeOverride
Compile TV & Mobile APKs	Build Android TV & Mobile APKs	2026-09-06T05:33:47.6695125Z e: file:///home/runner/work/tvmime/tvmime/tvApp/src/main/java/com/streamvault/domain/usecase/SyncProvider.kt:53:71 Unresolved reference: providerId
Compile TV & Mobile APKs	Build Android TV & Mobile APKs	2026-09-06T05:33:47.6696881Z e: file:///home/runner/work/tvmime/tvmime/tvApp/src/main/java/com/streamvault/domain/usecase/SyncProvider.kt:54:50 Unresolved reference: Error
Compile TV & Mobile APKs	Build Android TV & Mobile APKs	2026-09-06T05:33:47.6698596Z e: file:///home/runner/work/tvmime/tvmime/tvApp/src/main/java/com/streamvault/domain/usecase/SyncProvider.kt:55:82 Unresolved reference: providerId
Compile TV & Mobile APKs	Build Android TV & Mobile APKs	2026-09-06T05:33:47.6700488Z e: file:///home/runner/work/tvmime/tvmime/tvApp/src/main/java/com/streamvault/domain/usecase/SyncProvider.kt:58:36 Unresolved reference: Success
Compile TV & Mobile APKs	Build Android TV & Mobile APKs	2026-09-06T05:33:47.6702236Z e: file:///home/runner/work/tvmime/tvmime/tvApp/src/main/java/com/streamvault/domain/usecase/SyncProvider.kt:61:51 Unresolved reference: Error
Compile TV & Mobile APKs	Build Android TV & Mobile APKs	2026-09-06T05:33:47.6703902Z e: file:///home/runner/work/tvmime/tvmime/tvApp/src/main/java/com/streamvault/domain/usecase/SyncProvider.kt:62:53 Unresolved reference: Error
Compile TV & Mobile APKs	Build Android TV & Mobile APKs	2026-09-06T05:33:47.6705740Z e: file:///home/runner/work/tvmime/tvmime/tvApp/src/main/java/com/streamvault/domain/usecase/UnlockParentalCategory.kt:8:12 Redeclaration: UnlockParentalCategoryCommand
Compile TV & Mobile APKs	Build Android TV & Mobile APKs	2026-09-06T05:33:47.6732974Z e: file:///home/runner/work/tvmime/tvmime/tvApp/src/main/java/com/streamvault/domain/usecase/UnlockParentalCategory.kt:14:7 Redeclaration: UnlockParentalCategory
Compile TV & Mobile APKs	Build Android TV & Mobile APKs	2026-09-06T05:33:47.6734900Z e: file:///home/runner/work/tvmime/tvmime/tvApp/src/main/java/com/streamvault/domain/usecase/UnlockParentalCategory.kt:19:21 Unresolved reference: providerId
Compile TV & Mobile APKs	Build Android TV & Mobile APKs	2026-09-06T05:33:47.6736758Z e: file:///home/runner/work/tvmime/tvmime/tvApp/src/main/java/com/streamvault/domain/usecase/UnlockParentalCategory.kt:19:49 Unresolved reference: categoryId
Compile TV & Mobile APKs	Build Android TV & Mobile APKs	2026-09-06T05:33:47.6738617Z e: file:///home/runner/work/tvmime/tvmime/tvApp/src/main/java/com/streamvault/domain/usecase/UnlockParentalCategory.kt:22:21 Unresolved reference: pin
Compile TV & Mobile APKs	Build Android TV & Mobile APKs	2026-09-06T05:33:47.6770787Z e: file:///home/runner/work/tvmime/tvmime/tvApp/src/main/java/com/streamvault/domain/usecase/UnlockParentalCategory.kt:25:70 Unresolved reference: pin
Compile TV & Mobile APKs	Build Android TV & Mobile APKs	2026-09-06T05:33:47.6773181Z e: file:///home/runner/work/tvmime/tvmime/tvApp/src/main/java/com/streamvault/domain/usecase/UnlockParentalCategory.kt:29:55 Unresolved reference: providerId
Compile TV & Mobile APKs	Build Android TV & Mobile APKs	2026-09-06T05:33:47.6775112Z e: file:///home/runner/work/tvmime/tvmime/tvApp/src/main/java/com/streamvault/domain/usecase/UnlockParentalCategory.kt:29:75 Unresolved reference: categoryId
Compile TV & Mobile APKs	Build Android TV & Mobile APKs	2026-09-06T05:33:47.6777042Z e: file:///home/runner/work/tvmime/tvmime/tvApp/src/main/java/com/streamvault/domain/usecase/ValidateAndAddProvider.kt:114:7 Redeclaration: ValidateAndAddProvider
Compile TV & Mobile APKs	Build Android TV & Mobile APKs	2026-09-06T05:33:47.6781009Z e: file:///home/runner/work/tvmime/tvmime/tvApp/src/main/java/com/streamvault/domain/usecase/ValidateAndAddProvider.kt:252:83 Cannot access 'com.streamvault.domain.usecase.ValidateAndAddProvider.ParsedXtreamPlaylistUrlResult' which is a supertype of 'com.streamvault.domain.usecase.ValidateAndAddProvider.ParsedXtreamPlaylistUrlResult.ValidationError'. Check your module classpath for missing or conflicting dependencies
Compile TV & Mobile APKs	Build Android TV & Mobile APKs	2026-09-06T05:33:47.6786628Z e: file:///home/runner/work/tvmime/tvmime/tvApp/src/main/java/com/streamvault/domain/usecase/ValidateAndAddProvider.kt:259:62 Cannot access 'com.streamvault.domain.usecase.ValidateAndAddProvider.ParsedXtreamPlaylistUrlResult' which is a supertype of 'com.streamvault.domain.usecase.ValidateAndAddProvider.ParsedXtreamPlaylistUrlResult.Success'. Check your module classpath for missing or conflicting dependencies
Compile TV & Mobile APKs	Build Android TV & Mobile APKs	2026-09-06T05:33:47.6792067Z e: file:///home/runner/work/tvmime/tvmime/tvApp/src/main/java/com/streamvault/domain/usecase/ValidateAndAddProvider.kt:260:61 Cannot access 'com.streamvault.domain.usecase.ValidateAndAddProvider.ParsedXtreamPlaylistUrlResult' which is a supertype of 'com.streamvault.domain.usecase.ValidateAndAddProvider.ParsedXtreamPlaylistUrlResult.Success'. Check your module classpath for missing or conflicting dependencies
Compile TV & Mobile APKs	Build Android TV & Mobile APKs	2026-09-06T05:33:47.6797310Z e: file:///home/runner/work/tvmime/tvmime/tvApp/src/main/java/com/streamvault/domain/usecase/ValidateAndAddProvider.kt:261:61 Cannot access 'com.streamvault.domain.usecase.ValidateAndAddProvider.ParsedXtreamPlaylistUrlResult' which is a supertype of 'com.streamvault.domain.usecase.ValidateAndAddProvider.ParsedXtreamPlaylistUrlResult.Success'. Check your module classpath for missing or conflicting dependencies
Compile TV & Mobile APKs	Build Android TV & Mobile APKs	2026-09-06T05:33:47.6833348Z e: file:///home/runner/work/tvmime/tvmime/tvApp/src/main/java/com/streamvault/domain/usecase/ValidateAndAddProvider.kt:461:14 Cannot access 'com.streamvault.domain.usecase.ValidateAndAddProvider.ParsedXtreamPlaylistUrlResult' which is a supertype of 'com.streamvault.domain.usecase.ValidateAndAddProvider.ParsedXtreamPlaylistUrlResult.NotXtreamPlaylist'. Check your module classpath for missing or conflicting dependencies
Compile TV & Mobile APKs	Build Android TV & Mobile APKs	2026-09-06T05:33:47.6838978Z e: file:///home/runner/work/tvmime/tvmime/tvApp/src/main/java/com/streamvault/domain/usecase/ValidateAndAddProvider.kt:462:9 Cannot access 'com.streamvault.domain.usecase.ValidateAndAddProvider.ParsedXtreamPlaylistUrlResult' which is a supertype of 'com.streamvault.domain.usecase.ValidateAndAddProvider.ParsedXtreamPlaylistUrlResult.ValidationError'. Check your module classpath for missing or conflicting dependencies
Compile TV & Mobile APKs	Build Android TV & Mobile APKs	2026-09-06T05:33:47.6844780Z e: file:///home/runner/work/tvmime/tvmime/tvApp/src/main/java/com/streamvault/domain/usecase/ValidateAndAddProvider.kt:463:9 Cannot access 'com.streamvault.domain.usecase.ValidateAndAddProvider.ParsedXtreamPlaylistUrlResult' which is a supertype of 'com.streamvault.domain.usecase.ValidateAndAddProvider.ParsedXtreamPlaylistUrlResult.Success'. Check your module classpath for missing or conflicting dependencies
Compile TV & Mobile APKs	Build Android TV & Mobile APKs	2026-09-06T05:33:47.6848401Z e: file:///home/runner/work/tvmime/tvmime/tvApp/src/main/java/com/streamvault/player/player/Media3PlayerEngine.kt:24:34 Unresolved reference: ScrubbingModeParameters
Compile TV & Mobile APKs	Build Android TV & Mobile APKs	2026-09-06T05:33:47.6850459Z e: file:///home/runner/work/tvmime/tvmime/tvApp/src/main/java/com/streamvault/player/player/Media3PlayerEngine.kt:800:20 Unresolved reference: setScrubbingModeEnabled
Compile TV & Mobile APKs	Build Android TV & Mobile APKs	2026-09-06T05:33:47.6852705Z e: file:///home/runner/work/tvmime/tvmime/tvApp/src/main/java/com/streamvault/player/player/Media3PlayerEngine.kt:802:20 Unresolved reference: setScrubbingModeEnabled
Compile TV & Mobile APKs	Build Android TV & Mobile APKs	2026-09-06T05:33:47.6854746Z e: file:///home/runner/work/tvmime/tvmime/tvApp/src/main/java/com/streamvault/player/player/Media3PlayerEngine.kt:803:20 Unresolved reference: setScrubbingModeParameters
Compile TV & Mobile APKs	Build Android TV & Mobile APKs	2026-09-06T05:33:47.6856761Z e: file:///home/runner/work/tvmime/tvmime/tvApp/src/main/java/com/streamvault/player/player/Media3PlayerEngine.kt:803:47 Unresolved reference: ScrubbingModeParameters
Compile TV & Mobile APKs	Build Android TV & Mobile APKs	2026-09-06T05:33:47.6858959Z e: file:///home/runner/work/tvmime/tvmime/tvApp/src/main/java/com/streamvault/player/player/playback/PlaybackBufferPolicies.kt:252:13 'when' expression must be exhaustive, add necessary 'else' branch
Compile TV & Mobile APKs	Build Android TV & Mobile APKs	2026-09-06T05:33:47.6891594Z e: file:///home/runner/work/tvmime/tvmime/tvApp/src/main/java/com/streamvault/player/player/ui/PlayerViewBinder.kt:105:51 Unresolved reference: layout
Compile TV & Mobile APKs	Build Android TV & Mobile APKs	2026-09-06T05:33:47.6893818Z e: file:///home/runner/work/tvmime/tvmime/tvApp/src/main/java/com/streamvault/player/player/ui/PlayerViewBinder.kt:107:51 Unresolved reference: layout
Compile TV & Mobile APKs	Build Android TV & Mobile APKs	2026-09-06T05:33:47.6895714Z e: file:///home/runner/work/tvmime/tvmime/tvApp/src/main/java/com/tvmime/tv/di/MockDomainModule.kt:90:45 Unresolved reference: map
Compile TV & Mobile APKs	Build Android TV & Mobile APKs	2026-09-06T05:33:47.6897771Z e: file:///home/runner/work/tvmime/tvmime/tvApp/src/main/java/com/tvmime/tv/di/MockDomainModule.kt:90:120 Cannot infer a type for this parameter. Please specify it explicitly.
Compile TV & Mobile APKs	Build Android TV & Mobile APKs	2026-09-06T05:33:47.6900065Z e: file:///home/runner/work/tvmime/tvmime/tvApp/src/main/java/com/tvmime/tv/di/MockDomainModule.kt:91:40 Cannot infer a type for this parameter. Please specify it explicitly.
Compile TV & Mobile APKs	Build Android TV & Mobile APKs	2026-09-06T05:33:47.6901965Z e: file:///home/runner/work/tvmime/tvmime/tvApp/src/main/java/com/tvmime/tv/di/MockDomainModule.kt:114:45 Unresolved reference: map
Compile TV & Mobile APKs	Build Android TV & Mobile APKs	2026-09-06T05:33:47.6903980Z e: file:///home/runner/work/tvmime/tvmime/tvApp/src/main/java/com/tvmime/tv/di/MockDomainModule.kt:114:126 Cannot infer a type for this parameter. Please specify it explicitly.
Compile TV & Mobile APKs	Build Android TV & Mobile APKs	2026-09-06T05:33:47.6905943Z e: file:///home/runner/work/tvmime/tvmime/tvApp/src/main/java/com/tvmime/tv/di/MockDomainModule.kt:115:43 Unresolved reference: it
Compile TV & Mobile APKs	Build Android TV & Mobile APKs	2026-09-06T05:33:47.6907983Z e: file:///home/runner/work/tvmime/tvmime/tvApp/src/main/java/com/tvmime/tv/di/MockDomainModule.kt:115:96 Cannot infer a type for this parameter. Please specify it explicitly.
Compile TV & Mobile APKs	Build Android TV & Mobile APKs	2026-09-06T05:33:47.6910182Z e: file:///home/runner/work/tvmime/tvmime/tvApp/src/main/java/com/tvmime/tv/di/MockDomainModule.kt:130:45 Unresolved reference: map
Compile TV & Mobile APKs	Build Android TV & Mobile APKs	2026-09-06T05:33:47.6912068Z e: file:///home/runner/work/tvmime/tvmime/tvApp/src/main/java/com/tvmime/tv/di/MockDomainModule.kt:130:126 Cannot infer a type for this parameter. Please specify it explicitly.
Compile TV & Mobile APKs	Build Android TV & Mobile APKs	2026-09-06T05:33:47.6914317Z e: file:///home/runner/work/tvmime/tvmime/tvApp/src/main/java/com/tvmime/tv/di/MockDomainModule.kt:131:40 Cannot infer a type for this parameter. Please specify it explicitly.
Compile TV & Mobile APKs	Build Android TV & Mobile APKs	2026-09-06T05:33:47.6971312Z e: file:///home/runner/work/tvmime/tvmime/tvApp/src/main/java/com/tvmime/tv/di/MockDomainModule.kt:155:45 Unresolved reference: map
Compile TV & Mobile APKs	Build Android TV & Mobile APKs	2026-09-06T05:33:47.6973191Z e: file:///home/runner/work/tvmime/tvmime/tvApp/src/main/java/com/tvmime/tv/di/MockDomainModule.kt:155:137 Cannot infer a type for this parameter. Please specify it explicitly.
Compile TV & Mobile APKs	Build Android TV & Mobile APKs	2026-09-06T05:33:47.6975109Z e: file:///home/runner/work/tvmime/tvmime/tvApp/src/main/java/com/tvmime/tv/di/MockDomainModule.kt:156:40 Cannot infer a type for this parameter. Please specify it explicitly.
Compile TV & Mobile APKs	Build Android TV & Mobile APKs	2026-09-06T05:33:47.6976725Z e: file:///home/runner/work/tvmime/tvmime/tvApp/src/main/java/com/tvmime/tv/di/MockDomainModule.kt:172:45 Unresolved reference: map
Compile TV & Mobile APKs	Build Android TV & Mobile APKs	2026-09-06T05:33:47.6978308Z e: file:///home/runner/work/tvmime/tvmime/tvApp/src/main/java/com/tvmime/tv/di/MockDomainModule.kt:172:157 Cannot infer a type for this parameter. Please specify it explicitly.
Compile TV & Mobile APKs	Build Android TV & Mobile APKs	2026-09-06T05:33:47.7010609Z e: file:///home/runner/work/tvmime/tvmime/tvApp/src/main/java/com/tvmime/tv/di/MockDomainModule.kt:173:55 Cannot infer a type for this parameter. Please specify it explicitly.
Compile TV & Mobile APKs	Build Android TV & Mobile APKs	2026-09-06T05:33:47.7013720Z e: file:///home/runner/work/tvmime/tvmime/tvApp/src/main/java/com/tvmime/tv/player/TvMimePlayerAdapter.kt:10:1 Class 'TvMimePlayerAdapter' is not abstract and does not implement abstract member public abstract fun seekForward(ms: Long = ...): Unit defined in com.streamvault.player.PlayerEngine
Compile TV & Mobile APKs	Build Android TV & Mobile APKs	2026-09-06T05:33:47.7016856Z e: file:///home/runner/work/tvmime/tvmime/tvApp/src/main/java/com/tvmime/tv/player/TvMimePlayerAdapter.kt:65:18 Type of 'audioFocusDenied' is not a subtype of the overridden property 'public abstract val audioFocusDenied: Flow<Unit> defined in com.streamvault.player.PlayerEngine'
Compile TV & Mobile APKs	Build Android TV & Mobile APKs	2026-09-06T05:33:47.7019093Z e: file:///home/runner/work/tvmime/tvmime/tvApp/src/main/java/com/tvmime/tv/player/TvMimePlayerAdapter.kt:79:5 'selectTrack' overrides nothing
Compile TV & Mobile APKs	Build Android TV & Mobile APKs	2026-09-06T05:33:47.7020747Z e: file:///home/runner/work/tvmime/tvmime/tvApp/src/main/java/com/tvmime/tv/player/TvMimePlayerAdapter.kt:81:5 'clearCache' overrides nothing
Compile TV & Mobile APKs	Build Android TV & Mobile APKs	2026-09-06T05:33:47.7022196Z e: file:///home/runner/work/tvmime/tvmime/tvApp/src/main/java/com/tvmime/tv/player/TvMimePlayerAdapter.kt:83:5 'renderTo' overrides nothing
Compile TV & Mobile APKs	Build Android TV & Mobile APKs	2026-09-06T05:33:47.7023621Z e: file:///home/runner/work/tvmime/tvmime/tvApp/src/main/java/com/tvmime/tv/player/TvMimePlayerAdapter.kt:84:5 'renderTo' overrides nothing
Compile TV & Mobile APKs	Build Android TV & Mobile APKs	2026-09-06T05:33:47.7025222Z e: file:///home/runner/work/tvmime/tvmime/tvApp/src/main/java/com/tvmime/tv/sv_navigation/AppNavigation.kt:16:35 Unresolved reference: dropUnlessResumed
Compile TV & Mobile APKs	Build Android TV & Mobile APKs	2026-09-06T05:33:47.7026873Z e: file:///home/runner/work/tvmime/tvmime/tvApp/src/main/java/com/tvmime/tv/sv_navigation/AppNavigation.kt:31:46 Unresolved reference: MultiViewScreen
Compile TV & Mobile APKs	Build Android TV & Mobile APKs	2026-09-06T05:33:47.7028421Z e: file:///home/runner/work/tvmime/tvmime/tvApp/src/main/java/com/tvmime/tv/sv_navigation/AppNavigation.kt:33:36 Unresolved reference: movies
Compile TV & Mobile APKs	Build Android TV & Mobile APKs	2026-09-06T05:33:47.7030053Z e: file:///home/runner/work/tvmime/tvmime/tvApp/src/main/java/com/tvmime/tv/sv_navigation/AppNavigation.kt:35:36 Unresolved reference: plugins
Compile TV & Mobile APKs	Build Android TV & Mobile APKs	2026-09-06T05:33:47.7031594Z e: file:///home/runner/work/tvmime/tvmime/tvApp/src/main/java/com/tvmime/tv/sv_navigation/AppNavigation.kt:37:36 Unresolved reference: series
Compile TV & Mobile APKs	Build Android TV & Mobile APKs	2026-09-06T05:33:47.7033091Z e: file:///home/runner/work/tvmime/tvmime/tvApp/src/main/java/com/tvmime/tv/sv_navigation/AppNavigation.kt:38:36 Unresolved reference: vod
Compile TV & Mobile APKs	Build Android TV & Mobile APKs	2026-09-06T05:33:47.7034583Z e: file:///home/runner/work/tvmime/tvmime/tvApp/src/main/java/com/tvmime/tv/sv_navigation/AppNavigation.kt:40:36 Unresolved reference: welcome
Compile TV & Mobile APKs	Build Android TV & Mobile APKs	2026-09-06T05:33:47.7036095Z e: file:///home/runner/work/tvmime/tvmime/tvApp/src/main/java/com/tvmime/tv/sv_navigation/AppNavigation.kt:41:36 Unresolved reference: downloads
Compile TV & Mobile APKs	Build Android TV & Mobile APKs	2026-09-06T05:33:47.7037834Z e: file:///home/runner/work/tvmime/tvmime/tvApp/src/main/java/com/tvmime/tv/sv_navigation/AppNavigation.kt:259:32 Cannot access 'lifecycle': it is private in 'NavBackStackEntry'
Compile TV & Mobile APKs	Build Android TV & Mobile APKs	2026-09-06T05:33:47.7070004Z e: file:///home/runner/work/tvmime/tvmime/tvApp/src/main/java/com/tvmime/tv/sv_navigation/AppNavigation.kt:286:32 Cannot access 'lifecycle': it is private in 'NavBackStackEntry'
Compile TV & Mobile APKs	Build Android TV & Mobile APKs	2026-09-06T05:33:47.7072584Z e: file:///home/runner/work/tvmime/tvmime/tvApp/src/main/java/com/tvmime/tv/sv_navigation/AppNavigation.kt:293:32 Cannot access 'lifecycle': it is private in 'NavBackStackEntry'
Compile TV & Mobile APKs	Build Android TV & Mobile APKs	2026-09-06T05:33:47.7074441Z e: file:///home/runner/work/tvmime/tvmime/tvApp/src/main/java/com/tvmime/tv/sv_navigation/AppNavigation.kt:310:32 Cannot access 'lifecycle': it is private in 'NavBackStackEntry'
Compile TV & Mobile APKs	Build Android TV & Mobile APKs	2026-09-06T05:33:47.7076181Z e: file:///home/runner/work/tvmime/tvmime/tvApp/src/main/java/com/tvmime/tv/sv_navigation/AppNavigation.kt:327:32 Cannot access 'lifecycle': it is private in 'NavBackStackEntry'
Compile TV & Mobile APKs	Build Android TV & Mobile APKs	2026-09-06T05:33:47.7077983Z e: file:///home/runner/work/tvmime/tvmime/tvApp/src/main/java/com/tvmime/tv/sv_navigation/AppNavigation.kt:372:14 Unresolved reference: getLastSplitCatalogType
Compile TV & Mobile APKs	Build Android TV & Mobile APKs	2026-09-06T05:33:47.7079995Z e: file:///home/runner/work/tvmime/tvmime/tvApp/src/main/java/com/tvmime/tv/sv_navigation/AppNavigation.kt:428:15 Cannot access 'lifecycle': it is private in 'NavBackStackEntry'
Compile TV & Mobile APKs	Build Android TV & Mobile APKs	2026-09-06T05:33:47.7082139Z e: file:///home/runner/work/tvmime/tvmime/tvApp/src/main/java/com/tvmime/tv/sv_navigation/AppNavigation.kt:436:15 Cannot access 'lifecycle': it is private in 'NavBackStackEntry'
Compile TV & Mobile APKs	Build Android TV & Mobile APKs	2026-09-06T05:33:47.7084130Z e: file:///home/runner/work/tvmime/tvmime/tvApp/src/main/java/com/tvmime/tv/sv_navigation/AppNavigation.kt:476:20 Cannot access 'lifecycle': it is private in 'NavBackStackEntry'
Compile TV & Mobile APKs	Build Android TV & Mobile APKs	2026-09-06T05:33:47.7086254Z e: file:///home/runner/work/tvmime/tvmime/tvApp/src/main/java/com/tvmime/tv/sv_navigation/AppNavigation.kt:486:86 Type mismatch: inferred type is ContentType but String was expected
Compile TV & Mobile APKs	Build Android TV & Mobile APKs	2026-09-06T05:33:47.7088126Z e: file:///home/runner/work/tvmime/tvmime/tvApp/src/main/java/com/tvmime/tv/sv_navigation/AppNavigation.kt:525:13 Unresolved reference: WelcomeScreen
Compile TV & Mobile APKs	Build Android TV & Mobile APKs	2026-09-06T05:33:47.7089510Z e: file:///home/runner/work/tvmime/tvmime/tvApp/src/main/java/com/tvmime/tv/sv_navigation/AppNavigation.kt:526:36 Unresolved reference: dropUnlessResumed
Compile TV & Mobile APKs	Build Android TV & Mobile APKs	2026-09-06T05:33:47.7091350Z e: file:///home/runner/work/tvmime/tvmime/tvApp/src/main/java/com/tvmime/tv/sv_navigation/AppNavigation.kt:530:37 Unresolved reference: dropUnlessResumed
Compile TV & Mobile APKs	Build Android TV & Mobile APKs	2026-09-06T05:33:47.7093165Z e: file:///home/runner/work/tvmime/tvmime/tvApp/src/main/java/com/tvmime/tv/sv_navigation/AppNavigation.kt:552:35 Unresolved reference: dropUnlessResumed
Compile TV & Mobile APKs	Build Android TV & Mobile APKs	2026-09-06T05:33:47.7094937Z e: file:///home/runner/work/tvmime/tvmime/tvApp/src/main/java/com/tvmime/tv/sv_navigation/AppNavigation.kt:562:33 Unresolved reference: dropUnlessResumed
Compile TV & Mobile APKs	Build Android TV & Mobile APKs	2026-09-06T05:33:47.7096661Z e: file:///home/runner/work/tvmime/tvmime/tvApp/src/main/java/com/tvmime/tv/sv_navigation/AppNavigation.kt:674:13 Unresolved reference: MoviesScreen
Compile TV & Mobile APKs	Build Android TV & Mobile APKs	2026-09-06T05:33:47.7098564Z e: file:///home/runner/work/tvmime/tvmime/tvApp/src/main/java/com/tvmime/tv/sv_navigation/AppNavigation.kt:675:34 Cannot infer a type for this parameter. Please specify it explicitly.
Compile TV & Mobile APKs	Build Android TV & Mobile APKs	2026-09-06T05:33:47.7123615Z e: file:///home/runner/work/tvmime/tvmime/tvApp/src/main/java/com/tvmime/tv/sv_navigation/AppNavigation.kt:678:44 Cannot infer a type for this parameter. Please specify it explicitly.
Compile TV & Mobile APKs	Build Android TV & Mobile APKs	2026-09-06T05:33:47.7125731Z e: file:///home/runner/work/tvmime/tvmime/tvApp/src/main/java/com/tvmime/tv/sv_navigation/AppNavigation.kt:683:32 Cannot infer a type for this parameter. Please specify it explicitly.
Compile TV & Mobile APKs	Build Android TV & Mobile APKs	2026-09-06T05:33:47.7127559Z e: file:///home/runner/work/tvmime/tvmime/tvApp/src/main/java/com/tvmime/tv/sv_navigation/AppNavigation.kt:689:13 Unresolved reference: SeriesScreen
Compile TV & Mobile APKs	Build Android TV & Mobile APKs	2026-09-06T05:33:47.7129370Z e: file:///home/runner/work/tvmime/tvmime/tvApp/src/main/java/com/tvmime/tv/sv_navigation/AppNavigation.kt:690:35 Cannot infer a type for this parameter. Please specify it explicitly.
Compile TV & Mobile APKs	Build Android TV & Mobile APKs	2026-09-06T05:33:47.7131450Z e: file:///home/runner/work/tvmime/tvmime/tvApp/src/main/java/com/tvmime/tv/sv_navigation/AppNavigation.kt:693:37 Cannot infer a type for this parameter. Please specify it explicitly.
Compile TV & Mobile APKs	Build Android TV & Mobile APKs	2026-09-06T05:33:47.7133894Z e: file:///home/runner/work/tvmime/tvmime/tvApp/src/main/java/com/tvmime/tv/sv_navigation/AppNavigation.kt:696:32 Cannot infer a type for this parameter. Please specify it explicitly.
Compile TV & Mobile APKs	Build Android TV & Mobile APKs	2026-09-06T05:33:47.7135691Z e: file:///home/runner/work/tvmime/tvmime/tvApp/src/main/java/com/tvmime/tv/sv_navigation/AppNavigation.kt:702:13 Unresolved reference: VodScreen
Compile TV & Mobile APKs	Build Android TV & Mobile APKs	2026-09-06T05:33:47.7137740Z e: file:///home/runner/work/tvmime/tvmime/tvApp/src/main/java/com/tvmime/tv/sv_navigation/AppNavigation.kt:703:34 Cannot infer a type for this parameter. Please specify it explicitly.
Compile TV & Mobile APKs	Build Android TV & Mobile APKs	2026-09-06T05:33:47.7139902Z e: file:///home/runner/work/tvmime/tvmime/tvApp/src/main/java/com/tvmime/tv/sv_navigation/AppNavigation.kt:706:35 Cannot infer a type for this parameter. Please specify it explicitly.
Compile TV & Mobile APKs	Build Android TV & Mobile APKs	2026-09-06T05:33:47.7141880Z e: file:///home/runner/work/tvmime/tvmime/tvApp/src/main/java/com/tvmime/tv/sv_navigation/AppNavigation.kt:709:32 Cannot infer a type for this parameter. Please specify it explicitly.
Compile TV & Mobile APKs	Build Android TV & Mobile APKs	2026-09-06T05:33:47.7143881Z e: file:///home/runner/work/tvmime/tvmime/tvApp/src/main/java/com/tvmime/tv/sv_navigation/AppNavigation.kt:715:13 Unresolved reference: DownloadsScreen
Compile TV & Mobile APKs	Build Android TV & Mobile APKs	2026-09-06T05:33:47.7145524Z e: file:///home/runner/work/tvmime/tvmime/tvApp/src/main/java/com/tvmime/tv/sv_navigation/AppNavigation.kt:716:32 Cannot infer a type for this parameter. Please specify it explicitly.
Compile TV & Mobile APKs	Build Android TV & Mobile APKs	2026-09-06T05:33:47.7147189Z e: file:///home/runner/work/tvmime/tvmime/tvApp/src/main/java/com/tvmime/tv/sv_navigation/AppNavigation.kt:784:33 Unresolved reference: dropUnlessResumed
Compile TV & Mobile APKs	Build Android TV & Mobile APKs	2026-09-06T05:33:47.7148704Z e: file:///home/runner/work/tvmime/tvmime/tvApp/src/main/java/com/tvmime/tv/sv_navigation/AppNavigation.kt:799:13 Unresolved reference: PluginsScreen
Compile TV & Mobile APKs	Build Android TV & Mobile APKs	2026-09-06T05:33:47.7211105Z e: file:///home/runner/work/tvmime/tvmime/tvApp/src/main/java/com/tvmime/tv/sv_navigation/AppNavigation.kt:801:32 Cannot infer a type for this parameter. Please specify it explicitly.
Compile TV & Mobile APKs	Build Android TV & Mobile APKs	2026-09-06T05:33:47.7213200Z e: file:///home/runner/work/tvmime/tvmime/tvApp/src/main/java/com/tvmime/tv/sv_navigation/AppNavigation.kt:824:41 Unresolved reference: search
Compile TV & Mobile APKs	Build Android TV & Mobile APKs	2026-09-06T05:33:47.7214958Z e: file:///home/runner/work/tvmime/tvmime/tvApp/src/main/java/com/tvmime/tv/sv_navigation/AppNavigation.kt:826:36 Cannot infer a type for this parameter. Please specify it explicitly.
Compile TV & Mobile APKs	Build Android TV & Mobile APKs	2026-09-06T05:33:47.7216834Z e: file:///home/runner/work/tvmime/tvmime/tvApp/src/main/java/com/tvmime/tv/sv_navigation/AppNavigation.kt:837:34 Cannot infer a type for this parameter. Please specify it explicitly.
Compile TV & Mobile APKs	Build Android TV & Mobile APKs	2026-09-06T05:33:47.7218730Z e: file:///home/runner/work/tvmime/tvmime/tvApp/src/main/java/com/tvmime/tv/sv_navigation/AppNavigation.kt:843:35 Cannot infer a type for this parameter. Please specify it explicitly.
Compile TV & Mobile APKs	Build Android TV & Mobile APKs	2026-09-06T05:33:47.7220671Z e: file:///home/runner/work/tvmime/tvmime/tvApp/src/main/java/com/tvmime/tv/sv_navigation/AppNavigation.kt:849:32 Cannot infer a type for this parameter. Please specify it explicitly.
Compile TV & Mobile APKs	Build Android TV & Mobile APKs	2026-09-06T05:33:47.7222320Z e: file:///home/runner/work/tvmime/tvmime/tvApp/src/main/java/com/tvmime/tv/sv_navigation/AppNavigation.kt:937:41 Unresolved reference: movies
Compile TV & Mobile APKs	Build Android TV & Mobile APKs	2026-09-06T05:33:47.7223945Z e: file:///home/runner/work/tvmime/tvmime/tvApp/src/main/java/com/tvmime/tv/sv_navigation/AppNavigation.kt:938:28 Cannot infer a type for this parameter. Please specify it explicitly.
Compile TV & Mobile APKs	Build Android TV & Mobile APKs	2026-09-06T05:33:47.7225565Z e: file:///home/runner/work/tvmime/tvmime/tvApp/src/main/java/com/tvmime/tv/sv_navigation/AppNavigation.kt:942:61 Unresolved reference: it
Compile TV & Mobile APKs	Build Android TV & Mobile APKs	2026-09-06T05:33:47.7227042Z e: file:///home/runner/work/tvmime/tvmime/tvApp/src/main/java/com/tvmime/tv/sv_navigation/AppNavigation.kt:974:41 Unresolved reference: series
Compile TV & Mobile APKs	Build Android TV & Mobile APKs	2026-09-06T05:33:47.7228743Z e: file:///home/runner/work/tvmime/tvmime/tvApp/src/main/java/com/tvmime/tv/sv_navigation/AppNavigation.kt:975:36 Cannot infer a type for this parameter. Please specify it explicitly.
Compile TV & Mobile APKs	Build Android TV & Mobile APKs	2026-09-06T05:33:47.7230780Z e: file:///home/runner/work/tvmime/tvmime/tvApp/src/main/java/com/tvmime/tv/sv_navigation/AppNavigation.kt:979:71 Unresolved reference: it
Compile TV & Mobile APKs	Build Android TV & Mobile APKs	2026-09-06T05:33:47.7232961Z e: file:///home/runner/work/tvmime/tvmime/tvApp/src/main/java/com/tvmime/tv/sv_navigation/AppNavigation.kt:999:13 Unresolved reference: MultiViewScreen
Compile TV & Mobile APKs	Build Android TV & Mobile APKs	2026-09-06T05:33:47.7234661Z e: file:///home/runner/work/tvmime/tvmime/tvApp/src/main/java/com/tvmime/tv/sv_navigation/AppNavigation.kt:1025:9 Cannot find a parameter with this name: mainActivity
Compile TV & Mobile APKs	Build Android TV & Mobile APKs	2026-09-06T05:33:47.7236433Z e: file:///home/runner/work/tvmime/tvmime/tvApp/src/main/java/com/tvmime/tv/sv_navigation/AppNavigation.kt:1028:9 No value passed for parameter 'viewModel'
Compile TV & Mobile APKs	Build Android TV & Mobile APKs	2026-09-06T05:33:47.7238175Z e: file:///home/runner/work/tvmime/tvmime/tvApp/src/main/java/com/tvmime/tv/sv_navigation/AppNavigation.kt:1041:9 Cannot find a parameter with this name: mainActivity
Compile TV & Mobile APKs	Build Android TV & Mobile APKs	2026-09-06T05:33:47.7300357Z e: file:///home/runner/work/tvmime/tvmime/tvApp/src/main/java/com/tvmime/tv/sv_navigation/AppNavigation.kt:1047:9 No value passed for parameter 'viewModel'
Compile TV & Mobile APKs	Build Android TV & Mobile APKs	2026-09-06T05:33:47.7302864Z e: file:///home/runner/work/tvmime/tvmime/tvApp/src/main/java/com/tvmime/tv/sv_ui/components/AsyncImageModels.kt:7:8 Unresolved reference: coil3
Compile TV & Mobile APKs	Build Android TV & Mobile APKs	2026-09-06T05:33:47.7304425Z e: file:///home/runner/work/tvmime/tvmime/tvApp/src/main/java/com/tvmime/tv/sv_ui/components/AsyncImageModels.kt:8:8 Unresolved reference: coil3
Compile TV & Mobile APKs	Build Android TV & Mobile APKs	2026-09-06T05:33:47.7306042Z e: file:///home/runner/work/tvmime/tvmime/tvApp/src/main/java/com/tvmime/tv/sv_ui/components/AsyncImageModels.kt:16:13 Unresolved reference: ImageRequest
Compile TV & Mobile APKs	Build Android TV & Mobile APKs	2026-09-06T05:33:47.7307620Z e: file:///home/runner/work/tvmime/tvmime/tvApp/src/main/java/com/tvmime/tv/sv_ui/components/Cards.kt:59:8 Unresolved reference: coil3
Compile TV & Mobile APKs	Build Android TV & Mobile APKs	2026-09-06T05:33:47.7308981Z e: file:///home/runner/work/tvmime/tvmime/tvApp/src/main/java/com/tvmime/tv/sv_ui/components/ChannelLogo.kt:25:8 Unresolved reference: coil3
Compile TV & Mobile APKs	Build Android TV & Mobile APKs	2026-09-06T05:33:47.7310660Z e: file:///home/runner/work/tvmime/tvmime/tvApp/src/main/java/com/tvmime/tv/sv_ui/components/ChannelLogo.kt:50:13 Unresolved reference: AsyncImage
Compile TV & Mobile APKs	Build Android TV & Mobile APKs	2026-09-06T05:33:47.7311718Z e: file:///home/runner/work/tvmime/tvmime/tvApp/src/main/java/com/tvmime/tv/sv_ui/components/ChannelLogo.kt:69:17 Unresolved reference: AsyncImage
Compile TV & Mobile APKs	Build Android TV & Mobile APKs	2026-09-06T05:33:47.7313275Z e: file:///home/runner/work/tvmime/tvmime/tvApp/src/main/java/com/tvmime/tv/sv_ui/components/ContinueWatchingRow.kt:32:8 Unresolved reference: coil3
Compile TV & Mobile APKs	Build Android TV & Mobile APKs	2026-09-06T05:33:47.7314789Z e: file:///home/runner/work/tvmime/tvmime/tvApp/src/main/java/com/tvmime/tv/sv_ui/components/ContinueWatchingRow.kt:119:17 Unresolved reference: AsyncImage
Compile TV & Mobile APKs	Build Android TV & Mobile APKs	2026-09-06T05:33:47.7316575Z e: file:///home/runner/work/tvmime/tvmime/tvApp/src/main/java/com/tvmime/tv/sv_ui/components/FocusedMarqueeText.kt:43:30 This foundation API is experimental and is likely to change or be removed in the future.
Compile TV & Mobile APKs	Build Android TV & Mobile APKs	2026-09-06T05:33:47.7318539Z e: file:///home/runner/work/tvmime/tvmime/tvApp/src/main/java/com/tvmime/tv/sv_ui/components/FocusedMarqueeText.kt:46:25 Cannot find a parameter with this name: repeatDelayMillis
Compile TV & Mobile APKs	Build Android TV & Mobile APKs	2026-09-06T05:33:47.7320545Z e: file:///home/runner/work/tvmime/tvmime/tvApp/src/main/java/com/tvmime/tv/sv_ui/components/PlaylistSwitcher.kt:34:30 Unresolved reference: SurfaceDefaults
Compile TV & Mobile APKs	Build Android TV & Mobile APKs	2026-09-06T05:33:47.7322260Z e: file:///home/runner/work/tvmime/tvmime/tvApp/src/main/java/com/tvmime/tv/sv_ui/components/PlaylistSwitcher.kt:131:26 Unresolved reference: SurfaceDefaults
Compile TV & Mobile APKs	Build Android TV & Mobile APKs	2026-09-06T05:33:47.7323961Z e: file:///home/runner/work/tvmime/tvmime/tvApp/src/main/java/com/tvmime/tv/sv_ui/components/ReorderTopBar.kt:49:22 Unresolved reference: SurfaceDefaults
Compile TV & Mobile APKs	Build Android TV & Mobile APKs	2026-09-06T05:33:47.7325585Z e: file:///home/runner/work/tvmime/tvmime/tvApp/src/main/java/com/tvmime/tv/sv_ui/components/SavedCategoryContextCard.kt:25:30 Unresolved reference: SurfaceDefaults
Compile TV & Mobile APKs	Build Android TV & Mobile APKs	2026-09-06T05:33:47.7327347Z e: file:///home/runner/work/tvmime/tvmime/tvApp/src/main/java/com/tvmime/tv/sv_ui/components/SavedCategoryContextCard.kt:47:18 Unresolved reference: SurfaceDefaults
Compile TV & Mobile APKs	Build Android TV & Mobile APKs	2026-09-06T05:33:47.7329187Z e: file:///home/runner/work/tvmime/tvmime/tvApp/src/main/java/com/tvmime/tv/sv_ui/components/SavedCategoryShortcutsRow.kt:27:30 Unresolved reference: SurfaceDefaults
Compile TV & Mobile APKs	Build Android TV & Mobile APKs	2026-09-06T05:33:47.7391940Z e: file:///home/runner/work/tvmime/tvmime/tvApp/src/main/java/com/tvmime/tv/sv_ui/components/SavedCategoryShortcutsRow.kt:97:26 Unresolved reference: SurfaceDefaults
Compile TV & Mobile APKs	Build Android TV & Mobile APKs	2026-09-06T05:33:47.7393502Z e: file:///home/runner/work/tvmime/tvmime/tvApp/src/main/java/com/tvmime/tv/sv_ui/components/SearchInput.kt:51:28 Unresolved reference: device
Compile TV & Mobile APKs	Build Android TV & Mobile APKs	2026-09-06T05:33:47.7394892Z e: file:///home/runner/work/tvmime/tvmime/tvApp/src/main/java/com/tvmime/tv/sv_ui/components/SearchInput.kt:78:30 Unresolved reference: rememberIsTelevisionDevice
Compile TV & Mobile APKs	Build Android TV & Mobile APKs	2026-09-06T05:33:47.7396360Z e: file:///home/runner/work/tvmime/tvmime/tvApp/src/main/java/com/tvmime/tv/sv_ui/components/SearchInput.kt:81:25 Not enough information to infer type variable T
Compile TV & Mobile APKs	Build Android TV & Mobile APKs	2026-09-06T05:33:47.7398154Z e: file:///home/runner/work/tvmime/tvmime/tvApp/src/main/java/com/tvmime/tv/sv_ui/components/SearchInput.kt:81:25 Property delegate must have a 'getValue(Nothing?, KProperty<*>)' method. None of the following functions is suitable: 
Compile TV & Mobile APKs	Build Android TV & Mobile APKs	2026-09-06T05:33:47.7400527Z public inline operator fun <T> State<???>.getValue(thisObj: Any?, property: KProperty<*>): ??? defined in androidx.compose.runtime
Compile TV & Mobile APKs	Build Android TV & Mobile APKs	2026-09-06T05:33:47.7401819Z e: file:///home/runner/work/tvmime/tvmime/tvApp/src/main/java/com/tvmime/tv/sv_ui/components/dialogs/AddToGroupDialog.kt:33:28 Unresolved reference: device
Compile TV & Mobile APKs	Build Android TV & Mobile APKs	2026-09-06T05:33:47.7403188Z e: file:///home/runner/work/tvmime/tvmime/tvApp/src/main/java/com/tvmime/tv/sv_ui/components/dialogs/AddToGroupDialog.kt:58:30 Unresolved reference: rememberIsTelevisionDevice
Compile TV & Mobile APKs	Build Android TV & Mobile APKs	2026-09-06T05:33:47.7404312Z e: file:///home/runner/work/tvmime/tvmime/tvApp/src/main/java/com/tvmime/tv/sv_ui/components/dialogs/AddToGroupDialog.kt:117:30 Unresolved reference: SurfaceDefaults
Compile TV & Mobile APKs	Build Android TV & Mobile APKs	2026-09-06T05:33:47.7405403Z e: file:///home/runner/work/tvmime/tvmime/tvApp/src/main/java/com/tvmime/tv/sv_ui/components/dialogs/CategoryOptionsDialog.kt:27:30 Unresolved reference: SurfaceDefaults
Compile TV & Mobile APKs	Build Android TV & Mobile APKs	2026-09-06T05:33:47.7406515Z e: file:///home/runner/work/tvmime/tvmime/tvApp/src/main/java/com/tvmime/tv/sv_ui/components/dialogs/CategoryOptionsDialog.kt:87:22 Unresolved reference: SurfaceDefaults
Compile TV & Mobile APKs	Build Android TV & Mobile APKs	2026-09-06T05:33:47.7407577Z e: file:///home/runner/work/tvmime/tvmime/tvApp/src/main/java/com/tvmime/tv/sv_ui/components/dialogs/CreateGroupDialog.kt:38:30 Unresolved reference: SurfaceDefaults
Compile TV & Mobile APKs	Build Android TV & Mobile APKs	2026-09-06T05:33:47.7408602Z e: file:///home/runner/work/tvmime/tvmime/tvApp/src/main/java/com/tvmime/tv/sv_ui/components/dialogs/CreateGroupDialog.kt:41:28 Unresolved reference: device
Compile TV & Mobile APKs	Build Android TV & Mobile APKs	2026-09-06T05:33:47.7409677Z e: file:///home/runner/work/tvmime/tvmime/tvApp/src/main/java/com/tvmime/tv/sv_ui/components/dialogs/CreateGroupDialog.kt:57:30 Unresolved reference: rememberIsTelevisionDevice
Compile TV & Mobile APKs	Build Android TV & Mobile APKs	2026-09-06T05:33:47.7411643Z e: file:///home/runner/work/tvmime/tvmime/tvApp/src/main/java/com/tvmime/tv/sv_ui/components/dialogs/CreateGroupDialog.kt:77:26 Unresolved reference: SurfaceDefaults
Compile TV & Mobile APKs	Build Android TV & Mobile APKs	2026-09-06T05:33:47.7413424Z e: file:///home/runner/work/tvmime/tvmime/tvApp/src/main/java/com/tvmime/tv/sv_ui/components/dialogs/DeleteGroupDialog.kt:29:30 Unresolved reference: SurfaceDefaults
Compile TV & Mobile APKs	Build Android TV & Mobile APKs	2026-09-06T05:33:47.7415126Z e: file:///home/runner/work/tvmime/tvmime/tvApp/src/main/java/com/tvmime/tv/sv_ui/components/dialogs/DeleteGroupDialog.kt:32:28 Unresolved reference: device
Compile TV & Mobile APKs	Build Android TV & Mobile APKs	2026-09-06T05:33:47.7416899Z e: file:///home/runner/work/tvmime/tvmime/tvApp/src/main/java/com/tvmime/tv/sv_ui/components/dialogs/DeleteGroupDialog.kt:47:30 Unresolved reference: rememberIsTelevisionDevice
Compile TV & Mobile APKs	Build Android TV & Mobile APKs	2026-09-06T05:33:47.7418734Z e: file:///home/runner/work/tvmime/tvmime/tvApp/src/main/java/com/tvmime/tv/sv_ui/components/dialogs/DeleteGroupDialog.kt:63:26 Unresolved reference: SurfaceDefaults
Compile TV & Mobile APKs	Build Android TV & Mobile APKs	2026-09-06T05:33:47.7450853Z e: file:///home/runner/work/tvmime/tvmime/tvApp/src/main/java/com/tvmime/tv/sv_ui/components/dialogs/M3uCategoryOrganizerDialog.kt:18:30 Unresolved reference: SurfaceDefaults
Compile TV & Mobile APKs	Build Android TV & Mobile APKs	2026-09-06T05:33:47.7452679Z e: file:///home/runner/work/tvmime/tvmime/tvApp/src/main/java/com/tvmime/tv/sv_ui/components/dialogs/M3uCategoryOrganizerDialog.kt:37:22 Unresolved reference: SurfaceDefaults
Compile TV & Mobile APKs	Build Android TV & Mobile APKs	2026-09-06T05:33:47.7454961Z e: file:///home/runner/work/tvmime/tvmime/tvApp/src/main/java/com/tvmime/tv/sv_ui/components/dialogs/M3uCategorySeriesAssignmentDialog.kt:28:30 Unresolved reference: SurfaceDefaults
Compile TV & Mobile APKs	Build Android TV & Mobile APKs	2026-09-06T05:33:47.7456777Z e: file:///home/runner/work/tvmime/tvmime/tvApp/src/main/java/com/tvmime/tv/sv_ui/components/dialogs/M3uCategorySeriesAssignmentDialog.kt:63:22 Unresolved reference: SurfaceDefaults
Compile TV & Mobile APKs	Build Android TV & Mobile APKs	2026-09-06T05:33:47.7458540Z e: file:///home/runner/work/tvmime/tvmime/tvApp/src/main/java/com/tvmime/tv/sv_ui/components/dialogs/M3uSeriesAssignmentDialog.kt:24:30 Unresolved reference: SurfaceDefaults
Compile TV & Mobile APKs	Build Android TV & Mobile APKs	2026-09-06T05:33:47.7460382Z e: file:///home/runner/work/tvmime/tvmime/tvApp/src/main/java/com/tvmime/tv/sv_ui/components/dialogs/M3uSeriesAssignmentDialog.kt:47:22 Unresolved reference: SurfaceDefaults
Compile TV & Mobile APKs	Build Android TV & Mobile APKs	2026-09-06T05:33:47.7461947Z e: file:///home/runner/work/tvmime/tvmime/tvApp/src/main/java/com/tvmime/tv/sv_ui/components/dialogs/PinDialog.kt:23:28 Unresolved reference: device
Compile TV & Mobile APKs	Build Android TV & Mobile APKs	2026-09-06T05:33:47.7463705Z e: file:///home/runner/work/tvmime/tvmime/tvApp/src/main/java/com/tvmime/tv/sv_ui/components/dialogs/PinDialog.kt:51:30 Unresolved reference: rememberIsTelevisionDevice
Compile TV & Mobile APKs	Build Android TV & Mobile APKs	2026-09-06T05:33:47.7465284Z e: file:///home/runner/work/tvmime/tvmime/tvApp/src/main/java/com/tvmime/tv/sv_ui/components/dialogs/PremiumDialog.kt:45:30 Unresolved reference: SurfaceDefaults
Compile TV & Mobile APKs	Build Android TV & Mobile APKs	2026-09-06T05:33:47.7466788Z e: file:///home/runner/work/tvmime/tvmime/tvApp/src/main/java/com/tvmime/tv/sv_ui/components/dialogs/PremiumDialog.kt:47:28 Unresolved reference: device
Compile TV & Mobile APKs	Build Android TV & Mobile APKs	2026-09-06T05:33:47.7468329Z e: file:///home/runner/work/tvmime/tvmime/tvApp/src/main/java/com/tvmime/tv/sv_ui/components/dialogs/PremiumDialog.kt:85:30 Unresolved reference: rememberIsTelevisionDevice
Compile TV & Mobile APKs	Build Android TV & Mobile APKs	2026-09-06T05:33:47.7470082Z e: file:///home/runner/work/tvmime/tvmime/tvApp/src/main/java/com/tvmime/tv/sv_ui/components/dialogs/PremiumDialog.kt:112:34 Unresolved reference: SurfaceDefaults
Compile TV & Mobile APKs	Build Android TV & Mobile APKs	2026-09-06T05:33:47.7471792Z e: file:///home/runner/work/tvmime/tvmime/tvApp/src/main/java/com/tvmime/tv/sv_ui/components/dialogs/PremiumDialog.kt:179:34 Unresolved reference: SurfaceDefaults
Compile TV & Mobile APKs	Build Android TV & Mobile APKs	2026-09-06T05:33:47.7473515Z e: file:///home/runner/work/tvmime/tvmime/tvApp/src/main/java/com/tvmime/tv/sv_ui/components/dialogs/ProgramHistoryDialog.kt:25:30 Unresolved reference: SurfaceDefaults
Compile TV & Mobile APKs	Build Android TV & Mobile APKs	2026-09-06T05:33:47.7475290Z e: file:///home/runner/work/tvmime/tvmime/tvApp/src/main/java/com/tvmime/tv/sv_ui/components/dialogs/ProgramHistoryDialog.kt:41:28 Unresolved reference: device
Compile TV & Mobile APKs	Build Android TV & Mobile APKs	2026-09-06T05:33:47.7477299Z e: file:///home/runner/work/tvmime/tvmime/tvApp/src/main/java/com/tvmime/tv/sv_ui/components/dialogs/ProgramHistoryDialog.kt:66:30 Unresolved reference: rememberIsTelevisionDevice
Compile TV & Mobile APKs	Build Android TV & Mobile APKs	2026-09-06T05:33:47.7479235Z e: file:///home/runner/work/tvmime/tvmime/tvApp/src/main/java/com/tvmime/tv/sv_ui/components/dialogs/ProgramHistoryDialog.kt:83:26 Unresolved reference: SurfaceDefaults
Compile TV & Mobile APKs	Build Android TV & Mobile APKs	2026-09-06T05:33:47.7532056Z e: file:///home/runner/work/tvmime/tvmime/tvApp/src/main/java/com/tvmime/tv/sv_ui/components/dialogs/RenameGroupDialog.kt:41:30 Unresolved reference: SurfaceDefaults
Compile TV & Mobile APKs	Build Android TV & Mobile APKs	2026-09-06T05:33:47.7534091Z e: file:///home/runner/work/tvmime/tvmime/tvApp/src/main/java/com/tvmime/tv/sv_ui/components/dialogs/RenameGroupDialog.kt:46:28 Unresolved reference: device
Compile TV & Mobile APKs	Build Android TV & Mobile APKs	2026-09-06T05:33:47.7536053Z e: file:///home/runner/work/tvmime/tvmime/tvApp/src/main/java/com/tvmime/tv/sv_ui/components/dialogs/RenameGroupDialog.kt:65:30 Unresolved reference: rememberIsTelevisionDevice
Compile TV & Mobile APKs	Build Android TV & Mobile APKs	2026-09-06T05:33:47.7538051Z e: file:///home/runner/work/tvmime/tvmime/tvApp/src/main/java/com/tvmime/tv/sv_ui/components/dialogs/RenameGroupDialog.kt:87:26 Unresolved reference: SurfaceDefaults
Compile TV & Mobile APKs	Build Android TV & Mobile APKs	2026-09-06T05:33:47.7540062Z e: file:///home/runner/work/tvmime/tvmime/tvApp/src/main/java/com/tvmime/tv/sv_ui/components/shell/AppMediaCards.kt:61:8 Unresolved reference: coil3
Compile TV & Mobile APKs	Build Android TV & Mobile APKs	2026-09-06T05:33:47.7541829Z e: file:///home/runner/work/tvmime/tvmime/tvApp/src/main/java/com/tvmime/tv/sv_ui/components/shell/AppMediaCards.kt:416:25 Unresolved reference: AsyncImage
Compile TV & Mobile APKs	Build Android TV & Mobile APKs	2026-09-06T05:33:47.7544261Z e: file:///home/runner/work/tvmime/tvmime/tvApp/src/main/java/com/tvmime/tv/sv_ui/components/shell/AppMediaCards.kt:492:13 Unresolved reference: AsyncImage
Compile TV & Mobile APKs	Build Android TV & Mobile APKs	2026-09-06T05:33:47.7546042Z e: file:///home/runner/work/tvmime/tvmime/tvApp/src/main/java/com/tvmime/tv/sv_ui/components/shell/AppShell.kt:74:30 Unresolved reference: SurfaceDefaults
Compile TV & Mobile APKs	Build Android TV & Mobile APKs	2026-09-06T05:33:47.7547783Z e: file:///home/runner/work/tvmime/tvmime/tvApp/src/main/java/com/tvmime/tv/sv_ui/components/shell/AppShell.kt:77:28 Unresolved reference: MainActivity
Compile TV & Mobile APKs	Build Android TV & Mobile APKs	2026-09-06T05:33:47.7549502Z e: file:///home/runner/work/tvmime/tvmime/tvApp/src/main/java/com/tvmime/tv/sv_ui/components/shell/AppShell.kt:78:28 Unresolved reference: navigation
Compile TV & Mobile APKs	Build Android TV & Mobile APKs	2026-09-06T05:33:47.7551332Z e: file:///home/runner/work/tvmime/tvmime/tvApp/src/main/java/com/tvmime/tv/sv_ui/components/shell/AppShell.kt:79:28 Unresolved reference: navigation
Compile TV & Mobile APKs	Build Android TV & Mobile APKs	2026-09-06T05:33:47.7553265Z e: file:///home/runner/work/tvmime/tvmime/tvApp/src/main/java/com/tvmime/tv/sv_ui/components/shell/AppShell.kt:269:13 Unresolved reference: onEnter
Compile TV & Mobile APKs	Build Android TV & Mobile APKs	2026-09-06T05:33:47.7554973Z e: file:///home/runner/work/tvmime/tvmime/tvApp/src/main/java/com/tvmime/tv/sv_ui/components/shell/AppShell.kt:275:18 Unresolved reference: SurfaceDefaults
Compile TV & Mobile APKs	Build Android TV & Mobile APKs	2026-09-06T05:33:47.7556732Z e: file:///home/runner/work/tvmime/tvmime/tvApp/src/main/java/com/tvmime/tv/sv_ui/components/shell/AppShell.kt:441:18 Unresolved reference: SurfaceDefaults
Compile TV & Mobile APKs	Build Android TV & Mobile APKs	2026-09-06T05:33:47.7558478Z e: file:///home/runner/work/tvmime/tvmime/tvApp/src/main/java/com/tvmime/tv/sv_ui/components/shell/AppShell.kt:591:18 Unresolved reference: SurfaceDefaults
Compile TV & Mobile APKs	Build Android TV & Mobile APKs	2026-09-06T05:33:47.7610609Z e: file:///home/runner/work/tvmime/tvmime/tvApp/src/main/java/com/tvmime/tv/sv_ui/components/shell/AppShell.kt:722:17 Unresolved reference: onEnter
Compile TV & Mobile APKs	Build Android TV & Mobile APKs	2026-09-06T05:33:47.7612403Z e: file:///home/runner/work/tvmime/tvmime/tvApp/src/main/java/com/tvmime/tv/sv_ui/components/shell/AppShell.kt:858:41 Unresolved reference: Routes
Compile TV & Mobile APKs	Build Android TV & Mobile APKs	2026-09-06T05:33:47.7613970Z e: file:///home/runner/work/tvmime/tvmime/tvApp/src/main/java/com/tvmime/tv/sv_ui/components/shell/AppShell.kt:886:52 Unresolved reference: Routes
Compile TV & Mobile APKs	Build Android TV & Mobile APKs	2026-09-06T05:33:47.7615415Z e: file:///home/runner/work/tvmime/tvmime/tvApp/src/main/java/com/tvmime/tv/sv_ui/components/shell/AppShell.kt:887:55 Unresolved reference: Routes
Compile TV & Mobile APKs	Build Android TV & Mobile APKs	2026-09-06T05:33:47.7616820Z e: file:///home/runner/work/tvmime/tvmime/tvApp/src/main/java/com/tvmime/tv/sv_ui/components/shell/AppShell.kt:888:54 Unresolved reference: Routes
Compile TV & Mobile APKs	Build Android TV & Mobile APKs	2026-09-06T05:33:47.7618217Z e: file:///home/runner/work/tvmime/tvmime/tvApp/src/main/java/com/tvmime/tv/sv_ui/components/shell/AppShell.kt:889:54 Unresolved reference: Routes
Compile TV & Mobile APKs	Build Android TV & Mobile APKs	2026-09-06T05:33:47.7619961Z e: file:///home/runner/work/tvmime/tvmime/tvApp/src/main/java/com/tvmime/tv/sv_ui/components/shell/AppShell.kt:890:57 Unresolved reference: Routes
Compile TV & Mobile APKs	Build Android TV & Mobile APKs	2026-09-06T05:33:47.7621450Z e: file:///home/runner/work/tvmime/tvmime/tvApp/src/main/java/com/tvmime/tv/sv_ui/components/shell/AppShell.kt:891:53 Unresolved reference: Routes
Compile TV & Mobile APKs	Build Android TV & Mobile APKs	2026-09-06T05:33:47.7622960Z e: file:///home/runner/work/tvmime/tvmime/tvApp/src/main/java/com/tvmime/tv/sv_ui/components/shell/AppShell.kt:892:54 Unresolved reference: Routes
Compile TV & Mobile APKs	Build Android TV & Mobile APKs	2026-09-06T05:33:47.7624468Z e: file:///home/runner/work/tvmime/tvmime/tvApp/src/main/java/com/tvmime/tv/sv_ui/components/shell/AppShell.kt:893:55 Unresolved reference: Routes
Compile TV & Mobile APKs	Build Android TV & Mobile APKs	2026-09-06T05:33:47.7625982Z e: file:///home/runner/work/tvmime/tvmime/tvApp/src/main/java/com/tvmime/tv/sv_ui/components/shell/AppShell.kt:894:56 Unresolved reference: Routes
Compile TV & Mobile APKs	Build Android TV & Mobile APKs	2026-09-06T05:33:47.7627516Z e: file:///home/runner/work/tvmime/tvmime/tvApp/src/main/java/com/tvmime/tv/sv_ui/components/shell/AppShell.kt:897:41 Unresolved reference: MainActivity
Compile TV & Mobile APKs	Build Android TV & Mobile APKs	2026-09-06T05:33:47.7629118Z e: file:///home/runner/work/tvmime/tvmime/tvApp/src/main/java/com/tvmime/tv/sv_ui/components/shell/AppShell.kt:900:24 Unresolved reference: MainActivity
Compile TV & Mobile APKs	Build Android TV & Mobile APKs	2026-09-06T05:33:47.7631117Z e: file:///home/runner/work/tvmime/tvmime/tvApp/src/main/java/com/tvmime/tv/sv_ui/components/shell/ExternalRatingsStrip.kt:48:9 The API of this layout is experimental and is likely to change in the future.
Compile TV & Mobile APKs	Build Android TV & Mobile APKs	2026-09-06T05:33:47.7633592Z e: file:///home/runner/work/tvmime/tvmime/tvApp/src/main/java/com/tvmime/tv/sv_ui/components/shell/LibraryBrowseScaffold.kt:31:28 Unresolved reference: device
Compile TV & Mobile APKs	Build Android TV & Mobile APKs	2026-09-06T05:33:47.7635268Z e: file:///home/runner/work/tvmime/tvmime/tvApp/src/main/java/com/tvmime/tv/sv_ui/components/shell/LibraryBrowseScaffold.kt:39:8 Unresolved reference: coil3
Compile TV & Mobile APKs	Build Android TV & Mobile APKs	2026-09-06T05:33:47.7637078Z e: file:///home/runner/work/tvmime/tvmime/tvApp/src/main/java/com/tvmime/tv/sv_ui/components/shell/LibraryBrowseScaffold.kt:70:38 Unresolved reference: rememberIsTelevisionDevice
Compile TV & Mobile APKs	Build Android TV & Mobile APKs	2026-09-06T05:33:47.7638946Z e: file:///home/runner/work/tvmime/tvmime/tvApp/src/main/java/com/tvmime/tv/sv_ui/components/shell/LibraryBrowseScaffold.kt:129:40 Unresolved reference: SurfaceDefaults
Compile TV & Mobile APKs	Build Android TV & Mobile APKs	2026-09-06T05:33:47.7661986Z e: file:///home/runner/work/tvmime/tvmime/tvApp/src/main/java/com/tvmime/tv/sv_ui/components/shell/LibraryBrowseScaffold.kt:255:17 Unresolved reference: AsyncImage
Compile TV & Mobile APKs	Build Android TV & Mobile APKs	2026-09-06T05:33:47.7664202Z e: file:///home/runner/work/tvmime/tvmime/tvApp/src/main/java/com/tvmime/tv/sv_ui/components/shell/VodChrome.kt:33:28 Unresolved reference: device
Compile TV & Mobile APKs	Build Android TV & Mobile APKs	2026-09-06T05:33:47.7665842Z e: file:///home/runner/work/tvmime/tvmime/tvApp/src/main/java/com/tvmime/tv/sv_ui/components/shell/VodChrome.kt:38:30 Unresolved reference: SurfaceDefaults
Compile TV & Mobile APKs	Build Android TV & Mobile APKs	2026-09-06T05:33:47.7667585Z e: file:///home/runner/work/tvmime/tvmime/tvApp/src/main/java/com/tvmime/tv/sv_ui/components/shell/VodChrome.kt:158:26 Unresolved reference: SurfaceDefaults
Compile TV & Mobile APKs	Build Android TV & Mobile APKs	2026-09-06T05:33:47.7669379Z e: file:///home/runner/work/tvmime/tvmime/tvApp/src/main/java/com/tvmime/tv/sv_ui/components/shell/VodChrome.kt:230:46 Unresolved reference: rememberIsTelevisionDevice
Compile TV & Mobile APKs	Build Android TV & Mobile APKs	2026-09-06T05:33:47.7671533Z e: file:///home/runner/work/tvmime/tvmime/tvApp/src/main/java/com/tvmime/tv/sv_ui/components/shell/VodChrome.kt:371:9 The API of this layout is experimental and is likely to change in the future.
Compile TV & Mobile APKs	Build Android TV & Mobile APKs	2026-09-06T05:33:47.7673318Z e: file:///home/runner/work/tvmime/tvmime/tvApp/src/main/java/com/tvmime/tv/sv_ui/design/AppTypography.kt:17:12 Unresolved reference: font
Compile TV & Mobile APKs	Build Android TV & Mobile APKs	2026-09-06T05:33:47.7674839Z e: file:///home/runner/work/tvmime/tvmime/tvApp/src/main/java/com/tvmime/tv/sv_ui/design/AppTypography.kt:18:12 Unresolved reference: font
Compile TV & Mobile APKs	Build Android TV & Mobile APKs	2026-09-06T05:33:47.7676331Z e: file:///home/runner/work/tvmime/tvmime/tvApp/src/main/java/com/tvmime/tv/sv_ui/design/AppTypography.kt:19:12 Unresolved reference: font
Compile TV & Mobile APKs	Build Android TV & Mobile APKs	2026-09-06T05:33:47.7677829Z e: file:///home/runner/work/tvmime/tvmime/tvApp/src/main/java/com/tvmime/tv/sv_ui/design/AppTypography.kt:20:12 Unresolved reference: font
Compile TV & Mobile APKs	Build Android TV & Mobile APKs	2026-09-06T05:33:47.7679404Z e: file:///home/runner/work/tvmime/tvmime/tvApp/src/main/java/com/tvmime/tv/sv_ui/design/FocusHelpers.kt:16:35 Unresolved reference: LocalLifecycleOwner
Compile TV & Mobile APKs	Build Android TV & Mobile APKs	2026-09-06T05:33:47.7681227Z e: file:///home/runner/work/tvmime/tvmime/tvApp/src/main/java/com/tvmime/tv/sv_ui/design/FocusHelpers.kt:48:26 Unresolved reference: LocalLifecycleOwner
Compile TV & Mobile APKs	Build Android TV & Mobile APKs	2026-09-06T05:33:47.7682892Z e: file:///home/runner/work/tvmime/tvmime/tvApp/src/main/java/com/tvmime/tv/sv_ui/interaction/MouseSupport.kt:16:28 Unresolved reference: device
Compile TV & Mobile APKs	Build Android TV & Mobile APKs	2026-09-06T05:33:47.7684539Z e: file:///home/runner/work/tvmime/tvmime/tvApp/src/main/java/com/tvmime/tv/sv_ui/interaction/MouseSupport.kt:35:44 Unresolved reference: isTelevisionDevice
Compile TV & Mobile APKs	Build Android TV & Mobile APKs	2026-09-06T05:33:47.7686158Z e: file:///home/runner/work/tvmime/tvmime/tvApp/src/main/java/com/tvmime/tv/sv_ui/interaction/MouseSupport.kt:38:9 Unresolved reference: !
Compile TV & Mobile APKs	Build Android TV & Mobile APKs	2026-09-06T05:33:47.7687862Z e: file:///home/runner/work/tvmime/tvmime/tvApp/src/main/java/com/tvmime/tv/sv_ui/interaction/MouseSupport.kt:52:18 This API is experimental and is likely to change in the future.
Compile TV & Mobile APKs	Build Android TV & Mobile APKs	2026-09-06T05:33:47.7720055Z e: file:///home/runner/work/tvmime/tvmime/tvApp/src/main/java/com/tvmime/tv/sv_ui/interaction/MouseSupport.kt:77:14 This API is experimental and is likely to change in the future.
Compile TV & Mobile APKs	Build Android TV & Mobile APKs	2026-09-06T05:33:47.7723090Z e: file:///home/runner/work/tvmime/tvmime/tvApp/src/main/java/com/tvmime/tv/sv_ui/interaction/TvComponents.kt:69:29 Type mismatch: inferred type is MutableInteractionSource? but MutableInteractionSource was expected
Compile TV & Mobile APKs	Build Android TV & Mobile APKs	2026-09-06T05:33:47.7725500Z e: file:///home/runner/work/tvmime/tvmime/tvApp/src/main/java/com/tvmime/tv/sv_ui/interaction/TvComponents.kt:100:29 Type mismatch: inferred type is MutableInteractionSource? but MutableInteractionSource was expected
Compile TV & Mobile APKs	Build Android TV & Mobile APKs	2026-09-06T05:33:47.7727914Z e: file:///home/runner/work/tvmime/tvmime/tvApp/src/main/java/com/tvmime/tv/sv_ui/interaction/TvComponents.kt:142:29 Type mismatch: inferred type is MutableInteractionSource? but MutableInteractionSource was expected
Compile TV & Mobile APKs	Build Android TV & Mobile APKs	2026-09-06T05:33:47.7730136Z e: file:///home/runner/work/tvmime/tvmime/tvApp/src/main/java/com/tvmime/tv/sv_ui/screens/dashboard/DashboardScreen.kt:43:22 Unresolved reference: lifecycle
Compile TV & Mobile APKs	Build Android TV & Mobile APKs	2026-09-06T05:33:47.7731860Z e: file:///home/runner/work/tvmime/tvmime/tvApp/src/main/java/com/tvmime/tv/sv_ui/screens/dashboard/DashboardScreen.kt:50:30 Unresolved reference: SurfaceDefaults
Compile TV & Mobile APKs	Build Android TV & Mobile APKs	2026-09-06T05:33:47.7733821Z e: file:///home/runner/work/tvmime/tvmime/tvApp/src/main/java/com/tvmime/tv/sv_ui/screens/dashboard/DashboardScreen.kt:52:8 Unresolved reference: coil3
Compile TV & Mobile APKs	Build Android TV & Mobile APKs	2026-09-06T05:33:47.7735465Z e: file:///home/runner/work/tvmime/tvmime/tvApp/src/main/java/com/tvmime/tv/sv_ui/screens/dashboard/DashboardScreen.kt:54:28 Unresolved reference: device
Compile TV & Mobile APKs	Build Android TV & Mobile APKs	2026-09-06T05:33:47.7737139Z e: file:///home/runner/work/tvmime/tvmime/tvApp/src/main/java/com/tvmime/tv/sv_ui/screens/dashboard/DashboardScreen.kt:56:28 Unresolved reference: navigation
Compile TV & Mobile APKs	Build Android TV & Mobile APKs	2026-09-06T05:33:47.7738856Z e: file:///home/runner/work/tvmime/tvmime/tvApp/src/main/java/com/tvmime/tv/sv_ui/screens/dashboard/DashboardScreen.kt:102:37 Unresolved reference: hiltViewModel
Compile TV & Mobile APKs	Build Android TV & Mobile APKs	2026-09-06T05:33:47.7740723Z e: file:///home/runner/work/tvmime/tvmime/tvApp/src/main/java/com/tvmime/tv/sv_ui/screens/dashboard/DashboardScreen.kt:131:51 Unresolved reference: Routes
Compile TV & Mobile APKs	Build Android TV & Mobile APKs	2026-09-06T05:33:47.7742384Z e: file:///home/runner/work/tvmime/tvmime/tvApp/src/main/java/com/tvmime/tv/sv_ui/screens/dashboard/DashboardScreen.kt:175:59 Unresolved reference: Routes
Compile TV & Mobile APKs	Build Android TV & Mobile APKs	2026-09-06T05:33:47.7744030Z e: file:///home/runner/work/tvmime/tvmime/tvApp/src/main/java/com/tvmime/tv/sv_ui/screens/dashboard/DashboardScreen.kt:183:59 Unresolved reference: Routes
Compile TV & Mobile APKs	Build Android TV & Mobile APKs	2026-09-06T05:33:47.7745691Z e: file:///home/runner/work/tvmime/tvmime/tvApp/src/main/java/com/tvmime/tv/sv_ui/screens/dashboard/DashboardScreen.kt:196:44 Unresolved reference: Routes
Compile TV & Mobile APKs	Build Android TV & Mobile APKs	2026-09-06T05:33:47.7747317Z e: file:///home/runner/work/tvmime/tvmime/tvApp/src/main/java/com/tvmime/tv/sv_ui/screens/dashboard/DashboardScreen.kt:197:45 Unresolved reference: Routes
Compile TV & Mobile APKs	Build Android TV & Mobile APKs	2026-09-06T05:33:47.7748936Z e: file:///home/runner/work/tvmime/tvmime/tvApp/src/main/java/com/tvmime/tv/sv_ui/screens/dashboard/DashboardScreen.kt:204:49 Unresolved reference: Routes
Compile TV & Mobile APKs	Build Android TV & Mobile APKs	2026-09-06T05:33:47.7771413Z e: file:///home/runner/work/tvmime/tvmime/tvApp/src/main/java/com/tvmime/tv/sv_ui/screens/dashboard/DashboardScreen.kt:214:49 Unresolved reference: Routes
Compile TV & Mobile APKs	Build Android TV & Mobile APKs	2026-09-06T05:33:47.7773304Z e: file:///home/runner/work/tvmime/tvmime/tvApp/src/main/java/com/tvmime/tv/sv_ui/screens/dashboard/DashboardScreen.kt:233:49 Unresolved reference: Routes
Compile TV & Mobile APKs	Build Android TV & Mobile APKs	2026-09-06T05:33:47.7775366Z e: file:///home/runner/work/tvmime/tvmime/tvApp/src/main/java/com/tvmime/tv/sv_ui/screens/dashboard/DashboardScreen.kt:245:49 Unresolved reference: Routes
Compile TV & Mobile APKs	Build Android TV & Mobile APKs	2026-09-06T05:33:47.7777037Z e: file:///home/runner/work/tvmime/tvmime/tvApp/src/main/java/com/tvmime/tv/sv_ui/screens/dashboard/DashboardScreen.kt:258:49 Unresolved reference: Routes
Compile TV & Mobile APKs	Build Android TV & Mobile APKs	2026-09-06T05:33:47.7778728Z e: file:///home/runner/work/tvmime/tvmime/tvApp/src/main/java/com/tvmime/tv/sv_ui/screens/dashboard/DashboardScreen.kt:267:49 Unresolved reference: Routes
Compile TV & Mobile APKs	Build Android TV & Mobile APKs	2026-09-06T05:33:47.7784489Z e: file:///home/runner/work/tvmime/tvmime/tvApp/src/main/java/com/tvmime/tv/sv_ui/screens/dashboard/DashboardScreen.kt:292:49 Unresolved reference: Routes
Compile TV & Mobile APKs	Build Android TV & Mobile APKs	2026-09-06T05:33:47.7786541Z e: file:///home/runner/work/tvmime/tvmime/tvApp/src/main/java/com/tvmime/tv/sv_ui/screens/dashboard/DashboardScreen.kt:301:49 Unresolved reference: Routes
Compile TV & Mobile APKs	Build Android TV & Mobile APKs	2026-09-06T05:33:47.7788307Z e: file:///home/runner/work/tvmime/tvmime/tvApp/src/main/java/com/tvmime/tv/sv_ui/screens/dashboard/DashboardScreen.kt:342:30 Unresolved reference: rememberIsTelevisionDevice
Compile TV & Mobile APKs	Build Android TV & Mobile APKs	2026-09-06T05:33:47.7790326Z e: file:///home/runner/work/tvmime/tvmime/tvApp/src/main/java/com/tvmime/tv/sv_ui/screens/dashboard/DashboardScreen.kt:354:13 Unresolved reference: AsyncImage
Compile TV & Mobile APKs	Build Android TV & Mobile APKs	2026-09-06T05:33:47.7792134Z e: file:///home/runner/work/tvmime/tvmime/tvApp/src/main/java/com/tvmime/tv/sv_ui/screens/dashboard/DashboardScreen.kt:433:26 Unresolved reference: SurfaceDefaults
Compile TV & Mobile APKs	Build Android TV & Mobile APKs	2026-09-06T05:33:47.7793941Z e: file:///home/runner/work/tvmime/tvmime/tvApp/src/main/java/com/tvmime/tv/sv_ui/screens/dashboard/DashboardScreen.kt:496:30 Unresolved reference: rememberIsTelevisionDevice
Compile TV & Mobile APKs	Build Android TV & Mobile APKs	2026-09-06T05:33:47.7795781Z e: file:///home/runner/work/tvmime/tvmime/tvApp/src/main/java/com/tvmime/tv/sv_ui/screens/dashboard/DashboardScreen.kt:624:18 Unresolved reference: SurfaceDefaults
Compile TV & Mobile APKs	Build Android TV & Mobile APKs	2026-09-06T05:33:47.7797788Z e: file:///home/runner/work/tvmime/tvmime/tvApp/src/main/java/com/tvmime/tv/sv_ui/screens/dashboard/DashboardScreen.kt:696:18 Unresolved reference: SurfaceDefaults
Compile TV & Mobile APKs	Build Android TV & Mobile APKs	2026-09-06T05:33:47.7799530Z e: file:///home/runner/work/tvmime/tvmime/tvApp/src/main/java/com/tvmime/tv/sv_ui/screens/dashboard/DashboardScreen.kt:726:18 Unresolved reference: SurfaceDefaults
Compile TV & Mobile APKs	Build Android TV & Mobile APKs	2026-09-06T05:33:47.7801518Z e: file:///home/runner/work/tvmime/tvmime/tvApp/src/main/java/com/tvmime/tv/sv_ui/screens/dashboard/DashboardScreen.kt:763:18 Unresolved reference: SurfaceDefaults
Compile TV & Mobile APKs	Build Android TV & Mobile APKs	2026-09-06T05:33:47.7803343Z e: file:///home/runner/work/tvmime/tvmime/tvApp/src/main/java/com/tvmime/tv/sv_ui/screens/dashboard/DashboardScreen.kt:821:34 Unresolved reference: rememberIsTelevisionDevice
Compile TV & Mobile APKs	Build Android TV & Mobile APKs	2026-09-06T05:33:47.7805180Z e: file:///home/runner/work/tvmime/tvmime/tvApp/src/main/java/com/tvmime/tv/sv_ui/screens/dashboard/DashboardScreen.kt:832:22 Unresolved reference: SurfaceDefaults
Compile TV & Mobile APKs	Build Android TV & Mobile APKs	2026-09-06T05:33:47.7807032Z e: file:///home/runner/work/tvmime/tvmime/tvApp/src/main/java/com/tvmime/tv/sv_ui/screens/dashboard/DashboardViewModel.kt:8:35 Unresolved reference: AppUpdateActionState
Compile TV & Mobile APKs	Build Android TV & Mobile APKs	2026-09-06T05:33:47.7808865Z e: file:///home/runner/work/tvmime/tvmime/tvApp/src/main/java/com/tvmime/tv/sv_ui/screens/dashboard/DashboardViewModel.kt:10:35 Unresolved reference: isRemoteVersionNewer
Compile TV & Mobile APKs	Build Android TV & Mobile APKs	2026-09-06T05:33:47.7810902Z e: file:///home/runner/work/tvmime/tvmime/tvApp/src/main/java/com/tvmime/tv/sv_ui/screens/dashboard/DashboardViewModel.kt:11:35 Unresolved reference: latestAppUpdateAction
Compile TV & Mobile APKs	Build Android TV & Mobile APKs	2026-09-06T05:33:47.7813039Z e: file:///home/runner/work/tvmime/tvmime/tvApp/src/main/java/com/tvmime/tv/sv_ui/screens/dashboard/DashboardViewModel.kt:169:26 Not enough information to infer type variable T2
Compile TV & Mobile APKs	Build Android TV & Mobile APKs	2026-09-06T05:33:47.7814931Z e: file:///home/runner/work/tvmime/tvmime/tvApp/src/main/java/com/tvmime/tv/sv_ui/screens/dashboard/DashboardViewModel.kt:171:35 Unresolved reference: parentalControlLevel
Compile TV & Mobile APKs	Build Android TV & Mobile APKs	2026-09-06T05:33:47.7816950Z e: file:///home/runner/work/tvmime/tvmime/tvApp/src/main/java/com/tvmime/tv/sv_ui/screens/dashboard/DashboardViewModel.kt:172:21 Cannot infer a type for this parameter. Please specify it explicitly.
Compile TV & Mobile APKs	Build Android TV & Mobile APKs	2026-09-06T05:33:47.7818967Z e: file:///home/runner/work/tvmime/tvmime/tvApp/src/main/java/com/tvmime/tv/sv_ui/screens/dashboard/DashboardViewModel.kt:177:34 Not enough information to infer type variable T2
Compile TV & Mobile APKs	Build Android TV & Mobile APKs	2026-09-06T05:33:47.7821045Z e: file:///home/runner/work/tvmime/tvmime/tvApp/src/main/java/com/tvmime/tv/sv_ui/screens/dashboard/DashboardViewModel.kt:179:35 Unresolved reference: parentalControlLevel
Compile TV & Mobile APKs	Build Android TV & Mobile APKs	2026-09-06T05:33:47.7823055Z e: file:///home/runner/work/tvmime/tvmime/tvApp/src/main/java/com/tvmime/tv/sv_ui/screens/dashboard/DashboardViewModel.kt:180:21 Cannot infer a type for this parameter. Please specify it explicitly.
Compile TV & Mobile APKs	Build Android TV & Mobile APKs	2026-09-06T05:33:47.7825038Z e: file:///home/runner/work/tvmime/tvmime/tvApp/src/main/java/com/tvmime/tv/sv_ui/screens/dashboard/DashboardViewModel.kt:185:37 Not enough information to infer type variable T2
Compile TV & Mobile APKs	Build Android TV & Mobile APKs	2026-09-06T05:33:47.7827188Z e: file:///home/runner/work/tvmime/tvmime/tvApp/src/main/java/com/tvmime/tv/sv_ui/screens/dashboard/DashboardViewModel.kt:187:35 Unresolved reference: parentalControlLevel
Compile TV & Mobile APKs	Build Android TV & Mobile APKs	2026-09-06T05:33:47.7829220Z e: file:///home/runner/work/tvmime/tvmime/tvApp/src/main/java/com/tvmime/tv/sv_ui/screens/dashboard/DashboardViewModel.kt:188:21 Cannot infer a type for this parameter. Please specify it explicitly.
Compile TV & Mobile APKs	Build Android TV & Mobile APKs	2026-09-06T05:33:47.7831369Z e: file:///home/runner/work/tvmime/tvmime/tvApp/src/main/java/com/tvmime/tv/sv_ui/screens/dashboard/DashboardViewModel.kt:193:27 Not enough information to infer type variable T2
Compile TV & Mobile APKs	Build Android TV & Mobile APKs	2026-09-06T05:33:47.7833407Z e: file:///home/runner/work/tvmime/tvmime/tvApp/src/main/java/com/tvmime/tv/sv_ui/screens/dashboard/DashboardViewModel.kt:195:35 Unresolved reference: parentalControlLevel
Compile TV & Mobile APKs	Build Android TV & Mobile APKs	2026-09-06T05:33:47.7835329Z e: file:///home/runner/work/tvmime/tvmime/tvApp/src/main/java/com/tvmime/tv/sv_ui/screens/dashboard/DashboardViewModel.kt:196:21 Cannot infer a type for this parameter. Please specify it explicitly.
Compile TV & Mobile APKs	Build Android TV & Mobile APKs	2026-09-06T05:33:47.7837479Z e: file:///home/runner/work/tvmime/tvmime/tvApp/src/main/java/com/tvmime/tv/sv_ui/screens/dashboard/DashboardViewModel.kt:201:34 Not enough information to infer type variable T4
Compile TV & Mobile APKs	Build Android TV & Mobile APKs	2026-09-06T05:33:47.7839169Z e: file:///home/runner/work/tvmime/tvmime/tvApp/src/main/java/com/tvmime/tv/sv_ui/screens/dashboard/DashboardViewModel.kt:205:34 Unresolved reference: emit
Compile TV & Mobile APKs	Build Android TV & Mobile APKs	2026-09-06T05:33:47.7840888Z e: file:///home/runner/work/tvmime/tvmime/tvApp/src/main/java/com/tvmime/tv/sv_ui/screens/dashboard/DashboardViewModel.kt:206:35 Unresolved reference: emit
Compile TV & Mobile APKs	Build Android TV & Mobile APKs	2026-09-06T05:33:47.7842558Z e: file:///home/runner/work/tvmime/tvmime/tvApp/src/main/java/com/tvmime/tv/sv_ui/screens/dashboard/DashboardViewModel.kt:207:70 Cannot infer a type for this parameter. Please specify it explicitly.
Compile TV & Mobile APKs	Build Android TV & Mobile APKs	2026-09-06T05:33:47.7844510Z e: file:///home/runner/work/tvmime/tvmime/tvApp/src/main/java/com/tvmime/tv/sv_ui/screens/dashboard/DashboardViewModel.kt:207:84 Cannot infer a type for this parameter. Please specify it explicitly.
Compile TV & Mobile APKs	Build Android TV & Mobile APKs	2026-09-06T05:33:47.7846348Z e: file:///home/runner/work/tvmime/tvmime/tvApp/src/main/java/com/tvmime/tv/sv_ui/screens/dashboard/DashboardViewModel.kt:218:43 Not enough information to infer type variable T1
Compile TV & Mobile APKs	Build Android TV & Mobile APKs	2026-09-06T05:33:47.7848240Z e: file:///home/runner/work/tvmime/tvmime/tvApp/src/main/java/com/tvmime/tv/sv_ui/screens/dashboard/DashboardViewModel.kt:224:13 Cannot infer a type for this parameter. Please specify it explicitly.
Compile TV & Mobile APKs	Build Android TV & Mobile APKs	2026-09-06T05:33:47.7850151Z e: file:///home/runner/work/tvmime/tvmime/tvApp/src/main/java/com/tvmime/tv/sv_ui/screens/dashboard/DashboardViewModel.kt:233:51 Unresolved reference: emit
Compile TV & Mobile APKs	Build Android TV & Mobile APKs	2026-09-06T05:33:47.7851857Z e: file:///home/runner/work/tvmime/tvmime/tvApp/src/main/java/com/tvmime/tv/sv_ui/screens/dashboard/DashboardViewModel.kt:233:74 Cannot infer a type for this parameter. Please specify it explicitly.
Compile TV & Mobile APKs	Build Android TV & Mobile APKs	2026-09-06T05:33:47.7853762Z e: file:///home/runner/work/tvmime/tvmime/tvApp/src/main/java/com/tvmime/tv/sv_ui/screens/dashboard/DashboardViewModel.kt:233:83 Cannot infer a type for this parameter. Please specify it explicitly.
Compile TV & Mobile APKs	Build Android TV & Mobile APKs	2026-09-06T05:33:47.7855571Z e: file:///home/runner/work/tvmime/tvmime/tvApp/src/main/java/com/tvmime/tv/sv_ui/screens/dashboard/DashboardViewModel.kt:236:54 Unresolved reference: emit
Compile TV & Mobile APKs	Build Android TV & Mobile APKs	2026-09-06T05:33:47.7857379Z e: file:///home/runner/work/tvmime/tvmime/tvApp/src/main/java/com/tvmime/tv/sv_ui/screens/dashboard/DashboardViewModel.kt:236:77 Cannot infer a type for this parameter. Please specify it explicitly.
Compile TV & Mobile APKs	Build Android TV & Mobile APKs	2026-09-06T05:33:47.7859360Z e: file:///home/runner/work/tvmime/tvmime/tvApp/src/main/java/com/tvmime/tv/sv_ui/screens/dashboard/DashboardViewModel.kt:236:86 Cannot infer a type for this parameter. Please specify it explicitly.
Compile TV & Mobile APKs	Build Android TV & Mobile APKs	2026-09-06T05:33:47.7861421Z e: file:///home/runner/work/tvmime/tvmime/tvApp/src/main/java/com/tvmime/tv/sv_ui/screens/dashboard/DashboardViewModel.kt:242:28 Not enough information to infer type variable T1
Compile TV & Mobile APKs	Build Android TV & Mobile APKs	2026-09-06T05:33:47.7863579Z e: file:///home/runner/work/tvmime/tvmime/tvApp/src/main/java/com/tvmime/tv/sv_ui/screens/dashboard/DashboardViewModel.kt:253:13 Cannot infer a type for this parameter. Please specify it explicitly.
Compile TV & Mobile APKs	Build Android TV & Mobile APKs	2026-09-06T05:33:47.7865452Z e: file:///home/runner/work/tvmime/tvmime/tvApp/src/main/java/com/tvmime/tv/sv_ui/screens/dashboard/DashboardViewModel.kt:266:35 Unresolved reference: appHomeDashboardShelves
Compile TV & Mobile APKs	Build Android TV & Mobile APKs	2026-09-06T05:33:47.7867170Z e: file:///home/runner/work/tvmime/tvmime/tvApp/src/main/java/com/tvmime/tv/sv_ui/screens/dashboard/DashboardViewModel.kt:266:69 Unresolved reference: emit
Compile TV & Mobile APKs	Build Android TV & Mobile APKs	2026-09-06T05:33:47.7868980Z e: file:///home/runner/work/tvmime/tvmime/tvApp/src/main/java/com/tvmime/tv/sv_ui/screens/dashboard/DashboardViewModel.kt:267:13 Cannot infer a type for this parameter. Please specify it explicitly.
Compile TV & Mobile APKs	Build Android TV & Mobile APKs	2026-09-06T05:33:47.7871171Z e: file:///home/runner/work/tvmime/tvmime/tvApp/src/main/java/com/tvmime/tv/sv_ui/screens/dashboard/DashboardViewModel.kt:267:23 Cannot infer a type for this parameter. Please specify it explicitly.
Compile TV & Mobile APKs	Build Android TV & Mobile APKs	2026-09-06T05:33:47.7873429Z e: file:///home/runner/work/tvmime/tvmime/tvApp/src/main/java/com/tvmime/tv/sv_ui/screens/dashboard/DashboardViewModel.kt:269:67 Cannot infer a type for this parameter. Please specify it explicitly.
Compile TV & Mobile APKs	Build Android TV & Mobile APKs	2026-09-06T05:33:47.7875765Z e: file:///home/runner/work/tvmime/tvmime/tvApp/src/main/java/com/tvmime/tv/sv_ui/screens/dashboard/DashboardViewModel.kt:269:77 Cannot infer a type for this parameter. Please specify it explicitly.
Compile TV & Mobile APKs	Build Android TV & Mobile APKs	2026-09-06T05:33:47.7877657Z e: file:///home/runner/work/tvmime/tvmime/tvApp/src/main/java/com/tvmime/tv/sv_ui/screens/dashboard/DashboardViewModel.kt:271:31 Unresolved reference: syncStateForProvider
Compile TV & Mobile APKs	Build Android TV & Mobile APKs	2026-09-06T05:33:47.7879381Z e: file:///home/runner/work/tvmime/tvmime/tvApp/src/main/java/com/tvmime/tv/sv_ui/screens/dashboard/DashboardViewModel.kt:271:75 Unresolved reference: emit
Compile TV & Mobile APKs	Build Android TV & Mobile APKs	2026-09-06T05:33:47.7881400Z e: file:///home/runner/work/tvmime/tvmime/tvApp/src/main/java/com/tvmime/tv/sv_ui/screens/dashboard/DashboardViewModel.kt:271:101 Cannot infer a type for this parameter. Please specify it explicitly.
Compile TV & Mobile APKs	Build Android TV & Mobile APKs	2026-09-06T05:33:47.7883444Z e: file:///home/runner/work/tvmime/tvmime/tvApp/src/main/java/com/tvmime/tv/sv_ui/screens/dashboard/DashboardViewModel.kt:271:111 Cannot infer a type for this parameter. Please specify it explicitly.
Compile TV & Mobile APKs	Build Android TV & Mobile APKs	2026-09-06T05:33:47.7885300Z e: file:///home/runner/work/tvmime/tvmime/tvApp/src/main/java/com/tvmime/tv/sv_ui/screens/dashboard/DashboardViewModel.kt:346:14 Not enough information to infer type variable T2
Compile TV & Mobile APKs	Build Android TV & Mobile APKs	2026-09-06T05:33:47.7887062Z e: file:///home/runner/work/tvmime/tvmime/tvApp/src/main/java/com/tvmime/tv/sv_ui/screens/dashboard/DashboardViewModel.kt:346:44 Unresolved reference: parentalControlLevel
Compile TV & Mobile APKs	Build Android TV & Mobile APKs	2026-09-06T05:33:47.7888967Z e: file:///home/runner/work/tvmime/tvmime/tvApp/src/main/java/com/tvmime/tv/sv_ui/screens/dashboard/DashboardViewModel.kt:346:76 Cannot infer a type for this parameter. Please specify it explicitly.
Compile TV & Mobile APKs	Build Android TV & Mobile APKs	2026-09-06T05:33:47.7891020Z e: file:///home/runner/work/tvmime/tvmime/tvApp/src/main/java/com/tvmime/tv/sv_ui/screens/dashboard/DashboardViewModel.kt:362:14 Not enough information to infer type variable T2
Compile TV & Mobile APKs	Build Android TV & Mobile APKs	2026-09-06T05:33:47.7892777Z e: file:///home/runner/work/tvmime/tvmime/tvApp/src/main/java/com/tvmime/tv/sv_ui/screens/dashboard/DashboardViewModel.kt:362:44 Unresolved reference: parentalControlLevel
Compile TV & Mobile APKs	Build Android TV & Mobile APKs	2026-09-06T05:33:47.7894577Z e: file:///home/runner/work/tvmime/tvmime/tvApp/src/main/java/com/tvmime/tv/sv_ui/screens/dashboard/DashboardViewModel.kt:362:76 Cannot infer a type for this parameter. Please specify it explicitly.
Compile TV & Mobile APKs	Build Android TV & Mobile APKs	2026-09-06T05:33:47.7896493Z e: file:///home/runner/work/tvmime/tvmime/tvApp/src/main/java/com/tvmime/tv/sv_ui/screens/dashboard/DashboardViewModel.kt:369:9 Not enough information to infer type variable T1
Compile TV & Mobile APKs	Build Android TV & Mobile APKs	2026-09-06T05:33:47.7898412Z e: file:///home/runner/work/tvmime/tvmime/tvApp/src/main/java/com/tvmime/tv/sv_ui/screens/dashboard/DashboardViewModel.kt:370:35 Unresolved reference: showRecentChannelsCategory
Compile TV & Mobile APKs	Build Android TV & Mobile APKs	2026-09-06T05:33:47.7900859Z e: file:///home/runner/work/tvmime/tvmime/tvApp/src/main/java/com/tvmime/tv/sv_ui/screens/dashboard/DashboardViewModel.kt:370:78 Cannot infer a type for this parameter. Please specify it explicitly.
Compile TV & Mobile APKs	Build Android TV & Mobile APKs	2026-09-06T05:33:47.7902654Z e: file:///home/runner/work/tvmime/tvmime/tvApp/src/main/java/com/tvmime/tv/sv_ui/screens/dashboard/DashboardViewModel.kt:375:35 Unresolved reference: parentalControlLevel
Compile TV & Mobile APKs	Build Android TV & Mobile APKs	2026-09-06T05:33:47.7904414Z e: file:///home/runner/work/tvmime/tvmime/tvApp/src/main/java/com/tvmime/tv/sv_ui/screens/dashboard/DashboardViewModel.kt:376:13 Cannot infer a type for this parameter. Please specify it explicitly.
Compile TV & Mobile APKs	Build Android TV & Mobile APKs	2026-09-06T05:33:47.7906285Z e: file:///home/runner/work/tvmime/tvmime/tvApp/src/main/java/com/tvmime/tv/sv_ui/screens/dashboard/DashboardViewModel.kt:376:23 Cannot infer a type for this parameter. Please specify it explicitly.
Compile TV & Mobile APKs	Build Android TV & Mobile APKs	2026-09-06T05:33:47.7908205Z e: file:///home/runner/work/tvmime/tvmime/tvApp/src/main/java/com/tvmime/tv/sv_ui/screens/dashboard/DashboardViewModel.kt:436:16 Not enough information to infer type variable T3
Compile TV & Mobile APKs	Build Android TV & Mobile APKs	2026-09-06T05:33:47.7910396Z e: file:///home/runner/work/tvmime/tvmime/tvApp/src/main/java/com/tvmime/tv/sv_ui/screens/dashboard/DashboardViewModel.kt:439:35 Unresolved reference: promotedLiveGroupIds
Compile TV & Mobile APKs	Build Android TV & Mobile APKs	2026-09-06T05:33:47.7912241Z e: file:///home/runner/work/tvmime/tvmime/tvApp/src/main/java/com/tvmime/tv/sv_ui/screens/dashboard/DashboardViewModel.kt:440:54 Cannot infer a type for this parameter. Please specify it explicitly.
Compile TV & Mobile APKs	Build Android TV & Mobile APKs	2026-09-06T05:33:47.7914158Z e: file:///home/runner/work/tvmime/tvmime/tvApp/src/main/java/com/tvmime/tv/sv_ui/screens/dashboard/DashboardViewModel.kt:441:70 Operator '==' cannot be applied to 'Long' and 'String?'
Compile TV & Mobile APKs	Build Android TV & Mobile APKs	2026-09-06T05:33:47.7915889Z e: file:///home/runner/work/tvmime/tvmime/tvApp/src/main/java/com/tvmime/tv/sv_ui/screens/dashboard/DashboardViewModel.kt:594:29 Not enough information to infer type variable T1
Compile TV & Mobile APKs	Build Android TV & Mobile APKs	2026-09-06T05:33:47.7917612Z e: file:///home/runner/work/tvmime/tvmime/tvApp/src/main/java/com/tvmime/tv/sv_ui/screens/dashboard/DashboardViewModel.kt:595:35 Unresolved reference: cachedAppUpdateVersionName
Compile TV & Mobile APKs	Build Android TV & Mobile APKs	2026-09-06T05:33:47.7919331Z e: file:///home/runner/work/tvmime/tvmime/tvApp/src/main/java/com/tvmime/tv/sv_ui/screens/dashboard/DashboardViewModel.kt:596:35 Unresolved reference: cachedAppUpdateVersionCode
Compile TV & Mobile APKs	Build Android TV & Mobile APKs	2026-09-06T05:33:47.7921183Z e: file:///home/runner/work/tvmime/tvmime/tvApp/src/main/java/com/tvmime/tv/sv_ui/screens/dashboard/DashboardViewModel.kt:597:35 Unresolved reference: cachedAppUpdatePublishedAt
Compile TV & Mobile APKs	Build Android TV & Mobile APKs	2026-09-06T05:33:47.7922790Z e: file:///home/runner/work/tvmime/tvmime/tvApp/src/main/java/com/tvmime/tv/sv_ui/screens/dashboard/DashboardViewModel.kt:598:35 Unresolved reference: cachedAppUpdateDownloadUrl
Compile TV & Mobile APKs	Build Android TV & Mobile APKs	2026-09-06T05:33:47.7924551Z e: file:///home/runner/work/tvmime/tvmime/tvApp/src/main/java/com/tvmime/tv/sv_ui/screens/dashboard/DashboardViewModel.kt:599:35 Unresolved reference: cachedAppUpdateDownloadSha256
Compile TV & Mobile APKs	Build Android TV & Mobile APKs	2026-09-06T05:33:47.7926417Z e: file:///home/runner/work/tvmime/tvmime/tvApp/src/main/java/com/tvmime/tv/sv_ui/screens/dashboard/DashboardViewModel.kt:600:13 Cannot infer a type for this parameter. Please specify it explicitly.
Compile TV & Mobile APKs	Build Android TV & Mobile APKs	2026-09-06T05:33:47.7928337Z e: file:///home/runner/work/tvmime/tvmime/tvApp/src/main/java/com/tvmime/tv/sv_ui/screens/dashboard/DashboardViewModel.kt:600:32 Cannot infer a type for this parameter. Please specify it explicitly.
Compile TV & Mobile APKs	Build Android TV & Mobile APKs	2026-09-06T05:33:47.7930413Z e: file:///home/runner/work/tvmime/tvmime/tvApp/src/main/java/com/tvmime/tv/sv_ui/screens/dashboard/DashboardViewModel.kt:600:51 Cannot infer a type for this parameter. Please specify it explicitly.
Compile TV & Mobile APKs	Build Android TV & Mobile APKs	2026-09-06T05:33:47.7932410Z e: file:///home/runner/work/tvmime/tvmime/tvApp/src/main/java/com/tvmime/tv/sv_ui/screens/dashboard/DashboardViewModel.kt:600:64 Cannot infer a type for this parameter. Please specify it explicitly.
Compile TV & Mobile APKs	Build Android TV & Mobile APKs	2026-09-06T05:33:47.7934747Z e: file:///home/runner/work/tvmime/tvmime/tvApp/src/main/java/com/tvmime/tv/sv_ui/screens/dashboard/DashboardViewModel.kt:600:77 Cannot infer a type for this parameter. Please specify it explicitly.
Compile TV & Mobile APKs	Build Android TV & Mobile APKs	2026-09-06T05:33:47.7936842Z e: file:///home/runner/work/tvmime/tvmime/tvApp/src/main/java/com/tvmime/tv/sv_ui/screens/dashboard/DashboardViewModel.kt:610:57 Unresolved reference: downloadState
Compile TV & Mobile APKs	Build Android TV & Mobile APKs	2026-09-06T05:33:47.7938671Z e: file:///home/runner/work/tvmime/tvmime/tvApp/src/main/java/com/tvmime/tv/sv_ui/screens/dashboard/DashboardViewModel.kt:610:74 Cannot infer a type for this parameter. Please specify it explicitly.
Compile TV & Mobile APKs	Build Android TV & Mobile APKs	2026-09-06T05:33:47.7940851Z e: file:///home/runner/work/tvmime/tvmime/tvApp/src/main/java/com/tvmime/tv/sv_ui/screens/dashboard/DashboardViewModel.kt:610:83 Cannot infer a type for this parameter. Please specify it explicitly.
Compile TV & Mobile APKs	Build Android TV & Mobile APKs	2026-09-06T05:33:47.7942740Z e: file:///home/runner/work/tvmime/tvmime/tvApp/src/main/java/com/tvmime/tv/sv_ui/screens/dashboard/DashboardViewModel.kt:616:35 Unresolved reference: isRemoteVersionNewer
Compile TV & Mobile APKs	Build Android TV & Mobile APKs	2026-09-06T05:33:47.7944512Z e: file:///home/runner/work/tvmime/tvmime/tvApp/src/main/java/com/tvmime/tv/sv_ui/screens/dashboard/DashboardViewModel.kt:628:31 Unresolved reference: latestAppUpdateAction
Compile TV & Mobile APKs	Build Android TV & Mobile APKs	2026-09-06T05:33:47.7946497Z e: file:///home/runner/work/tvmime/tvmime/tvApp/src/main/java/com/tvmime/tv/sv_ui/screens/dashboard/DashboardViewModel.kt:764:35 Unresolved reference: setAppHomeDashboardShelves
Compile TV & Mobile APKs	Build Android TV & Mobile APKs	2026-09-06T05:33:47.7948317Z e: file:///home/runner/work/tvmime/tvmime/tvApp/src/main/java/com/tvmime/tv/sv_ui/screens/dashboard/DashboardViewModel.kt:772:35 Unresolved reference: setAppHomeDashboardShelves
Compile TV & Mobile APKs	Build Android TV & Mobile APKs	2026-09-06T05:33:47.7950234Z e: file:///home/runner/work/tvmime/tvmime/tvApp/src/main/java/com/tvmime/tv/sv_ui/screens/dashboard/DashboardViewModel.kt:779:51 Unresolved reference: installDownloadedUpdate
Compile TV & Mobile APKs	Build Android TV & Mobile APKs	2026-09-06T05:33:47.7952254Z e: file:///home/runner/work/tvmime/tvmime/tvApp/src/main/java/com/tvmime/tv/sv_ui/screens/dashboard/DashboardViewModel.kt:783:20 One type argument expected. Use 'Success<*>' if you don't want to pass type arguments
Compile TV & Mobile APKs	Build Android TV & Mobile APKs	2026-09-06T05:33:47.7954482Z e: file:///home/runner/work/tvmime/tvmime/tvApp/src/main/java/com/tvmime/tv/sv_ui/screens/dashboard/DashboardViewModel.kt:874:22 Unresolved reference: AppUpdateActionState
Compile TV & Mobile APKs	Build Android TV & Mobile APKs	2026-09-06T05:33:47.7956464Z e: file:///home/runner/work/tvmime/tvmime/tvApp/src/main/java/com/tvmime/tv/sv_ui/screens/dashboard/DashboardViewModel.kt:877:32 Unresolved reference: AppUpdateActionState
Compile TV & Mobile APKs	Build Android TV & Mobile APKs	2026-09-06T05:33:47.7958372Z e: file:///home/runner/work/tvmime/tvmime/tvApp/src/main/java/com/tvmime/tv/sv_ui/screens/dashboard/DashboardViewModel.kt:880:32 Unresolved reference: AppUpdateActionState
Compile TV & Mobile APKs	Build Android TV & Mobile APKs	2026-09-06T05:33:47.7960253Z e: file:///home/runner/work/tvmime/tvmime/tvApp/src/main/java/com/tvmime/tv/sv_ui/screens/epg/EpgControlComponents.kt:59:28 Unresolved reference: device
Compile TV & Mobile APKs	Build Android TV & Mobile APKs	2026-09-06T05:33:47.7962714Z e: file:///home/runner/work/tvmime/tvmime/tvApp/src/main/java/com/tvmime/tv/sv_ui/screens/epg/EpgControlComponents.kt:224:30 Unresolved reference: rememberIsTelevisionDevice
Compile TV & Mobile APKs	Build Android TV & Mobile APKs	2026-09-06T05:33:47.7964361Z e: file:///home/runner/work/tvmime/tvmime/tvApp/src/main/java/com/tvmime/tv/sv_ui/screens/epg/EpgControlComponents.kt:227:25 Not enough information to infer type variable T
Compile TV & Mobile APKs	Build Android TV & Mobile APKs	2026-09-06T05:33:47.7966354Z e: file:///home/runner/work/tvmime/tvmime/tvApp/src/main/java/com/tvmime/tv/sv_ui/screens/epg/EpgControlComponents.kt:227:25 Property delegate must have a 'getValue(Nothing?, KProperty<*>)' method. None of the following functions is suitable: 
Compile TV & Mobile APKs	Build Android TV & Mobile APKs	2026-09-06T05:33:47.7968120Z public inline operator fun <T> State<???>.getValue(thisObj: Any?, property: KProperty<*>): ??? defined in androidx.compose.runtime
Compile TV & Mobile APKs	Build Android TV & Mobile APKs	2026-09-06T05:33:47.7969922Z e: file:///home/runner/work/tvmime/tvmime/tvApp/src/main/java/com/tvmime/tv/sv_ui/screens/epg/EpgControlComponents.kt:237:34 This foundation API is experimental and is likely to change or be removed in the future.
Compile TV & Mobile APKs	Build Android TV & Mobile APKs	2026-09-06T05:33:47.7971950Z e: file:///home/runner/work/tvmime/tvmime/tvApp/src/main/java/com/tvmime/tv/sv_ui/screens/epg/EpgControlComponents.kt:237:45 This foundation API is experimental and is likely to change or be removed in the future.
Compile TV & Mobile APKs	Build Android TV & Mobile APKs	2026-09-06T05:33:47.7974000Z e: file:///home/runner/work/tvmime/tvmime/tvApp/src/main/java/com/tvmime/tv/sv_ui/screens/epg/EpgControlComponents.kt:249:27 This foundation API is experimental and is likely to change or be removed in the future.
Compile TV & Mobile APKs	Build Android TV & Mobile APKs	2026-09-06T05:33:47.7976908Z e: file:///home/runner/work/tvmime/tvmime/tvApp/src/main/java/com/tvmime/tv/sv_ui/screens/epg/EpgControlComponents.kt:249:50 This foundation API is experimental and is likely to change or be removed in the future.
Compile TV & Mobile APKs	Build Android TV & Mobile APKs	2026-09-06T05:33:47.7979149Z e: file:///home/runner/work/tvmime/tvmime/tvApp/src/main/java/com/tvmime/tv/sv_ui/screens/epg/EpgControlComponents.kt:325:14 This foundation API is experimental and is likely to change or be removed in the future.
Compile TV & Mobile APKs	Build Android TV & Mobile APKs	2026-09-06T05:33:47.7981713Z e: file:///home/runner/work/tvmime/tvmime/tvApp/src/main/java/com/tvmime/tv/sv_ui/screens/epg/EpgControlComponents.kt:325:37 This foundation API is experimental and is likely to change or be removed in the future.
Compile TV & Mobile APKs	Build Android TV & Mobile APKs	2026-09-06T05:33:47.7983908Z e: file:///home/runner/work/tvmime/tvmime/tvApp/src/main/java/com/tvmime/tv/sv_ui/screens/epg/EpgControlComponents.kt:380:55 This API is experimental and is likely to change in the future.
Compile TV & Mobile APKs	Build Android TV & Mobile APKs	2026-09-06T05:33:47.7986336Z e: file:///home/runner/work/tvmime/tvmime/tvApp/src/main/java/com/tvmime/tv/sv_ui/screens/epg/EpgControlComponents.kt:381:56 This API is experimental and is likely to change in the future.
Compile TV & Mobile APKs	Build Android TV & Mobile APKs	2026-09-06T05:33:47.7988112Z e: file:///home/runner/work/tvmime/tvmime/tvApp/src/main/java/com/tvmime/tv/sv_ui/screens/epg/EpgGridComponents.kt:50:30 Unresolved reference: SurfaceDefaults
Compile TV & Mobile APKs	Build Android TV & Mobile APKs	2026-09-06T05:33:47.7989988Z e: file:///home/runner/work/tvmime/tvmime/tvApp/src/main/java/com/tvmime/tv/sv_ui/screens/epg/EpgGridComponents.kt:438:38 This foundation API is experimental and is likely to change or be removed in the future.
Compile TV & Mobile APKs	Build Android TV & Mobile APKs	2026-09-06T05:33:47.7991864Z e: file:///home/runner/work/tvmime/tvmime/tvApp/src/main/java/com/tvmime/tv/sv_ui/screens/epg/EpgGridComponents.kt:441:33 Cannot find a parameter with this name: repeatDelayMillis
Compile TV & Mobile APKs	Build Android TV & Mobile APKs	2026-09-06T05:33:47.7993479Z e: file:///home/runner/work/tvmime/tvmime/tvApp/src/main/java/com/tvmime/tv/sv_ui/screens/epg/EpgHeroComponents.kt:42:30 Unresolved reference: SurfaceDefaults
Compile TV & Mobile APKs	Build Android TV & Mobile APKs	2026-09-06T05:33:47.7995045Z e: file:///home/runner/work/tvmime/tvmime/tvApp/src/main/java/com/tvmime/tv/sv_ui/screens/epg/EpgHeroComponents.kt:161:18 Unresolved reference: SurfaceDefaults
Compile TV & Mobile APKs	Build Android TV & Mobile APKs	2026-09-06T05:33:47.7996633Z e: file:///home/runner/work/tvmime/tvmime/tvApp/src/main/java/com/tvmime/tv/sv_ui/screens/epg/EpgHeroComponents.kt:296:18 Unresolved reference: SurfaceDefaults
Compile TV & Mobile APKs	Build Android TV & Mobile APKs	2026-09-06T05:33:47.7998159Z e: file:///home/runner/work/tvmime/tvmime/tvApp/src/main/java/com/tvmime/tv/sv_ui/screens/epg/EpgHeroComponents.kt:328:18 Unresolved reference: SurfaceDefaults
Compile TV & Mobile APKs	Build Android TV & Mobile APKs	2026-09-06T05:33:47.7999617Z e: file:///home/runner/work/tvmime/tvmime/tvApp/src/main/java/com/tvmime/tv/sv_ui/screens/epg/EpgScreen.kt:81:22 Unresolved reference: lifecycle
Compile TV & Mobile APKs	Build Android TV & Mobile APKs	2026-09-06T05:33:47.8001753Z e: file:///home/runner/work/tvmime/tvmime/tvApp/src/main/java/com/tvmime/tv/sv_ui/screens/epg/EpgScreen.kt:91:30 Unresolved reference: SurfaceDefaults
Compile TV & Mobile APKs	Build Android TV & Mobile APKs	2026-09-06T05:33:47.8003135Z e: file:///home/runner/work/tvmime/tvmime/tvApp/src/main/java/com/tvmime/tv/sv_ui/screens/epg/EpgScreen.kt:94:28 Unresolved reference: device
Compile TV & Mobile APKs	Build Android TV & Mobile APKs	2026-09-06T05:33:47.8004517Z e: file:///home/runner/work/tvmime/tvmime/tvApp/src/main/java/com/tvmime/tv/sv_ui/screens/epg/EpgScreen.kt:96:28 Unresolved reference: navigation
Compile TV & Mobile APKs	Build Android TV & Mobile APKs	2026-09-06T05:33:47.8005919Z e: file:///home/runner/work/tvmime/tvmime/tvApp/src/main/java/com/tvmime/tv/sv_ui/screens/epg/EpgScreen.kt:148:31 Unresolved reference: hiltViewModel
Compile TV & Mobile APKs	Build Android TV & Mobile APKs	2026-09-06T05:33:47.8007340Z e: file:///home/runner/work/tvmime/tvmime/tvApp/src/main/java/com/tvmime/tv/sv_ui/screens/epg/EpgScreen.kt:176:9 Unresolved reference: Routes
Compile TV & Mobile APKs	Build Android TV & Mobile APKs	2026-09-06T05:33:47.8008670Z e: file:///home/runner/work/tvmime/tvmime/tvApp/src/main/java/com/tvmime/tv/sv_ui/screens/epg/EpgScreen.kt:793:18 Unresolved reference: SurfaceDefaults
Compile TV & Mobile APKs	Build Android TV & Mobile APKs	2026-09-06T05:33:47.8010481Z e: file:///home/runner/work/tvmime/tvmime/tvApp/src/main/java/com/tvmime/tv/sv_ui/screens/epg/EpgScreen.kt:835:18 Unresolved reference: SurfaceDefaults
Compile TV & Mobile APKs	Build Android TV & Mobile APKs	2026-09-06T05:33:47.8012517Z e: file:///home/runner/work/tvmime/tvmime/tvApp/src/main/java/com/tvmime/tv/sv_ui/screens/epg/EpgScreenDialogs.kt:50:30 Unresolved reference: SurfaceDefaults
Compile TV & Mobile APKs	Build Android TV & Mobile APKs	2026-09-06T05:33:47.8014160Z e: file:///home/runner/work/tvmime/tvmime/tvApp/src/main/java/com/tvmime/tv/sv_ui/screens/epg/EpgScreenDialogs.kt:138:22 Unresolved reference: SurfaceDefaults
Compile TV & Mobile APKs	Build Android TV & Mobile APKs	2026-09-06T05:33:47.8015810Z e: file:///home/runner/work/tvmime/tvmime/tvApp/src/main/java/com/tvmime/tv/sv_ui/screens/epg/EpgScreenDialogs.kt:215:22 Unresolved reference: SurfaceDefaults
Compile TV & Mobile APKs	Build Android TV & Mobile APKs	2026-09-06T05:33:47.8017529Z e: file:///home/runner/work/tvmime/tvmime/tvApp/src/main/java/com/tvmime/tv/sv_ui/screens/epg/EpgScreenDialogs.kt:327:22 Unresolved reference: SurfaceDefaults
Compile TV & Mobile APKs	Build Android TV & Mobile APKs	2026-09-06T05:33:47.8019256Z e: file:///home/runner/work/tvmime/tvmime/tvApp/src/main/java/com/tvmime/tv/sv_ui/screens/epg/EpgScreenDialogs.kt:524:22 Unresolved reference: SurfaceDefaults
Compile TV & Mobile APKs	Build Android TV & Mobile APKs	2026-09-06T05:33:47.8021167Z e: file:///home/runner/work/tvmime/tvmime/tvApp/src/main/java/com/tvmime/tv/sv_ui/screens/epg/EpgScreenDialogs.kt:727:22 Unresolved reference: SurfaceDefaults
Compile TV & Mobile APKs	Build Android TV & Mobile APKs	2026-09-06T05:33:47.8022633Z e: file:///home/runner/work/tvmime/tvmime/tvApp/src/main/java/com/tvmime/tv/sv_ui/screens/epg/EpgViewModel.kt:339:39 Unresolved reference: reverseSessionFlow
Compile TV & Mobile APKs	Build Android TV & Mobile APKs	2026-09-06T05:33:47.8024296Z e: file:///home/runner/work/tvmime/tvmime/tvApp/src/main/java/com/tvmime/tv/sv_ui/screens/epg/EpgViewModel.kt:339:68 Cannot infer a type for this parameter. Please specify it explicitly.
Compile TV & Mobile APKs	Build Android TV & Mobile APKs	2026-09-06T05:33:47.8025859Z e: file:///home/runner/work/tvmime/tvmime/tvApp/src/main/java/com/tvmime/tv/sv_ui/screens/epg/EpgViewModel.kt:340:79 Unresolved reference: GUIDE
Compile TV & Mobile APKs	Build Android TV & Mobile APKs	2026-09-06T05:33:47.8027293Z e: file:///home/runner/work/tvmime/tvmime/tvApp/src/main/java/com/tvmime/tv/sv_ui/screens/epg/EpgViewModel.kt:349:36 Unresolved reference: observeUpcomingReminders
Compile TV & Mobile APKs	Build Android TV & Mobile APKs	2026-09-06T05:33:47.8028916Z e: file:///home/runner/work/tvmime/tvmime/tvApp/src/main/java/com/tvmime/tv/sv_ui/screens/epg/EpgViewModel.kt:352:34 Cannot infer a type for this parameter. Please specify it explicitly.
Compile TV & Mobile APKs	Build Android TV & Mobile APKs	2026-09-06T05:33:47.8030690Z e: file:///home/runner/work/tvmime/tvmime/tvApp/src/main/java/com/tvmime/tv/sv_ui/screens/epg/EpgViewModel.kt:382:31 Unresolved reference: verifyParentalPin
Compile TV & Mobile APKs	Build Android TV & Mobile APKs	2026-09-06T05:33:47.8032280Z e: file:///home/runner/work/tvmime/tvmime/tvApp/src/main/java/com/tvmime/tv/sv_ui/screens/epg/EpgViewModel.kt:431:46 'when' expression must be exhaustive, add necessary 'else' branch
Compile TV & Mobile APKs	Build Android TV & Mobile APKs	2026-09-06T05:33:47.8033888Z e: file:///home/runner/work/tvmime/tvmime/tvApp/src/main/java/com/tvmime/tv/sv_ui/screens/epg/EpgViewModel.kt:431:74 Unresolved reference: preparePlaybackStreamInfo
Compile TV & Mobile APKs	Build Android TV & Mobile APKs	2026-09-06T05:33:47.8035607Z e: file:///home/runner/work/tvmime/tvmime/tvApp/src/main/java/com/tvmime/tv/sv_ui/screens/epg/EpgViewModel.kt:432:28 One type argument expected. Use 'Success<*>' if you don't want to pass type arguments
Compile TV & Mobile APKs	Build Android TV & Mobile APKs	2026-09-06T05:33:47.8037257Z e: file:///home/runner/work/tvmime/tvmime/tvApp/src/main/java/com/tvmime/tv/sv_ui/screens/epg/EpgViewModel.kt:445:59 Unresolved reference: playerAudioDecoderMode
Compile TV & Mobile APKs	Build Android TV & Mobile APKs	2026-09-06T05:33:47.8038754Z e: file:///home/runner/work/tvmime/tvmime/tvApp/src/main/java/com/tvmime/tv/sv_ui/screens/epg/EpgViewModel.kt:453:47 Unresolved reference: registerPreviewSession
Compile TV & Mobile APKs	Build Android TV & Mobile APKs	2026-09-06T05:33:47.8040505Z e: file:///home/runner/work/tvmime/tvmime/tvApp/src/main/java/com/tvmime/tv/sv_ui/screens/epg/EpgViewModel.kt:457:55 Unresolved reference: GUIDE
Compile TV & Mobile APKs	Build Android TV & Mobile APKs	2026-09-06T05:33:47.8042144Z e: file:///home/runner/work/tvmime/tvmime/tvApp/src/main/java/com/tvmime/tv/sv_ui/screens/epg/EpgViewModel.kt:472:40 Unresolved reference: beginFullscreenHandoff
Compile TV & Mobile APKs	Build Android TV & Mobile APKs	2026-09-06T05:33:47.8043871Z e: file:///home/runner/work/tvmime/tvmime/tvApp/src/main/java/com/tvmime/tv/sv_ui/screens/epg/EpgViewModel.kt:492:49 Unresolved reference: consumeReverseHandoff
Compile TV & Mobile APKs	Build Android TV & Mobile APKs	2026-09-06T05:33:47.8045523Z e: file:///home/runner/work/tvmime/tvmime/tvApp/src/main/java/com/tvmime/tv/sv_ui/screens/epg/EpgViewModel.kt:492:92 Unresolved reference: GUIDE
Compile TV & Mobile APKs	Build Android TV & Mobile APKs	2026-09-06T05:33:47.8047463Z e: file:///home/runner/work/tvmime/tvmime/tvApp/src/main/java/com/tvmime/tv/sv_ui/screens/epg/EpgViewModel.kt:508:35 Unresolved reference: registerPreviewSession
Compile TV & Mobile APKs	Build Android TV & Mobile APKs	2026-09-06T05:33:47.8049049Z e: file:///home/runner/work/tvmime/tvmime/tvApp/src/main/java/com/tvmime/tv/sv_ui/screens/epg/EpgViewModel.kt:513:43 Unresolved reference: GUIDE
Compile TV & Mobile APKs	Build Android TV & Mobile APKs	2026-09-06T05:33:47.8051074Z e: file:///home/runner/work/tvmime/tvmime/tvApp/src/main/java/com/tvmime/tv/sv_ui/screens/epg/EpgViewModel.kt:524:50 Cannot infer a type for this parameter. Please specify it explicitly.
Compile TV & Mobile APKs	Build Android TV & Mobile APKs	2026-09-06T05:33:47.8053365Z e: file:///home/runner/work/tvmime/tvmime/tvApp/src/main/java/com/tvmime/tv/sv_ui/screens/epg/EpgViewModel.kt:540:35 Unresolved reference. None of the following candidates is applicable because of receiver type mismatch: 
Compile TV & Mobile APKs	Build Android TV & Mobile APKs	2026-09-06T05:33:47.8055504Z public fun kotlin.text.StringBuilder /* = java.lang.StringBuilder */.clear(): kotlin.text.StringBuilder /* = java.lang.StringBuilder */ defined in kotlin.text
Compile TV & Mobile APKs	Build Android TV & Mobile APKs	2026-09-06T05:33:47.8057537Z e: file:///home/runner/work/tvmime/tvmime/tvApp/src/main/java/com/tvmime/tv/sv_ui/screens/epg/EpgViewModel.kt:735:52 Unresolved reference: isReminderScheduled
Compile TV & Mobile APKs	Build Android TV & Mobile APKs	2026-09-06T05:33:47.8059285Z e: file:///home/runner/work/tvmime/tvmime/tvApp/src/main/java/com/tvmime/tv/sv_ui/screens/epg/EpgViewModel.kt:770:40 Unresolved reference: cancelReminder
Compile TV & Mobile APKs	Build Android TV & Mobile APKs	2026-09-06T05:33:47.8061122Z e: file:///home/runner/work/tvmime/tvmime/tvApp/src/main/java/com/tvmime/tv/sv_ui/screens/epg/EpgViewModel.kt:777:40 Unresolved reference: scheduleReminder
Compile TV & Mobile APKs	Build Android TV & Mobile APKs	2026-09-06T05:33:47.8062811Z e: file:///home/runner/work/tvmime/tvmime/tvApp/src/main/java/com/tvmime/tv/sv_ui/screens/epg/EpgViewModel.kt:875:36 Unresolved reference: restoreScheduledReminders
Compile TV & Mobile APKs	Build Android TV & Mobile APKs	2026-09-06T05:33:47.8064566Z e: file:///home/runner/work/tvmime/tvmime/tvApp/src/main/java/com/tvmime/tv/sv_ui/screens/epg/EpgViewModel.kt:980:35 Unresolved reference: setGuideScheduledOnly
Compile TV & Mobile APKs	Build Android TV & Mobile APKs	2026-09-06T05:33:47.8066244Z e: file:///home/runner/work/tvmime/tvmime/tvApp/src/main/java/com/tvmime/tv/sv_ui/screens/epg/EpgViewModel.kt:987:35 Unresolved reference: setGuideChannelMode
Compile TV & Mobile APKs	Build Android TV & Mobile APKs	2026-09-06T05:33:47.8067914Z e: file:///home/runner/work/tvmime/tvmime/tvApp/src/main/java/com/tvmime/tv/sv_ui/screens/epg/EpgViewModel.kt:994:35 Unresolved reference: setGuideDensity
Compile TV & Mobile APKs	Build Android TV & Mobile APKs	2026-09-06T05:33:47.8069585Z e: file:///home/runner/work/tvmime/tvmime/tvApp/src/main/java/com/tvmime/tv/sv_ui/screens/epg/EpgViewModel.kt:1002:35 Unresolved reference: setGuideFavoritesOnly
Compile TV & Mobile APKs	Build Android TV & Mobile APKs	2026-09-06T05:33:47.8071343Z e: file:///home/runner/work/tvmime/tvmime/tvApp/src/main/java/com/tvmime/tv/sv_ui/screens/epg/EpgViewModel.kt:1078:9 Not enough information to infer type variable T4
Compile TV & Mobile APKs	Build Android TV & Mobile APKs	2026-09-06T05:33:47.8073061Z e: file:///home/runner/work/tvmime/tvmime/tvApp/src/main/java/com/tvmime/tv/sv_ui/screens/epg/EpgViewModel.kt:1082:35 Unresolved reference: getCategorySortMode
Compile TV & Mobile APKs	Build Android TV & Mobile APKs	2026-09-06T05:33:47.8074862Z e: file:///home/runner/work/tvmime/tvmime/tvApp/src/main/java/com/tvmime/tv/sv_ui/screens/epg/EpgViewModel.kt:1083:70 Cannot infer a type for this parameter. Please specify it explicitly.
Compile TV & Mobile APKs	Build Android TV & Mobile APKs	2026-09-06T05:33:47.8077113Z e: file:///home/runner/work/tvmime/tvmime/tvApp/src/main/java/com/tvmime/tv/sv_ui/screens/epg/EpgViewModel.kt:1087:37 Type mismatch: inferred type is Set<String> but Set<Long> was expected
Compile TV & Mobile APKs	Build Android TV & Mobile APKs	2026-09-06T05:33:47.8078972Z e: file:///home/runner/work/tvmime/tvmime/tvApp/src/main/java/com/tvmime/tv/sv_ui/screens/epg/EpgViewModel.kt:1090:41 Unresolved reference: showAllChannelsCategory
Compile TV & Mobile APKs	Build Android TV & Mobile APKs	2026-09-06T05:33:47.8080996Z e: file:///home/runner/work/tvmime/tvmime/tvApp/src/main/java/com/tvmime/tv/sv_ui/screens/epg/EpgViewModel.kt:1090:68 Cannot infer a type for this parameter. Please specify it explicitly.
Compile TV & Mobile APKs	Build Android TV & Mobile APKs	2026-09-06T05:33:47.8082918Z e: file:///home/runner/work/tvmime/tvmime/tvApp/src/main/java/com/tvmime/tv/sv_ui/screens/epg/EpgViewModel.kt:1090:74 Cannot infer a type for this parameter. Please specify it explicitly.
Compile TV & Mobile APKs	Build Android TV & Mobile APKs	2026-09-06T05:33:47.8084828Z e: file:///home/runner/work/tvmime/tvmime/tvApp/src/main/java/com/tvmime/tv/sv_ui/screens/epg/EpgViewModel.kt:1106:17 Cannot infer a type for this parameter. Please specify it explicitly.
Compile TV & Mobile APKs	Build Android TV & Mobile APKs	2026-09-06T05:33:47.8087120Z e: file:///home/runner/work/tvmime/tvmime/tvApp/src/main/java/com/tvmime/tv/sv_ui/screens/epg/EpgViewModel.kt:1106:31 Cannot infer a type for this parameter. Please specify it explicitly.
Compile TV & Mobile APKs	Build Android TV & Mobile APKs	2026-09-06T05:33:47.8088843Z e: file:///home/runner/work/tvmime/tvmime/tvApp/src/main/java/com/tvmime/tv/sv_ui/screens/epg/EpgViewModel.kt:1108:75 Unresolved reference: it
Compile TV & Mobile APKs	Build Android TV & Mobile APKs	2026-09-06T05:33:47.8090815Z e: file:///home/runner/work/tvmime/tvmime/tvApp/src/main/java/com/tvmime/tv/sv_ui/screens/epg/EpgViewModel.kt:1134:31 Cannot infer a type for this parameter. Please specify it explicitly.
Compile TV & Mobile APKs	Build Android TV & Mobile APKs	2026-09-06T05:33:47.8092869Z e: file:///home/runner/work/tvmime/tvmime/tvApp/src/main/java/com/tvmime/tv/sv_ui/screens/epg/EpgViewModel.kt:1163:19 Suspension functions can be called only within coroutine body
Compile TV & Mobile APKs	Build Android TV & Mobile APKs	2026-09-06T05:33:47.8094707Z e: file:///home/runner/work/tvmime/tvmime/tvApp/src/main/java/com/tvmime/tv/sv_ui/screens/epg/EpgViewModel.kt:1216:11 Not enough information to infer type variable T2
Compile TV & Mobile APKs	Build Android TV & Mobile APKs	2026-09-06T05:33:47.8096734Z e: file:///home/runner/work/tvmime/tvmime/tvApp/src/main/java/com/tvmime/tv/sv_ui/screens/epg/EpgViewModel.kt:1216:41 Unresolved reference: showAllChannelsCategory
Compile TV & Mobile APKs	Build Android TV & Mobile APKs	2026-09-06T05:33:47.8098643Z e: file:///home/runner/work/tvmime/tvmime/tvApp/src/main/java/com/tvmime/tv/sv_ui/screens/epg/EpgViewModel.kt:1216:74 Cannot infer a type for this parameter. Please specify it explicitly.
Compile TV & Mobile APKs	Build Android TV & Mobile APKs	2026-09-06T05:33:47.8100764Z e: file:///home/runner/work/tvmime/tvmime/tvApp/src/main/java/com/tvmime/tv/sv_ui/screens/epg/EpgViewModel.kt:1242:27 Cannot infer a type for this parameter. Please specify it explicitly.
Compile TV & Mobile APKs	Build Android TV & Mobile APKs	2026-09-06T05:33:47.8102692Z e: file:///home/runner/work/tvmime/tvmime/tvApp/src/main/java/com/tvmime/tv/sv_ui/screens/epg/EpgViewModel.kt:1246:49 Suspension functions can be called only within coroutine body
Compile TV & Mobile APKs	Build Android TV & Mobile APKs	2026-09-06T05:33:47.8104593Z e: file:///home/runner/work/tvmime/tvmime/tvApp/src/main/java/com/tvmime/tv/sv_ui/screens/epg/EpgViewModel.kt:1277:15 Suspension functions can be called only within coroutine body
Compile TV & Mobile APKs	Build Android TV & Mobile APKs	2026-09-06T05:33:47.8106482Z e: file:///home/runner/work/tvmime/tvmime/tvApp/src/main/java/com/tvmime/tv/sv_ui/screens/epg/EpgViewModel.kt:1358:34 Not enough information to infer type variable T2
Compile TV & Mobile APKs	Build Android TV & Mobile APKs	2026-09-06T05:33:47.8108243Z e: file:///home/runner/work/tvmime/tvmime/tvApp/src/main/java/com/tvmime/tv/sv_ui/screens/epg/EpgViewModel.kt:1358:64 Unresolved reference: parentalControlLevel
Compile TV & Mobile APKs	Build Android TV & Mobile APKs	2026-09-06T05:33:47.8110379Z e: file:///home/runner/work/tvmime/tvmime/tvApp/src/main/java/com/tvmime/tv/sv_ui/screens/epg/EpgViewModel.kt:1358:99 Cannot infer a type for this parameter. Please specify it explicitly.
Compile TV & Mobile APKs	Build Android TV & Mobile APKs	2026-09-06T05:33:47.8112604Z e: file:///home/runner/work/tvmime/tvmime/tvApp/src/main/java/com/tvmime/tv/sv_ui/screens/epg/EpgViewModel.kt:1515:35 Unresolved reference: guideDensity
Compile TV & Mobile APKs	Build Android TV & Mobile APKs	2026-09-06T05:33:47.8114370Z e: file:///home/runner/work/tvmime/tvmime/tvApp/src/main/java/com/tvmime/tv/sv_ui/screens/epg/EpgViewModel.kt:1516:25 Cannot infer a type for this parameter. Please specify it explicitly.
Compile TV & Mobile APKs	Build Android TV & Mobile APKs	2026-09-06T05:33:47.8116172Z e: file:///home/runner/work/tvmime/tvmime/tvApp/src/main/java/com/tvmime/tv/sv_ui/screens/epg/EpgViewModel.kt:1521:35 Unresolved reference: guideChannelMode
Compile TV & Mobile APKs	Build Android TV & Mobile APKs	2026-09-06T05:33:47.8117890Z e: file:///home/runner/work/tvmime/tvmime/tvApp/src/main/java/com/tvmime/tv/sv_ui/screens/epg/EpgViewModel.kt:1522:25 Cannot infer a type for this parameter. Please specify it explicitly.
Compile TV & Mobile APKs	Build Android TV & Mobile APKs	2026-09-06T05:33:47.8119660Z e: file:///home/runner/work/tvmime/tvmime/tvApp/src/main/java/com/tvmime/tv/sv_ui/screens/epg/EpgViewModel.kt:1527:61 Unresolved reference: guideDefaultCategoryId
Compile TV & Mobile APKs	Build Android TV & Mobile APKs	2026-09-06T05:33:47.8121438Z e: file:///home/runner/work/tvmime/tvmime/tvApp/src/main/java/com/tvmime/tv/sv_ui/screens/epg/EpgViewModel.kt:1528:61 Unresolved reference: guideFavoritesOnly
Compile TV & Mobile APKs	Build Android TV & Mobile APKs	2026-09-06T05:33:47.8123021Z e: file:///home/runner/work/tvmime/tvmime/tvApp/src/main/java/com/tvmime/tv/sv_ui/screens/epg/EpgViewModel.kt:1529:61 Unresolved reference: guideScheduledOnly
Compile TV & Mobile APKs	Build Android TV & Mobile APKs	2026-09-06T05:33:47.8124830Z e: file:///home/runner/work/tvmime/tvmime/tvApp/src/main/java/com/tvmime/tv/sv_ui/screens/epg/EpgViewModel.kt:1530:35 Unresolved reference: guideAnchorTime
Compile TV & Mobile APKs	Build Android TV & Mobile APKs	2026-09-06T05:33:47.8126423Z e: file:///home/runner/work/tvmime/tvmime/tvApp/src/main/java/com/tvmime/tv/sv_ui/screens/epg/EpgViewModel.kt:1531:28 Unresolved reference: it
Compile TV & Mobile APKs	Build Android TV & Mobile APKs	2026-09-06T05:33:47.8127913Z e: file:///home/runner/work/tvmime/tvmime/tvApp/src/main/java/com/tvmime/tv/sv_ui/screens/epg/EpgViewModel.kt:1532:49 Unresolved reference: it
Compile TV & Mobile APKs	Build Android TV & Mobile APKs	2026-09-06T05:33:47.8129482Z e: file:///home/runner/work/tvmime/tvmime/tvApp/src/main/java/com/tvmime/tv/sv_ui/screens/epg/EpgViewModel.kt:1573:35 Unresolved reference: setGuideAnchorTime
Compile TV & Mobile APKs	Build Android TV & Mobile APKs	2026-09-06T05:33:47.8131409Z e: file:///home/runner/work/tvmime/tvmime/tvApp/src/main/java/com/tvmime/tv/sv_ui/screens/favorites/FavoritesScreen.kt:50:22 Unresolved reference: lifecycle
Compile TV & Mobile APKs	Build Android TV & Mobile APKs	2026-09-06T05:33:47.8133163Z e: file:///home/runner/work/tvmime/tvmime/tvApp/src/main/java/com/tvmime/tv/sv_ui/screens/favorites/FavoritesScreen.kt:55:30 Unresolved reference: SurfaceDefaults
Compile TV & Mobile APKs	Build Android TV & Mobile APKs	2026-09-06T05:33:47.8135147Z e: file:///home/runner/work/tvmime/tvmime/tvApp/src/main/java/com/tvmime/tv/sv_ui/screens/favorites/FavoritesScreen.kt:88:37 Unresolved reference: hiltViewModel
Compile TV & Mobile APKs	Build Android TV & Mobile APKs	2026-09-06T05:33:47.8136884Z e: file:///home/runner/work/tvmime/tvmime/tvApp/src/main/java/com/tvmime/tv/sv_ui/screens/favorites/FavoritesScreen.kt:697:18 Unresolved reference: SurfaceDefaults
Compile TV & Mobile APKs	Build Android TV & Mobile APKs	2026-09-06T05:33:47.8138684Z e: file:///home/runner/work/tvmime/tvmime/tvApp/src/main/java/com/tvmime/tv/sv_ui/screens/favorites/FavoritesScreen.kt:746:18 Unresolved reference: SurfaceDefaults
Compile TV & Mobile APKs	Build Android TV & Mobile APKs	2026-09-06T05:33:47.8141186Z e: file:///home/runner/work/tvmime/tvmime/tvApp/src/main/java/com/tvmime/tv/sv_ui/screens/favorites/FavoritesViewModel.kt:172:55 Not enough information to infer type variable R
Compile TV & Mobile APKs	Build Android TV & Mobile APKs	2026-09-06T05:33:47.8143077Z e: file:///home/runner/work/tvmime/tvmime/tvApp/src/main/java/com/tvmime/tv/sv_ui/screens/favorites/FavoritesViewModel.kt:173:13 Not enough information to infer type variable T3
Compile TV & Mobile APKs	Build Android TV & Mobile APKs	2026-09-06T05:33:47.8144959Z e: file:///home/runner/work/tvmime/tvmime/tvApp/src/main/java/com/tvmime/tv/sv_ui/screens/favorites/FavoritesViewModel.kt:176:39 Unresolved reference: promotedLiveGroupIds
Compile TV & Mobile APKs	Build Android TV & Mobile APKs	2026-09-06T05:33:47.8146931Z e: file:///home/runner/work/tvmime/tvmime/tvApp/src/main/java/com/tvmime/tv/sv_ui/screens/favorites/FavoritesViewModel.kt:177:41 Cannot infer a type for this parameter. Please specify it explicitly.
Compile TV & Mobile APKs	Build Android TV & Mobile APKs	2026-09-06T05:33:47.8148886Z e: file:///home/runner/work/tvmime/tvmime/tvApp/src/main/java/com/tvmime/tv/sv_ui/screens/favorites/FavoritesViewModel.kt:218:35 Not enough information to infer type variable T1
Compile TV & Mobile APKs	Build Android TV & Mobile APKs	2026-09-06T05:33:47.8150887Z e: file:///home/runner/work/tvmime/tvmime/tvApp/src/main/java/com/tvmime/tv/sv_ui/screens/favorites/FavoritesViewModel.kt:222:13 Cannot infer a type for this parameter. Please specify it explicitly.
Compile TV & Mobile APKs	Build Android TV & Mobile APKs	2026-09-06T05:33:47.8152813Z e: file:///home/runner/work/tvmime/tvmime/tvApp/src/main/java/com/tvmime/tv/sv_ui/screens/favorites/FavoritesViewModel.kt:276:13 Not enough information to infer type variable T3
Compile TV & Mobile APKs	Build Android TV & Mobile APKs	2026-09-06T05:33:47.8154799Z e: file:///home/runner/work/tvmime/tvmime/tvApp/src/main/java/com/tvmime/tv/sv_ui/screens/favorites/FavoritesViewModel.kt:288:44 Cannot infer a type for this parameter. Please specify it explicitly.
Compile TV & Mobile APKs	Build Android TV & Mobile APKs	2026-09-06T05:33:47.8156844Z e: file:///home/runner/work/tvmime/tvmime/tvApp/src/main/java/com/tvmime/tv/sv_ui/screens/favorites/FavoritesViewModel.kt:296:25 Cannot infer a type for this parameter. Please specify it explicitly.
Compile TV & Mobile APKs	Build Android TV & Mobile APKs	2026-09-06T05:33:47.8158657Z e: file:///home/runner/work/tvmime/tvmime/tvApp/src/main/java/com/tvmime/tv/sv_ui/screens/favorites/FavoritesViewModel.kt:301:36 Unresolved reference: it
Compile TV & Mobile APKs	Build Android TV & Mobile APKs	2026-09-06T05:33:47.8160392Z e: file:///home/runner/work/tvmime/tvmime/tvApp/src/main/java/com/tvmime/tv/sv_ui/screens/favorites/FavoritesViewModel.kt:312:61 Unresolved reference: it
Compile TV & Mobile APKs	Build Android TV & Mobile APKs	2026-09-06T05:33:47.8162005Z e: file:///home/runner/work/tvmime/tvmime/tvApp/src/main/java/com/tvmime/tv/sv_ui/screens/favorites/FavoritesViewModel.kt:313:62 Unresolved reference: it
Compile TV & Mobile APKs	Build Android TV & Mobile APKs	2026-09-06T05:33:47.8163872Z e: file:///home/runner/work/tvmime/tvmime/tvApp/src/main/java/com/tvmime/tv/sv_ui/screens/favorites/FavoritesViewModel.kt:314:63 Unresolved reference: it
Compile TV & Mobile APKs	Build Android TV & Mobile APKs	2026-09-06T05:33:47.8165469Z e: file:///home/runner/work/tvmime/tvmime/tvApp/src/main/java/com/tvmime/tv/sv_ui/screens/favorites/FavoritesViewModel.kt:315:65 Unresolved reference: it
Compile TV & Mobile APKs	Build Android TV & Mobile APKs	2026-09-06T05:33:47.8167041Z e: file:///home/runner/work/tvmime/tvmime/tvApp/src/main/java/com/tvmime/tv/sv_ui/screens/favorites/FavoritesViewModel.kt:323:62 Unresolved reference: it
Compile TV & Mobile APKs	Build Android TV & Mobile APKs	2026-09-06T05:33:47.8168629Z e: file:///home/runner/work/tvmime/tvmime/tvApp/src/main/java/com/tvmime/tv/sv_ui/screens/favorites/FavoritesViewModel.kt:324:63 Unresolved reference: it
Compile TV & Mobile APKs	Build Android TV & Mobile APKs	2026-09-06T05:33:47.8170451Z e: file:///home/runner/work/tvmime/tvmime/tvApp/src/main/java/com/tvmime/tv/sv_ui/screens/favorites/FavoritesViewModel.kt:325:65 Unresolved reference: it
Compile TV & Mobile APKs	Build Android TV & Mobile APKs	2026-09-06T05:33:47.8172374Z e: file:///home/runner/work/tvmime/tvmime/tvApp/src/main/java/com/tvmime/tv/sv_ui/screens/favorites/FavoritesViewModel.kt:461:61 Unresolved reference: promotedLiveGroupIds
Compile TV & Mobile APKs	Build Android TV & Mobile APKs	2026-09-06T05:33:47.8174306Z e: file:///home/runner/work/tvmime/tvmime/tvApp/src/main/java/com/tvmime/tv/sv_ui/screens/favorites/FavoritesViewModel.kt:462:39 Unresolved reference: setPromotedLiveGroupIds
Compile TV & Mobile APKs	Build Android TV & Mobile APKs	2026-09-06T05:33:47.8176282Z e: file:///home/runner/work/tvmime/tvmime/tvApp/src/main/java/com/tvmime/tv/sv_ui/screens/favorites/FavoritesViewModel.kt:476:57 Unresolved reference: promotedLiveGroupIds
Compile TV & Mobile APKs	Build Android TV & Mobile APKs	2026-09-06T05:33:47.8178638Z e: file:///home/runner/work/tvmime/tvmime/tvApp/src/main/java/com/tvmime/tv/sv_ui/screens/favorites/FavoritesViewModel.kt:482:35 Unresolved reference: setPromotedLiveGroupIds
Compile TV & Mobile APKs	Build Android TV & Mobile APKs	2026-09-06T05:33:47.8180735Z e: file:///home/runner/work/tvmime/tvmime/tvApp/src/main/java/com/tvmime/tv/sv_ui/screens/favorites/FavoritesViewModel.kt:514:69 Unresolved reference: promotedLiveGroupIds
Compile TV & Mobile APKs	Build Android TV & Mobile APKs	2026-09-06T05:33:47.8182798Z e: file:///home/runner/work/tvmime/tvmime/tvApp/src/main/java/com/tvmime/tv/sv_ui/screens/favorites/FavoritesViewModel.kt:515:47 Unresolved reference: setPromotedLiveGroupIds
Compile TV & Mobile APKs	Build Android TV & Mobile APKs	2026-09-06T05:33:47.8184662Z e: file:///home/runner/work/tvmime/tvmime/tvApp/src/main/java/com/tvmime/tv/sv_ui/screens/home/HomeScreen.kt:38:22 Unresolved reference: lifecycle
Compile TV & Mobile APKs	Build Android TV & Mobile APKs	2026-09-06T05:33:47.8186203Z e: file:///home/runner/work/tvmime/tvmime/tvApp/src/main/java/com/tvmime/tv/sv_ui/screens/home/HomeScreen.kt:45:28 Unresolved reference: device
Compile TV & Mobile APKs	Build Android TV & Mobile APKs	2026-09-06T05:33:47.8187928Z e: file:///home/runner/work/tvmime/tvmime/tvApp/src/main/java/com/tvmime/tv/sv_ui/screens/home/HomeScreen.kt:83:46 Unresolved reference: MultiViewViewModel
Compile TV & Mobile APKs	Build Android TV & Mobile APKs	2026-09-06T05:33:47.8189517Z e: file:///home/runner/work/tvmime/tvmime/tvApp/src/main/java/com/tvmime/tv/sv_ui/screens/home/HomeScreen.kt:84:46 Unresolved reference: MultiViewPlannerDialog
Compile TV & Mobile APKs	Build Android TV & Mobile APKs	2026-09-06T05:33:47.8191154Z e: file:///home/runner/work/tvmime/tvmime/tvApp/src/main/java/com/tvmime/tv/sv_ui/screens/home/HomeScreen.kt:85:28 Unresolved reference: navigation
Compile TV & Mobile APKs	Build Android TV & Mobile APKs	2026-09-06T05:33:47.8192855Z e: file:///home/runner/work/tvmime/tvmime/tvApp/src/main/java/com/tvmime/tv/sv_ui/screens/home/HomeScreen.kt:149:32 Unresolved reference: hiltViewModel
Compile TV & Mobile APKs	Build Android TV & Mobile APKs	2026-09-06T05:33:47.8194596Z e: file:///home/runner/work/tvmime/tvmime/tvApp/src/main/java/com/tvmime/tv/sv_ui/screens/home/HomeScreen.kt:150:25 Unresolved reference: MultiViewViewModel
Compile TV & Mobile APKs	Build Android TV & Mobile APKs	2026-09-06T05:33:47.8196371Z e: file:///home/runner/work/tvmime/tvmime/tvApp/src/main/java/com/tvmime/tv/sv_ui/screens/home/HomeScreen.kt:150:46 Unresolved reference: hiltViewModel
Compile TV & Mobile APKs	Build Android TV & Mobile APKs	2026-09-06T05:33:47.8198170Z e: file:///home/runner/work/tvmime/tvmime/tvApp/src/main/java/com/tvmime/tv/sv_ui/screens/home/HomeScreen.kt:165:30 Unresolved reference: rememberIsTelevisionDevice
Compile TV & Mobile APKs	Build Android TV & Mobile APKs	2026-09-06T05:33:47.8200126Z e: file:///home/runner/work/tvmime/tvmime/tvApp/src/main/java/com/tvmime/tv/sv_ui/screens/home/HomeScreen.kt:687:64 Unresolved reference: Routes
Compile TV & Mobile APKs	Build Android TV & Mobile APKs	2026-09-06T05:33:47.8201780Z e: file:///home/runner/work/tvmime/tvmime/tvApp/src/main/java/com/tvmime/tv/sv_ui/screens/home/HomeScreen.kt:706:72 Unresolved reference: Routes
Compile TV & Mobile APKs	Build Android TV & Mobile APKs	2026-09-06T05:33:47.8204017Z e: file:///home/runner/work/tvmime/tvmime/tvApp/src/main/java/com/tvmime/tv/sv_ui/screens/home/HomeScreen.kt:1038:42 This foundation API is experimental and is likely to change or be removed in the future.
Compile TV & Mobile APKs	Build Android TV & Mobile APKs	2026-09-06T05:33:47.8206171Z e: file:///home/runner/work/tvmime/tvmime/tvApp/src/main/java/com/tvmime/tv/sv_ui/screens/home/HomeScreen.kt:1041:45 Cannot find a parameter with this name: repeatDelayMillis
Compile TV & Mobile APKs	Build Android TV & Mobile APKs	2026-09-06T05:33:47.8208056Z e: file:///home/runner/work/tvmime/tvmime/tvApp/src/main/java/com/tvmime/tv/sv_ui/screens/home/HomeScreenDialogs.kt:15:28 Unresolved reference: navigation
Compile TV & Mobile APKs	Build Android TV & Mobile APKs	2026-09-06T05:33:47.8210068Z e: file:///home/runner/work/tvmime/tvmime/tvApp/src/main/java/com/tvmime/tv/sv_ui/screens/home/HomeScreenDialogs.kt:27:46 Unresolved reference: MultiViewPlannerDialog
Compile TV & Mobile APKs	Build Android TV & Mobile APKs	2026-09-06T05:33:47.8211985Z e: file:///home/runner/work/tvmime/tvmime/tvApp/src/main/java/com/tvmime/tv/sv_ui/screens/home/HomeScreenDialogs.kt:28:46 Unresolved reference: MultiViewViewModel
Compile TV & Mobile APKs	Build Android TV & Mobile APKs	2026-09-06T05:33:47.8214157Z e: file:///home/runner/work/tvmime/tvmime/tvApp/src/main/java/com/tvmime/tv/sv_ui/screens/home/HomeScreenDialogs.kt:46:25 Unresolved reference: MultiViewViewModel
Compile TV & Mobile APKs	Build Android TV & Mobile APKs	2026-09-06T05:33:47.8216048Z e: file:///home/runner/work/tvmime/tvmime/tvApp/src/main/java/com/tvmime/tv/sv_ui/screens/home/HomeScreenDialogs.kt:240:9 Unresolved reference: MultiViewPlannerDialog
Compile TV & Mobile APKs	Build Android TV & Mobile APKs	2026-09-06T05:33:47.8217865Z e: file:///home/runner/work/tvmime/tvmime/tvApp/src/main/java/com/tvmime/tv/sv_ui/screens/home/HomeScreenDialogs.kt:247:28 Unresolved reference: Routes
Compile TV & Mobile APKs	Build Android TV & Mobile APKs	2026-09-06T05:33:47.8219617Z e: file:///home/runner/work/tvmime/tvmime/tvApp/src/main/java/com/tvmime/tv/sv_ui/screens/home/HomeScreenDialogs.kt:356:9 Unresolved reference: MultiViewPlannerDialog
Compile TV & Mobile APKs	Build Android TV & Mobile APKs	2026-09-06T05:33:47.8221562Z e: file:///home/runner/work/tvmime/tvmime/tvApp/src/main/java/com/tvmime/tv/sv_ui/screens/home/HomeScreenDialogs.kt:362:28 Unresolved reference: Routes
Compile TV & Mobile APKs	Build Android TV & Mobile APKs	2026-09-06T05:33:47.8223347Z e: file:///home/runner/work/tvmime/tvmime/tvApp/src/main/java/com/tvmime/tv/sv_ui/screens/home/HomeSidebarComponents.kt:50:30 Unresolved reference: SurfaceDefaults
Compile TV & Mobile APKs	Build Android TV & Mobile APKs	2026-09-06T05:33:47.8225110Z e: file:///home/runner/work/tvmime/tvmime/tvApp/src/main/java/com/tvmime/tv/sv_ui/screens/home/HomeSidebarComponents.kt:53:28 Unresolved reference: device
Compile TV & Mobile APKs	Build Android TV & Mobile APKs	2026-09-06T05:33:47.8226871Z e: file:///home/runner/work/tvmime/tvmime/tvApp/src/main/java/com/tvmime/tv/sv_ui/screens/home/HomeSidebarComponents.kt:137:18 Unresolved reference: SurfaceDefaults
Compile TV & Mobile APKs	Build Android TV & Mobile APKs	2026-09-06T05:33:47.8228791Z e: file:///home/runner/work/tvmime/tvmime/tvApp/src/main/java/com/tvmime/tv/sv_ui/screens/home/HomeSidebarComponents.kt:394:30 Unresolved reference: rememberIsTelevisionDevice
Compile TV & Mobile APKs	Build Android TV & Mobile APKs	2026-09-06T05:33:47.8230889Z e: file:///home/runner/work/tvmime/tvmime/tvApp/src/main/java/com/tvmime/tv/sv_ui/screens/home/HomeViewModel.kt:130:39 Unresolved reference: reverseSessionFlow
Compile TV & Mobile APKs	Build Android TV & Mobile APKs	2026-09-06T05:33:47.8232792Z e: file:///home/runner/work/tvmime/tvmime/tvApp/src/main/java/com/tvmime/tv/sv_ui/screens/home/HomeViewModel.kt:130:68 Cannot infer a type for this parameter. Please specify it explicitly.
Compile TV & Mobile APKs	Build Android TV & Mobile APKs	2026-09-06T05:33:47.8234624Z e: file:///home/runner/work/tvmime/tvmime/tvApp/src/main/java/com/tvmime/tv/sv_ui/screens/home/HomeViewModel.kt:131:79 Unresolved reference: HOME
Compile TV & Mobile APKs	Build Android TV & Mobile APKs	2026-09-06T05:33:47.8236395Z e: file:///home/runner/work/tvmime/tvmime/tvApp/src/main/java/com/tvmime/tv/sv_ui/screens/home/HomeViewModel.kt:137:13 Not enough information to infer type variable T1
Compile TV & Mobile APKs	Build Android TV & Mobile APKs	2026-09-06T05:33:47.8238133Z e: file:///home/runner/work/tvmime/tvmime/tvApp/src/main/java/com/tvmime/tv/sv_ui/screens/home/HomeViewModel.kt:138:34 Unresolved reference: slots
Compile TV & Mobile APKs	Build Android TV & Mobile APKs	2026-09-06T05:33:47.8240144Z e: file:///home/runner/work/tvmime/tvmime/tvApp/src/main/java/com/tvmime/tv/sv_ui/screens/home/HomeViewModel.kt:139:39 Unresolved reference: multiViewCenterTwoSlotLayout
Compile TV & Mobile APKs	Build Android TV & Mobile APKs	2026-09-06T05:33:47.8246012Z e: file:///home/runner/work/tvmime/tvmime/tvApp/src/main/java/com/tvmime/tv/sv_ui/screens/home/HomeViewModel.kt:140:17 Cannot infer a type for this parameter. Please specify it explicitly.
Compile TV & Mobile APKs	Build Android TV & Mobile APKs	2026-09-06T05:33:47.8248163Z e: file:///home/runner/work/tvmime/tvmime/tvApp/src/main/java/com/tvmime/tv/sv_ui/screens/home/HomeViewModel.kt:140:24 Cannot infer a type for this parameter. Please specify it explicitly.
Compile TV & Mobile APKs	Build Android TV & Mobile APKs	2026-09-06T05:33:47.8249910Z e: file:///home/runner/work/tvmime/tvmime/tvApp/src/main/java/com/tvmime/tv/sv_ui/screens/home/HomeViewModel.kt:141:91 Unresolved reference: MAX_SLOTS
Compile TV & Mobile APKs	Build Android TV & Mobile APKs	2026-09-06T05:33:47.8251292Z e: file:///home/runner/work/tvmime/tvmime/tvApp/src/main/java/com/tvmime/tv/sv_ui/screens/home/HomeViewModel.kt:142:31 Unresolved reference: it
Compile TV & Mobile APKs	Build Android TV & Mobile APKs	2026-09-06T05:33:47.8252839Z e: file:///home/runner/work/tvmime/tvmime/tvApp/src/main/java/com/tvmime/tv/sv_ui/screens/home/HomeViewModel.kt:143:25 Cannot infer a type for this parameter. Please specify it explicitly.
Compile TV & Mobile APKs	Build Android TV & Mobile APKs	2026-09-06T05:33:47.8254519Z e: file:///home/runner/work/tvmime/tvmime/tvApp/src/main/java/com/tvmime/tv/sv_ui/screens/home/HomeViewModel.kt:221:47 Unresolved reference: setLastActiveProviderId
Compile TV & Mobile APKs	Build Android TV & Mobile APKs	2026-09-06T05:33:47.8256288Z e: file:///home/runner/work/tvmime/tvmime/tvApp/src/main/java/com/tvmime/tv/sv_ui/screens/home/HomeViewModel.kt:327:35 Unresolved reference: parentalControlLevel
Compile TV & Mobile APKs	Build Android TV & Mobile APKs	2026-09-06T05:33:47.8257970Z e: file:///home/runner/work/tvmime/tvmime/tvApp/src/main/java/com/tvmime/tv/sv_ui/screens/home/HomeViewModel.kt:327:72 Cannot infer a type for this parameter. Please specify it explicitly.
Compile TV & Mobile APKs	Build Android TV & Mobile APKs	2026-09-06T05:33:47.8259646Z e: file:///home/runner/work/tvmime/tvmime/tvApp/src/main/java/com/tvmime/tv/sv_ui/screens/home/HomeViewModel.kt:356:35 Unresolved reference: liveTvChannelMode
Compile TV & Mobile APKs	Build Android TV & Mobile APKs	2026-09-06T05:33:47.8261463Z e: file:///home/runner/work/tvmime/tvmime/tvApp/src/main/java/com/tvmime/tv/sv_ui/screens/home/HomeViewModel.kt:359:34 Cannot infer a type for this parameter. Please specify it explicitly.
Compile TV & Mobile APKs	Build Android TV & Mobile APKs	2026-09-06T05:33:47.8263168Z e: file:///home/runner/work/tvmime/tvmime/tvApp/src/main/java/com/tvmime/tv/sv_ui/screens/home/HomeViewModel.kt:368:35 Unresolved reference: liveTvCategoryFilters
Compile TV & Mobile APKs	Build Android TV & Mobile APKs	2026-09-06T05:33:47.8264776Z e: file:///home/runner/work/tvmime/tvmime/tvApp/src/main/java/com/tvmime/tv/sv_ui/screens/home/HomeViewModel.kt:368:73 Cannot infer a type for this parameter. Please specify it explicitly.
Compile TV & Mobile APKs	Build Android TV & Mobile APKs	2026-09-06T05:33:47.8266300Z e: file:///home/runner/work/tvmime/tvmime/tvApp/src/main/java/com/tvmime/tv/sv_ui/screens/home/HomeViewModel.kt:371:62 Unresolved reference: it
Compile TV & Mobile APKs	Build Android TV & Mobile APKs	2026-09-06T05:33:47.8267645Z e: file:///home/runner/work/tvmime/tvmime/tvApp/src/main/java/com/tvmime/tv/sv_ui/screens/home/HomeViewModel.kt:372:50 Unresolved reference: it
Compile TV & Mobile APKs	Build Android TV & Mobile APKs	2026-09-06T05:33:47.8269094Z e: file:///home/runner/work/tvmime/tvmime/tvApp/src/main/java/com/tvmime/tv/sv_ui/screens/home/HomeViewModel.kt:382:35 Unresolved reference: liveTvQuickFilterVisibility
Compile TV & Mobile APKs	Build Android TV & Mobile APKs	2026-09-06T05:33:47.8270978Z e: file:///home/runner/work/tvmime/tvmime/tvApp/src/main/java/com/tvmime/tv/sv_ui/screens/home/HomeViewModel.kt:385:34 Cannot infer a type for this parameter. Please specify it explicitly.
Compile TV & Mobile APKs	Build Android TV & Mobile APKs	2026-09-06T05:33:47.8272918Z e: file:///home/runner/work/tvmime/tvmime/tvApp/src/main/java/com/tvmime/tv/sv_ui/screens/home/HomeViewModel.kt:391:35 Unresolved reference: showLiveSourceSwitcher
Compile TV & Mobile APKs	Build Android TV & Mobile APKs	2026-09-06T05:33:47.8274553Z e: file:///home/runner/work/tvmime/tvmime/tvApp/src/main/java/com/tvmime/tv/sv_ui/screens/home/HomeViewModel.kt:393:34 Cannot infer a type for this parameter. Please specify it explicitly.
Compile TV & Mobile APKs	Build Android TV & Mobile APKs	2026-09-06T05:33:47.8276252Z e: file:///home/runner/work/tvmime/tvmime/tvApp/src/main/java/com/tvmime/tv/sv_ui/screens/home/HomeViewModel.kt:402:21 Type mismatch: inferred type is Any but Flow<???> was expected
Compile TV & Mobile APKs	Build Android TV & Mobile APKs	2026-09-06T05:33:47.8278327Z e: file:///home/runner/work/tvmime/tvmime/tvApp/src/main/java/com/tvmime/tv/sv_ui/screens/home/HomeViewModel.kt:402:21 Type mismatch: inferred type is Any but Flow<TypeVariable(R)> was expected
Compile TV & Mobile APKs	Build Android TV & Mobile APKs	2026-09-06T05:33:47.8280139Z e: file:///home/runner/work/tvmime/tvmime/tvApp/src/main/java/com/tvmime/tv/sv_ui/screens/home/HomeViewModel.kt:402:51 Unresolved reference: syncStateForProvider
Compile TV & Mobile APKs	Build Android TV & Mobile APKs	2026-09-06T05:33:47.8281998Z e: file:///home/runner/work/tvmime/tvmime/tvApp/src/main/java/com/tvmime/tv/sv_ui/screens/home/HomeViewModel.kt:404:34 Cannot infer a type for this parameter. Please specify it explicitly.
Compile TV & Mobile APKs	Build Android TV & Mobile APKs	2026-09-06T05:33:47.8283645Z e: file:///home/runner/work/tvmime/tvmime/tvApp/src/main/java/com/tvmime/tv/sv_ui/screens/home/HomeViewModel.kt:461:43 Unresolved reference: defaultCategoryId
Compile TV & Mobile APKs	Build Android TV & Mobile APKs	2026-09-06T05:33:47.8285145Z e: file:///home/runner/work/tvmime/tvmime/tvApp/src/main/java/com/tvmime/tv/sv_ui/screens/home/HomeViewModel.kt:464:43 Unresolved reference: getCategorySortMode
Compile TV & Mobile APKs	Build Android TV & Mobile APKs	2026-09-06T05:33:47.8286681Z e: file:///home/runner/work/tvmime/tvmime/tvApp/src/main/java/com/tvmime/tv/sv_ui/screens/home/HomeViewModel.kt:465:43 Unresolved reference: getPinnedCategoryIds
Compile TV & Mobile APKs	Build Android TV & Mobile APKs	2026-09-06T05:33:47.8288213Z e: file:///home/runner/work/tvmime/tvmime/tvApp/src/main/java/com/tvmime/tv/sv_ui/screens/home/HomeViewModel.kt:521:19 Not enough information to infer type variable T2
Compile TV & Mobile APKs	Build Android TV & Mobile APKs	2026-09-06T05:33:47.8290282Z e: file:///home/runner/work/tvmime/tvmime/tvApp/src/main/java/com/tvmime/tv/sv_ui/screens/home/HomeViewModel.kt:521:49 Unresolved reference: showRecentChannelsCategory
Compile TV & Mobile APKs	Build Android TV & Mobile APKs	2026-09-06T05:33:47.8292249Z e: file:///home/runner/work/tvmime/tvmime/tvApp/src/main/java/com/tvmime/tv/sv_ui/screens/home/HomeViewModel.kt:521:84 Cannot infer a type for this parameter. Please specify it explicitly.
Compile TV & Mobile APKs	Build Android TV & Mobile APKs	2026-09-06T05:33:47.8294148Z e: file:///home/runner/work/tvmime/tvmime/tvApp/src/main/java/com/tvmime/tv/sv_ui/screens/home/HomeViewModel.kt:523:49 Unresolved reference: showAllChannelsCategory
Compile TV & Mobile APKs	Build Android TV & Mobile APKs	2026-09-06T05:33:47.8296027Z e: file:///home/runner/work/tvmime/tvmime/tvApp/src/main/java/com/tvmime/tv/sv_ui/screens/home/HomeViewModel.kt:523:76 Cannot infer a type for this parameter. Please specify it explicitly.
Compile TV & Mobile APKs	Build Android TV & Mobile APKs	2026-09-06T05:33:47.8298103Z e: file:///home/runner/work/tvmime/tvmime/tvApp/src/main/java/com/tvmime/tv/sv_ui/screens/home/HomeViewModel.kt:523:81 Cannot infer a type for this parameter. Please specify it explicitly.
Compile TV & Mobile APKs	Build Android TV & Mobile APKs	2026-09-06T05:33:47.8300063Z e: file:///home/runner/work/tvmime/tvmime/tvApp/src/main/java/com/tvmime/tv/sv_ui/screens/home/HomeViewModel.kt:524:81 Unresolved reference: it
Compile TV & Mobile APKs	Build Android TV & Mobile APKs	2026-09-06T05:33:47.8301896Z e: file:///home/runner/work/tvmime/tvmime/tvApp/src/main/java/com/tvmime/tv/sv_ui/screens/home/HomeViewModel.kt:525:29 Cannot infer a type for this parameter. Please specify it explicitly.
Compile TV & Mobile APKs	Build Android TV & Mobile APKs	2026-09-06T05:33:47.8303948Z e: file:///home/runner/work/tvmime/tvmime/tvApp/src/main/java/com/tvmime/tv/sv_ui/screens/home/HomeViewModel.kt:529:93 Cannot infer a type for this parameter. Please specify it explicitly.
Compile TV & Mobile APKs	Build Android TV & Mobile APKs	2026-09-06T05:33:47.8305752Z e: file:///home/runner/work/tvmime/tvmime/tvApp/src/main/java/com/tvmime/tv/sv_ui/screens/home/HomeViewModel.kt:530:43 Unresolved reference: it
Compile TV & Mobile APKs	Build Android TV & Mobile APKs	2026-09-06T05:33:47.8307322Z e: file:///home/runner/work/tvmime/tvmime/tvApp/src/main/java/com/tvmime/tv/sv_ui/screens/home/HomeViewModel.kt:530:69 Unresolved reference: it
Compile TV & Mobile APKs	Build Android TV & Mobile APKs	2026-09-06T05:33:47.8308880Z e: file:///home/runner/work/tvmime/tvmime/tvApp/src/main/java/com/tvmime/tv/sv_ui/screens/home/HomeViewModel.kt:544:43 Unresolved reference: it
Compile TV & Mobile APKs	Build Android TV & Mobile APKs	2026-09-06T05:33:47.8310809Z e: file:///home/runner/work/tvmime/tvmime/tvApp/src/main/java/com/tvmime/tv/sv_ui/screens/home/HomeViewModel.kt:554:59 Cannot infer a type for this parameter. Please specify it explicitly.
Compile TV & Mobile APKs	Build Android TV & Mobile APKs	2026-09-06T05:33:47.8312632Z e: file:///home/runner/work/tvmime/tvmime/tvApp/src/main/java/com/tvmime/tv/sv_ui/screens/home/HomeViewModel.kt:554:83 Unresolved reference: it
Compile TV & Mobile APKs	Build Android TV & Mobile APKs	2026-09-06T05:33:47.8314187Z e: file:///home/runner/work/tvmime/tvmime/tvApp/src/main/java/com/tvmime/tv/sv_ui/screens/home/HomeViewModel.kt:555:62 Unresolved reference: it
Compile TV & Mobile APKs	Build Android TV & Mobile APKs	2026-09-06T05:33:47.8315696Z e: file:///home/runner/work/tvmime/tvmime/tvApp/src/main/java/com/tvmime/tv/sv_ui/screens/home/HomeViewModel.kt:564:63 Unresolved reference: it
Compile TV & Mobile APKs	Build Android TV & Mobile APKs	2026-09-06T05:33:47.8317500Z e: file:///home/runner/work/tvmime/tvmime/tvApp/src/main/java/com/tvmime/tv/sv_ui/screens/home/HomeViewModel.kt:571:63 Cannot infer a type for this parameter. Please specify it explicitly.
Compile TV & Mobile APKs	Build Android TV & Mobile APKs	2026-09-06T05:33:47.8319622Z e: file:///home/runner/work/tvmime/tvmime/tvApp/src/main/java/com/tvmime/tv/sv_ui/screens/home/HomeViewModel.kt:571:87 Unresolved reference: it
Compile TV & Mobile APKs	Build Android TV & Mobile APKs	2026-09-06T05:33:47.8321279Z e: file:///home/runner/work/tvmime/tvmime/tvApp/src/main/java/com/tvmime/tv/sv_ui/screens/home/HomeViewModel.kt:572:66 Unresolved reference: it
Compile TV & Mobile APKs	Build Android TV & Mobile APKs	2026-09-06T05:33:47.8322752Z e: file:///home/runner/work/tvmime/tvmime/tvApp/src/main/java/com/tvmime/tv/sv_ui/screens/home/HomeViewModel.kt:636:19 Not enough information to infer type variable T2
Compile TV & Mobile APKs	Build Android TV & Mobile APKs	2026-09-06T05:33:47.8324285Z e: file:///home/runner/work/tvmime/tvmime/tvApp/src/main/java/com/tvmime/tv/sv_ui/screens/home/HomeViewModel.kt:636:49 Unresolved reference: showRecentChannelsCategory
Compile TV & Mobile APKs	Build Android TV & Mobile APKs	2026-09-06T05:33:47.8325939Z e: file:///home/runner/work/tvmime/tvmime/tvApp/src/main/java/com/tvmime/tv/sv_ui/screens/home/HomeViewModel.kt:636:84 Cannot infer a type for this parameter. Please specify it explicitly.
Compile TV & Mobile APKs	Build Android TV & Mobile APKs	2026-09-06T05:33:47.8327935Z e: file:///home/runner/work/tvmime/tvmime/tvApp/src/main/java/com/tvmime/tv/sv_ui/screens/home/HomeViewModel.kt:638:49 Unresolved reference: showAllChannelsCategory
Compile TV & Mobile APKs	Build Android TV & Mobile APKs	2026-09-06T05:33:47.8330002Z e: file:///home/runner/work/tvmime/tvmime/tvApp/src/main/java/com/tvmime/tv/sv_ui/screens/home/HomeViewModel.kt:638:76 Cannot infer a type for this parameter. Please specify it explicitly.
Compile TV & Mobile APKs	Build Android TV & Mobile APKs	2026-09-06T05:33:47.8332052Z e: file:///home/runner/work/tvmime/tvmime/tvApp/src/main/java/com/tvmime/tv/sv_ui/screens/home/HomeViewModel.kt:638:81 Cannot infer a type for this parameter. Please specify it explicitly.
Compile TV & Mobile APKs	Build Android TV & Mobile APKs	2026-09-06T05:33:47.8333865Z e: file:///home/runner/work/tvmime/tvmime/tvApp/src/main/java/com/tvmime/tv/sv_ui/screens/home/HomeViewModel.kt:639:81 Unresolved reference: it
Compile TV & Mobile APKs	Build Android TV & Mobile APKs	2026-09-06T05:33:47.8335628Z e: file:///home/runner/work/tvmime/tvmime/tvApp/src/main/java/com/tvmime/tv/sv_ui/screens/home/HomeViewModel.kt:640:29 Cannot infer a type for this parameter. Please specify it explicitly.
Compile TV & Mobile APKs	Build Android TV & Mobile APKs	2026-09-06T05:33:47.8337382Z e: file:///home/runner/work/tvmime/tvmime/tvApp/src/main/java/com/tvmime/tv/sv_ui/screens/home/HomeViewModel.kt:653:62 Unresolved reference: it
Compile TV & Mobile APKs	Build Android TV & Mobile APKs	2026-09-06T05:33:47.8338934Z e: file:///home/runner/work/tvmime/tvmime/tvApp/src/main/java/com/tvmime/tv/sv_ui/screens/home/HomeViewModel.kt:655:77 Unresolved reference: it
Compile TV & Mobile APKs	Build Android TV & Mobile APKs	2026-09-06T05:33:47.8340571Z e: file:///home/runner/work/tvmime/tvmime/tvApp/src/main/java/com/tvmime/tv/sv_ui/screens/home/HomeViewModel.kt:656:62 Unresolved reference: it
Compile TV & Mobile APKs	Build Android TV & Mobile APKs	2026-09-06T05:33:47.8342143Z e: file:///home/runner/work/tvmime/tvmime/tvApp/src/main/java/com/tvmime/tv/sv_ui/screens/home/HomeViewModel.kt:699:48 Unresolved reference: isIncognitoMode
Compile TV & Mobile APKs	Build Android TV & Mobile APKs	2026-09-06T05:33:47.8343848Z e: file:///home/runner/work/tvmime/tvmime/tvApp/src/main/java/com/tvmime/tv/sv_ui/screens/home/HomeViewModel.kt:700:47 Unresolved reference: setLastLiveCategoryId
Compile TV & Mobile APKs	Build Android TV & Mobile APKs	2026-09-06T05:33:47.8345643Z e: file:///home/runner/work/tvmime/tvmime/tvApp/src/main/java/com/tvmime/tv/sv_ui/screens/home/HomeViewModel.kt:830:17 Not enough information to infer type variable T2
Compile TV & Mobile APKs	Build Android TV & Mobile APKs	2026-09-06T05:33:47.8347464Z e: file:///home/runner/work/tvmime/tvmime/tvApp/src/main/java/com/tvmime/tv/sv_ui/screens/home/HomeViewModel.kt:832:43 Unresolved reference: liveChannelNumberingMode
Compile TV & Mobile APKs	Build Android TV & Mobile APKs	2026-09-06T05:33:47.8349350Z e: file:///home/runner/work/tvmime/tvmime/tvApp/src/main/java/com/tvmime/tv/sv_ui/screens/home/HomeViewModel.kt:835:31 Cannot infer a type for this parameter. Please specify it explicitly.
Compile TV & Mobile APKs	Build Android TV & Mobile APKs	2026-09-06T05:33:47.8351607Z e: file:///home/runner/work/tvmime/tvmime/tvApp/src/main/java/com/tvmime/tv/sv_ui/screens/home/HomeViewModel.kt:839:36 'when' expression must be exhaustive, add necessary 'else' branch
Compile TV & Mobile APKs	Build Android TV & Mobile APKs	2026-09-06T05:33:47.8353731Z e: file:///home/runner/work/tvmime/tvmime/tvApp/src/main/java/com/tvmime/tv/sv_ui/screens/home/HomeViewModel.kt:840:25 Comparison of incompatible enums '???' and 'ChannelNumberingMode' is always unsuccessful
Compile TV & Mobile APKs	Build Android TV & Mobile APKs	2026-09-06T05:33:47.8355962Z e: file:///home/runner/work/tvmime/tvmime/tvApp/src/main/java/com/tvmime/tv/sv_ui/screens/home/HomeViewModel.kt:843:25 Comparison of incompatible enums '???' and 'ChannelNumberingMode' is always unsuccessful
Compile TV & Mobile APKs	Build Android TV & Mobile APKs	2026-09-06T05:33:47.8358487Z e: file:///home/runner/work/tvmime/tvmime/tvApp/src/main/java/com/tvmime/tv/sv_ui/screens/home/HomeViewModel.kt:844:25 Comparison of incompatible enums '???' and 'ChannelNumberingMode' is always unsuccessful
Compile TV & Mobile APKs	Build Android TV & Mobile APKs	2026-09-06T05:33:47.8360706Z e: file:///home/runner/work/tvmime/tvmime/tvApp/src/main/java/com/tvmime/tv/sv_ui/screens/home/HomeViewModel.kt:853:29 Cannot infer a type for this parameter. Please specify it explicitly.
Compile TV & Mobile APKs	Build Android TV & Mobile APKs	2026-09-06T05:33:47.8362618Z e: file:///home/runner/work/tvmime/tvmime/tvApp/src/main/java/com/tvmime/tv/sv_ui/screens/home/HomeViewModel.kt:966:39 Unresolved reference: addLiveTvCategoryFilter
Compile TV & Mobile APKs	Build Android TV & Mobile APKs	2026-09-06T05:33:47.8364543Z e: file:///home/runner/work/tvmime/tvmime/tvApp/src/main/java/com/tvmime/tv/sv_ui/screens/home/HomeViewModel.kt:1061:46 'when' expression must be exhaustive, add necessary 'else' branch
Compile TV & Mobile APKs	Build Android TV & Mobile APKs	2026-09-06T05:33:47.8366698Z e: file:///home/runner/work/tvmime/tvmime/tvApp/src/main/java/com/tvmime/tv/sv_ui/screens/home/HomeViewModel.kt:1061:85 Unresolved reference: preparePlaybackStreamInfo
Compile TV & Mobile APKs	Build Android TV & Mobile APKs	2026-09-06T05:33:47.8368743Z e: file:///home/runner/work/tvmime/tvmime/tvApp/src/main/java/com/tvmime/tv/sv_ui/screens/home/HomeViewModel.kt:1062:28 One type argument expected. Use 'Success<*>' if you don't want to pass type arguments
Compile TV & Mobile APKs	Build Android TV & Mobile APKs	2026-09-06T05:33:47.8370859Z e: file:///home/runner/work/tvmime/tvmime/tvApp/src/main/java/com/tvmime/tv/sv_ui/screens/home/HomeViewModel.kt:1078:59 Unresolved reference: playerAudioDecoderMode
Compile TV & Mobile APKs	Build Android TV & Mobile APKs	2026-09-06T05:33:47.8372664Z e: file:///home/runner/work/tvmime/tvmime/tvApp/src/main/java/com/tvmime/tv/sv_ui/screens/home/HomeViewModel.kt:1089:47 Unresolved reference: registerPreviewSession
Compile TV & Mobile APKs	Build Android TV & Mobile APKs	2026-09-06T05:33:47.8374344Z e: file:///home/runner/work/tvmime/tvmime/tvApp/src/main/java/com/tvmime/tv/sv_ui/screens/home/HomeViewModel.kt:1093:55 Unresolved reference: HOME
Compile TV & Mobile APKs	Build Android TV & Mobile APKs	2026-09-06T05:33:47.8376052Z e: file:///home/runner/work/tvmime/tvmime/tvApp/src/main/java/com/tvmime/tv/sv_ui/screens/home/HomeViewModel.kt:1145:40 Unresolved reference: beginFullscreenHandoff
Compile TV & Mobile APKs	Build Android TV & Mobile APKs	2026-09-06T05:33:47.8377821Z e: file:///home/runner/work/tvmime/tvmime/tvApp/src/main/java/com/tvmime/tv/sv_ui/screens/home/HomeViewModel.kt:1165:49 Unresolved reference: consumeReverseHandoff
Compile TV & Mobile APKs	Build Android TV & Mobile APKs	2026-09-06T05:33:47.8379992Z e: file:///home/runner/work/tvmime/tvmime/tvApp/src/main/java/com/tvmime/tv/sv_ui/screens/home/HomeViewModel.kt:1165:92 Unresolved reference: HOME
Compile TV & Mobile APKs	Build Android TV & Mobile APKs	2026-09-06T05:33:47.8381680Z e: file:///home/runner/work/tvmime/tvmime/tvApp/src/main/java/com/tvmime/tv/sv_ui/screens/home/HomeViewModel.kt:1183:35 Unresolved reference: registerPreviewSession
Compile TV & Mobile APKs	Build Android TV & Mobile APKs	2026-09-06T05:33:47.8383363Z e: file:///home/runner/work/tvmime/tvmime/tvApp/src/main/java/com/tvmime/tv/sv_ui/screens/home/HomeViewModel.kt:1188:43 Unresolved reference: HOME
Compile TV & Mobile APKs	Build Android TV & Mobile APKs	2026-09-06T05:33:47.8385089Z e: file:///home/runner/work/tvmime/tvmime/tvApp/src/main/java/com/tvmime/tv/sv_ui/screens/home/HomeViewModel.kt:1199:50 Cannot infer a type for this parameter. Please specify it explicitly.
Compile TV & Mobile APKs	Build Android TV & Mobile APKs	2026-09-06T05:33:47.8387220Z e: file:///home/runner/work/tvmime/tvmime/tvApp/src/main/java/com/tvmime/tv/sv_ui/screens/home/HomeViewModel.kt:1215:35 Unresolved reference. None of the following candidates is applicable because of receiver type mismatch: 
Compile TV & Mobile APKs	Build Android TV & Mobile APKs	2026-09-06T05:33:47.8389212Z public fun kotlin.text.StringBuilder /* = java.lang.StringBuilder */.clear(): kotlin.text.StringBuilder /* = java.lang.StringBuilder */ defined in kotlin.text
Compile TV & Mobile APKs	Build Android TV & Mobile APKs	2026-09-06T05:33:47.8391029Z e: file:///home/runner/work/tvmime/tvmime/tvApp/src/main/java/com/tvmime/tv/sv_ui/screens/home/HomeViewModel.kt:1393:13 Not enough information to infer type variable T2
Compile TV & Mobile APKs	Build Android TV & Mobile APKs	2026-09-06T05:33:47.8392740Z e: file:///home/runner/work/tvmime/tvmime/tvApp/src/main/java/com/tvmime/tv/sv_ui/screens/home/HomeViewModel.kt:1396:39 Unresolved reference: parentalControlLevel
Compile TV & Mobile APKs	Build Android TV & Mobile APKs	2026-09-06T05:33:47.8394555Z e: file:///home/runner/work/tvmime/tvmime/tvApp/src/main/java/com/tvmime/tv/sv_ui/screens/home/HomeViewModel.kt:1397:27 Cannot infer a type for this parameter. Please specify it explicitly.
Compile TV & Mobile APKs	Build Android TV & Mobile APKs	2026-09-06T05:33:47.8396678Z e: file:///home/runner/work/tvmime/tvmime/tvApp/src/main/java/com/tvmime/tv/sv_ui/screens/home/HomeViewModel.kt:1401:25 Cannot infer a type for this parameter. Please specify it explicitly.
Compile TV & Mobile APKs	Build Android TV & Mobile APKs	2026-09-06T05:33:47.8398502Z e: file:///home/runner/work/tvmime/tvmime/tvApp/src/main/java/com/tvmime/tv/sv_ui/screens/home/HomeViewModel.kt:1411:13 Not enough information to infer type variable T2
Compile TV & Mobile APKs	Build Android TV & Mobile APKs	2026-09-06T05:33:47.8400358Z e: file:///home/runner/work/tvmime/tvmime/tvApp/src/main/java/com/tvmime/tv/sv_ui/screens/home/HomeViewModel.kt:1415:39 Unresolved reference: parentalControlLevel
Compile TV & Mobile APKs	Build Android TV & Mobile APKs	2026-09-06T05:33:47.8402088Z e: file:///home/runner/work/tvmime/tvmime/tvApp/src/main/java/com/tvmime/tv/sv_ui/screens/home/HomeViewModel.kt:1416:27 Cannot infer a type for this parameter. Please specify it explicitly.
Compile TV & Mobile APKs	Build Android TV & Mobile APKs	2026-09-06T05:33:47.8403942Z e: file:///home/runner/work/tvmime/tvmime/tvApp/src/main/java/com/tvmime/tv/sv_ui/screens/home/HomeViewModel.kt:1420:25 Cannot infer a type for this parameter. Please specify it explicitly.
Compile TV & Mobile APKs	Build Android TV & Mobile APKs	2026-09-06T05:33:47.8405929Z e: file:///home/runner/work/tvmime/tvmime/tvApp/src/main/java/com/tvmime/tv/sv_ui/screens/home/HomeViewModel.kt:1594:39 Unresolved reference: refreshTvInputCatalog
Compile TV & Mobile APKs	Build Android TV & Mobile APKs	2026-09-06T05:33:47.8407704Z e: file:///home/runner/work/tvmime/tvmime/tvApp/src/main/java/com/tvmime/tv/sv_ui/screens/home/HomeViewModel.kt:1696:38 Unresolved reference: verifyParentalPin
Compile TV & Mobile APKs	Build Android TV & Mobile APKs	2026-09-06T05:33:47.8409964Z e: file:///home/runner/work/tvmime/tvmime/tvApp/src/main/java/com/tvmime/tv/sv_ui/screens/home/HomeViewModel.kt:1703:22 Unresolved reference. None of the following candidates is applicable because of receiver type mismatch: 
Compile TV & Mobile APKs	Build Android TV & Mobile APKs	2026-09-06T05:33:47.8411810Z public operator fun <T, R> DeepRecursiveFunction<TypeVariable(T), TypeVariable(R)>.invoke(value: TypeVariable(T)): TypeVariable(R) defined in kotlin
Compile TV & Mobile APKs	Build Android TV & Mobile APKs	2026-09-06T05:33:47.8412980Z e: file:///home/runner/work/tvmime/tvmime/tvApp/src/main/java/com/tvmime/tv/sv_ui/screens/home/HomeViewModel.kt:1705:17 Cannot find a parameter with this name: providerId
Compile TV & Mobile APKs	Build Android TV & Mobile APKs	2026-09-06T05:33:47.8414071Z e: file:///home/runner/work/tvmime/tvmime/tvApp/src/main/java/com/tvmime/tv/sv_ui/screens/home/HomeViewModel.kt:1706:17 Cannot find a parameter with this name: categoryId
Compile TV & Mobile APKs	Build Android TV & Mobile APKs	2026-09-06T05:33:47.8415113Z e: file:///home/runner/work/tvmime/tvmime/tvApp/src/main/java/com/tvmime/tv/sv_ui/screens/home/HomeViewModel.kt:1707:17 Cannot find a parameter with this name: pin
Compile TV & Mobile APKs	Build Android TV & Mobile APKs	2026-09-06T05:33:47.8416277Z e: file:///home/runner/work/tvmime/tvmime/tvApp/src/main/java/com/tvmime/tv/sv_ui/screens/home/HomeViewModel.kt:1710:23 One type argument expected. Use 'Success<*>' if you don't want to pass type arguments
Compile TV & Mobile APKs	Build Android TV & Mobile APKs	2026-09-06T05:33:47.8417419Z e: file:///home/runner/work/tvmime/tvmime/tvApp/src/main/java/com/tvmime/tv/sv_ui/screens/home/HomeViewModel.kt:1719:35 Unresolved reference: setDefaultCategory
Compile TV & Mobile APKs	Build Android TV & Mobile APKs	2026-09-06T05:33:47.8418429Z e: file:///home/runner/work/tvmime/tvmime/tvApp/src/main/java/com/tvmime/tv/sv_ui/screens/home/HomeViewModel.kt:1758:35 Unresolved reference: setCategoryHidden
Compile TV & Mobile APKs	Build Android TV & Mobile APKs	2026-09-06T05:33:47.8419435Z e: file:///home/runner/work/tvmime/tvmime/tvApp/src/main/java/com/tvmime/tv/sv_ui/screens/home/HomeViewModel.kt:1782:35 Unresolved reference: setCategoryHidden
Compile TV & Mobile APKs	Build Android TV & Mobile APKs	2026-09-06T05:33:47.8421086Z e: file:///home/runner/work/tvmime/tvmime/tvApp/src/main/java/com/tvmime/tv/sv_ui/screens/home/HomeViewModel.kt:1795:35 Unresolved reference: setHiddenCategoryIds
Compile TV & Mobile APKs	Build Android TV & Mobile APKs	2026-09-06T05:33:47.8422210Z e: file:///home/runner/work/tvmime/tvmime/tvApp/src/main/java/com/tvmime/tv/sv_ui/screens/home/HomeViewModel.kt:1828:35 Unresolved reference: setChannelHidden
Compile TV & Mobile APKs	Build Android TV & Mobile APKs	2026-09-06T05:33:47.8423213Z e: file:///home/runner/work/tvmime/tvmime/tvApp/src/main/java/com/tvmime/tv/sv_ui/screens/home/HomeViewModel.kt:1836:35 Unresolved reference: setChannelHidden
Compile TV & Mobile APKs	Build Android TV & Mobile APKs	2026-09-06T05:33:47.8424211Z e: file:///home/runner/work/tvmime/tvmime/tvApp/src/main/java/com/tvmime/tv/sv_ui/screens/home/HomeViewModel.kt:1843:35 Unresolved reference: setHiddenChannelIds
Compile TV & Mobile APKs	Build Android TV & Mobile APKs	2026-09-06T05:33:47.8425459Z e: file:///home/runner/work/tvmime/tvmime/tvApp/src/main/java/com/tvmime/tv/sv_ui/screens/home/HomeViewModel.kt:1848:55 Unresolved reference: setShowAllChannelsCategory
Compile TV & Mobile APKs	Build Android TV & Mobile APKs	2026-09-06T05:33:47.8426513Z e: file:///home/runner/work/tvmime/tvmime/tvApp/src/main/java/com/tvmime/tv/sv_ui/screens/home/HomeViewModel.kt:1852:55 Unresolved reference: setShowFavoritesCategory
Compile TV & Mobile APKs	Build Android TV & Mobile APKs	2026-09-06T05:33:47.8427577Z e: file:///home/runner/work/tvmime/tvmime/tvApp/src/main/java/com/tvmime/tv/sv_ui/screens/home/HomeViewModel.kt:1856:55 Unresolved reference: setShowRecentChannelsCategory
Compile TV & Mobile APKs	Build Android TV & Mobile APKs	2026-09-06T05:33:47.8428637Z e: file:///home/runner/work/tvmime/tvmime/tvApp/src/main/java/com/tvmime/tv/sv_ui/screens/home/HomeViewModel.kt:1879:35 Unresolved reference: setCategoryPinned
Compile TV & Mobile APKs	Build Android TV & Mobile APKs	2026-09-06T05:33:47.8429617Z e: file:///home/runner/work/tvmime/tvmime/tvApp/src/main/java/com/tvmime/tv/sv_ui/screens/home/HomeViewModel.kt:2126:55 Unresolved reference: MAX_SLOTS
Compile TV & Mobile APKs	Build Android TV & Mobile APKs	2026-09-06T05:33:47.8430940Z e: file:///home/runner/work/tvmime/tvmime/tvApp/src/main/java/com/tvmime/tv/sv_ui/screens/player/PlayerAlternateStreamSupport.kt:3:43 Unresolved reference: XtreamStreamKind
Compile TV & Mobile APKs	Build Android TV & Mobile APKs	2026-09-06T05:33:47.8432172Z e: file:///home/runner/work/tvmime/tvmime/tvApp/src/main/java/com/tvmime/tv/sv_ui/screens/player/PlayerAlternateStreamSupport.kt:4:43 Unresolved reference: XtreamUrlFactory
Compile TV & Mobile APKs	Build Android TV & Mobile APKs	2026-09-06T05:33:47.8433969Z e: file:///home/runner/work/tvmime/tvmime/tvApp/src/main/java/com/tvmime/tv/sv_ui/screens/player/PlayerAlternateStreamSupport.kt:131:17 Unresolved reference: XtreamUrlFactory
Compile TV & Mobile APKs	Build Android TV & Mobile APKs	2026-09-06T05:33:47.8435759Z e: file:///home/runner/work/tvmime/tvmime/tvApp/src/main/java/com/tvmime/tv/sv_ui/screens/player/PlayerAlternateStreamSupport.kt:132:40 Unresolved reference: XtreamStreamKind
Compile TV & Mobile APKs	Build Android TV & Mobile APKs	2026-09-06T05:33:47.8437524Z e: file:///home/runner/work/tvmime/tvmime/tvApp/src/main/java/com/tvmime/tv/sv_ui/screens/player/PlayerAlternateStreamSupport.kt:147:12 Unresolved reference: XtreamUrlFactory
Compile TV & Mobile APKs	Build Android TV & Mobile APKs	2026-09-06T05:33:47.8439287Z e: file:///home/runner/work/tvmime/tvmime/tvApp/src/main/java/com/tvmime/tv/sv_ui/screens/player/PlayerAlternateStreamSupport.kt:149:16 Unresolved reference: XtreamStreamKind
Compile TV & Mobile APKs	Build Android TV & Mobile APKs	2026-09-06T05:33:47.8441210Z e: file:///home/runner/work/tvmime/tvmime/tvApp/src/main/java/com/tvmime/tv/sv_ui/screens/player/PlayerCastCoordinator.kt:22:71 Unresolved reference: connectionState
Compile TV & Mobile APKs	Build Android TV & Mobile APKs	2026-09-06T05:33:47.8442868Z e: file:///home/runner/work/tvmime/tvmime/tvApp/src/main/java/com/tvmime/tv/sv_ui/screens/player/PlayerCastCoordinator.kt:23:71 Unresolved reference: playbackEvents
Compile TV & Mobile APKs	Build Android TV & Mobile APKs	2026-09-06T05:33:47.8444505Z e: file:///home/runner/work/tvmime/tvmime/tvApp/src/main/java/com/tvmime/tv/sv_ui/screens/player/PlayerCastCoordinator.kt:26:29 Unresolved reference: startCasting
Compile TV & Mobile APKs	Build Android TV & Mobile APKs	2026-09-06T05:33:47.8446437Z e: file:///home/runner/work/tvmime/tvmime/tvApp/src/main/java/com/tvmime/tv/sv_ui/screens/player/PlayerCastCoordinator.kt:29:21 Unresolved reference. None of the following candidates is applicable because of receiver type mismatch: 
Compile TV & Mobile APKs	Build Android TV & Mobile APKs	2026-09-06T05:33:47.8448404Z public fun PlayerViewModel.stopCasting(): Unit defined in com.tvmime.tv.sv_ui.screens.player in file PlayerViewModelActions.kt
Compile TV & Mobile APKs	Build Android TV & Mobile APKs	2026-09-06T05:33:47.8450119Z e: file:///home/runner/work/tvmime/tvmime/tvApp/src/main/java/com/tvmime/tv/sv_ui/screens/player/PlayerCastCoordinator.kt:39:53 Unresolved reference: buildFromStreamInfo
Compile TV & Mobile APKs	Build Android TV & Mobile APKs	2026-09-06T05:33:47.8451891Z e: file:///home/runner/work/tvmime/tvmime/tvApp/src/main/java/com/tvmime/tv/sv_ui/screens/player/PlayerContentResolver.kt:4:36 Unresolved reference: stalker
Compile TV & Mobile APKs	Build Android TV & Mobile APKs	2026-09-06T05:33:47.8453566Z e: file:///home/runner/work/tvmime/tvmime/tvApp/src/main/java/com/tvmime/tv/sv_ui/screens/player/PlayerContentResolver.kt:5:29 Unresolved reference: security
Compile TV & Mobile APKs	Build Android TV & Mobile APKs	2026-09-06T05:33:47.8455322Z e: file:///home/runner/work/tvmime/tvmime/tvApp/src/main/java/com/tvmime/tv/sv_ui/screens/player/PlayerContentResolver.kt:53:88 Unresolved reference: isInternalStreamUrl
Compile TV & Mobile APKs	Build Android TV & Mobile APKs	2026-09-06T05:33:47.8457146Z e: file:///home/runner/work/tvmime/tvmime/tvApp/src/main/java/com/tvmime/tv/sv_ui/screens/player/PlayerContentResolver.kt:164:33 Unresolved reference: resolveAndCommitMetadata
Compile TV & Mobile APKs	Build Android TV & Mobile APKs	2026-09-06T05:33:47.8459364Z e: file:///home/runner/work/tvmime/tvmime/tvApp/src/main/java/com/tvmime/tv/sv_ui/screens/player/PlayerContentResolver.kt:170:18 Cannot infer a type for this parameter. Please specify it explicitly.
Compile TV & Mobile APKs	Build Android TV & Mobile APKs	2026-09-06T05:33:47.8461401Z e: file:///home/runner/work/tvmime/tvmime/tvApp/src/main/java/com/tvmime/tv/sv_ui/screens/player/PlayerContentResolver.kt:172:13 'return' is not allowed here
Compile TV & Mobile APKs	Build Android TV & Mobile APKs	2026-09-06T05:33:47.8463220Z e: file:///home/runner/work/tvmime/tvmime/tvApp/src/main/java/com/tvmime/tv/sv_ui/screens/player/PlayerContentResolver.kt:188:17 Unresolved reference: CredentialDecryptionException
Compile TV & Mobile APKs	Build Android TV & Mobile APKs	2026-09-06T05:33:47.8465113Z e: file:///home/runner/work/tvmime/tvmime/tvApp/src/main/java/com/tvmime/tv/sv_ui/screens/player/PlayerContentResolver.kt:191:53 Unresolved reference: CredentialDecryptionException
Compile TV & Mobile APKs	Build Android TV & Mobile APKs	2026-09-06T05:33:47.8467028Z e: file:///home/runner/work/tvmime/tvmime/tvApp/src/main/java/com/tvmime/tv/sv_ui/screens/player/PlayerContentResolver.kt:193:17 Unresolved reference: StalkerPlaybackResolutionException
Compile TV & Mobile APKs	Build Android TV & Mobile APKs	2026-09-06T05:33:47.8469102Z e: file:///home/runner/work/tvmime/tvmime/tvApp/src/main/java/com/tvmime/tv/sv_ui/screens/player/PlayerContentResolver.kt:201:56 Unresolved reference: isInternalStreamUrl
Compile TV & Mobile APKs	Build Android TV & Mobile APKs	2026-09-06T05:33:47.8471092Z e: file:///home/runner/work/tvmime/tvmime/tvApp/src/main/java/com/tvmime/tv/sv_ui/screens/player/PlayerHistoryCoordinator.kt:49:26 Unresolved reference: updateWatchNextProgress
Compile TV & Mobile APKs	Build Android TV & Mobile APKs	2026-09-06T05:33:47.8472888Z e: file:///home/runner/work/tvmime/tvmime/tvApp/src/main/java/com/tvmime/tv/sv_ui/screens/player/PlayerHistoryCoordinator.kt:56:26 Unresolved reference: refreshWatchNext
Compile TV & Mobile APKs	Build Android TV & Mobile APKs	2026-09-06T05:33:47.8474693Z e: file:///home/runner/work/tvmime/tvmime/tvApp/src/main/java/com/tvmime/tv/sv_ui/screens/player/PlayerHistoryCoordinator.kt:57:40 Unresolved reference: refreshRecommendations
Compile TV & Mobile APKs	Build Android TV & Mobile APKs	2026-09-06T05:33:47.8476419Z e: file:///home/runner/work/tvmime/tvmime/tvApp/src/main/java/com/tvmime/tv/sv_ui/screens/player/PlayerLifecycleActions.kt:199:70 Unresolved reference: HOME
Compile TV & Mobile APKs	Build Android TV & Mobile APKs	2026-09-06T05:33:47.8478302Z e: file:///home/runner/work/tvmime/tvmime/tvApp/src/main/java/com/tvmime/tv/sv_ui/screens/player/PlayerPlaybackPreferenceActions.kt:204:84 Type mismatch: inferred type is Long but Int was expected
Compile TV & Mobile APKs	Build Android TV & Mobile APKs	2026-09-06T05:33:47.8480678Z e: file:///home/runner/work/tvmime/tvmime/tvApp/src/main/java/com/tvmime/tv/sv_ui/screens/player/PlayerPlaybackPreferenceActions.kt:234:84 Type mismatch: inferred type is Long but Int was expected
Compile TV & Mobile APKs	Build Android TV & Mobile APKs	2026-09-06T05:33:47.8482428Z e: file:///home/runner/work/tvmime/tvmime/tvApp/src/main/java/com/tvmime/tv/sv_ui/screens/player/PlayerPlaylistActions.kt:104:9 Not enough information to infer type variable T2
Compile TV & Mobile APKs	Build Android TV & Mobile APKs	2026-09-06T05:33:47.8484200Z e: file:///home/runner/work/tvmime/tvmime/tvApp/src/main/java/com/tvmime/tv/sv_ui/screens/player/PlayerPlaylistActions.kt:104:96 Cannot infer a type for this parameter. Please specify it explicitly.
Compile TV & Mobile APKs	Build Android TV & Mobile APKs	2026-09-06T05:33:47.8486032Z e: file:///home/runner/work/tvmime/tvmime/tvApp/src/main/java/com/tvmime/tv/sv_ui/screens/player/PlayerPlaylistActions.kt:106:21 Cannot infer a type for this parameter. Please specify it explicitly.
Compile TV & Mobile APKs	Build Android TV & Mobile APKs	2026-09-06T05:33:47.8487672Z e: file:///home/runner/work/tvmime/tvmime/tvApp/src/main/java/com/tvmime/tv/sv_ui/screens/player/PlayerPlaylistActions.kt:112:30 Unresolved reference: it
Compile TV & Mobile APKs	Build Android TV & Mobile APKs	2026-09-06T05:33:47.8489316Z e: file:///home/runner/work/tvmime/tvmime/tvApp/src/main/java/com/tvmime/tv/sv_ui/screens/player/PlayerPlaylistActions.kt:113:24 Cannot infer a type for this parameter. Please specify it explicitly.
Compile TV & Mobile APKs	Build Android TV & Mobile APKs	2026-09-06T05:33:47.8491774Z e: file:///home/runner/work/tvmime/tvmime/tvApp/src/main/java/com/tvmime/tv/sv_ui/screens/player/PlayerPlaylistActions.kt:147:81 Type inference failed. The value of the type parameter T should be mentioned in input types (argument types, receiver type or expected type). Try to specify it explicitly.
Compile TV & Mobile APKs	Build Android TV & Mobile APKs	2026-09-06T05:33:47.8494613Z e: file:///home/runner/work/tvmime/tvmime/tvApp/src/main/java/com/tvmime/tv/sv_ui/screens/player/PlayerPlaylistActions.kt:153:91 Type inference failed. The value of the type parameter T should be mentioned in input types (argument types, receiver type or expected type). Try to specify it explicitly.
Compile TV & Mobile APKs	Build Android TV & Mobile APKs	2026-09-06T05:33:47.8497484Z e: file:///home/runner/work/tvmime/tvmime/tvApp/src/main/java/com/tvmime/tv/sv_ui/screens/player/PlayerPlaylistActions.kt:161:68 Operator '==' cannot be applied to 'String?' and 'Long'
Compile TV & Mobile APKs	Build Android TV & Mobile APKs	2026-09-06T05:33:47.8499497Z e: file:///home/runner/work/tvmime/tvmime/tvApp/src/main/java/com/tvmime/tv/sv_ui/screens/player/PlayerPlaylistActions.kt:164:45 Operator '==' cannot be applied to 'Long' and 'String?'
Compile TV & Mobile APKs	Build Android TV & Mobile APKs	2026-09-06T05:33:47.8501640Z e: file:///home/runner/work/tvmime/tvmime/tvApp/src/main/java/com/tvmime/tv/sv_ui/screens/player/PlayerPlaylistActions.kt:243:9 Not enough information to infer type variable T2
Compile TV & Mobile APKs	Build Android TV & Mobile APKs	2026-09-06T05:33:47.8507611Z e: file:///home/runner/work/tvmime/tvmime/tvApp/src/main/java/com/tvmime/tv/sv_ui/screens/player/PlayerPlaylistActions.kt:243:91 Cannot infer a type for this parameter. Please specify it explicitly.
Compile TV & Mobile APKs	Build Android TV & Mobile APKs	2026-09-06T05:33:47.8510187Z e: file:///home/runner/work/tvmime/tvmime/tvApp/src/main/java/com/tvmime/tv/sv_ui/screens/player/PlayerPlaylistActions.kt:244:37 'when' expression must be exhaustive, add necessary 'else' branch
Compile TV & Mobile APKs	Build Android TV & Mobile APKs	2026-09-06T05:33:47.8512360Z e: file:///home/runner/work/tvmime/tvmime/tvApp/src/main/java/com/tvmime/tv/sv_ui/screens/player/PlayerPlaylistActions.kt:245:17 Comparison of incompatible enums '???' and 'ChannelNumberingMode' is always unsuccessful
Compile TV & Mobile APKs	Build Android TV & Mobile APKs	2026-09-06T05:33:47.8514715Z e: file:///home/runner/work/tvmime/tvmime/tvApp/src/main/java/com/tvmime/tv/sv_ui/screens/player/PlayerPlaylistActions.kt:248:17 Comparison of incompatible enums '???' and 'ChannelNumberingMode' is always unsuccessful
Compile TV & Mobile APKs	Build Android TV & Mobile APKs	2026-09-06T05:33:47.8516899Z e: file:///home/runner/work/tvmime/tvmime/tvApp/src/main/java/com/tvmime/tv/sv_ui/screens/player/PlayerPlaylistActions.kt:249:17 Comparison of incompatible enums '???' and 'ChannelNumberingMode' is always unsuccessful
Compile TV & Mobile APKs	Build Android TV & Mobile APKs	2026-09-06T05:33:47.8518976Z e: file:///home/runner/work/tvmime/tvmime/tvApp/src/main/java/com/tvmime/tv/sv_ui/screens/player/PlayerPlaylistActions.kt:252:21 Cannot infer a type for this parameter. Please specify it explicitly.
Compile TV & Mobile APKs	Build Android TV & Mobile APKs	2026-09-06T05:33:47.8520887Z e: file:///home/runner/work/tvmime/tvmime/tvApp/src/main/java/com/tvmime/tv/sv_ui/screens/player/PlayerPreferencesCoordinator.kt:20:60 Unresolved reference: appLanguage
Compile TV & Mobile APKs	Build Android TV & Mobile APKs	2026-09-06T05:33:47.8522659Z e: file:///home/runner/work/tvmime/tvmime/tvApp/src/main/java/com/tvmime/tv/sv_ui/screens/player/PlayerPreferencesCoordinator.kt:21:68 Unresolved reference: autoPlayNextEpisode
Compile TV & Mobile APKs	Build Android TV & Mobile APKs	2026-09-06T05:33:47.8524613Z e: file:///home/runner/work/tvmime/tvmime/tvApp/src/main/java/com/tvmime/tv/sv_ui/screens/player/PlayerPreferencesCoordinator.kt:22:79 Unresolved reference: defaultIdleStandbyTimerMinutes
Compile TV & Mobile APKs	Build Android TV & Mobile APKs	2026-09-06T05:33:47.8526607Z e: file:///home/runner/work/tvmime/tvmime/tvApp/src/main/java/com/tvmime/tv/sv_ui/screens/player/PlayerPreferencesCoordinator.kt:23:80 Unresolved reference: defaultStopPlaybackTimerMinutes
Compile TV & Mobile APKs	Build Android TV & Mobile APKs	2026-09-06T05:33:47.8528517Z e: file:///home/runner/work/tvmime/tvmime/tvApp/src/main/java/com/tvmime/tv/sv_ui/screens/player/PlayerPreferencesCoordinator.kt:24:73 Unresolved reference: liveChannelNumberingMode
Compile TV & Mobile APKs	Build Android TV & Mobile APKs	2026-09-06T05:33:47.8530521Z e: file:///home/runner/work/tvmime/tvmime/tvApp/src/main/java/com/tvmime/tv/sv_ui/screens/player/PlayerPreferencesCoordinator.kt:25:72 Unresolved reference: liveVariantObservations
Compile TV & Mobile APKs	Build Android TV & Mobile APKs	2026-09-06T05:33:47.8532365Z e: file:///home/runner/work/tvmime/tvmime/tvApp/src/main/java/com/tvmime/tv/sv_ui/screens/player/PlayerPreferencesCoordinator.kt:26:69 Unresolved reference: parentalControlLevel
Compile TV & Mobile APKs	Build Android TV & Mobile APKs	2026-09-06T05:33:47.8534204Z e: file:///home/runner/work/tvmime/tvmime/tvApp/src/main/java/com/tvmime/tv/sv_ui/screens/player/PlayerPreferencesCoordinator.kt:27:71 Unresolved reference: playerAudioDecoderMode
Compile TV & Mobile APKs	Build Android TV & Mobile APKs	2026-09-06T05:33:47.8536309Z e: file:///home/runner/work/tvmime/tvmime/tvApp/src/main/java/com/tvmime/tv/sv_ui/screens/player/PlayerPreferencesCoordinator.kt:28:76 Unresolved reference: playerAudioOutputPreference
Compile TV & Mobile APKs	Build Android TV & Mobile APKs	2026-09-06T05:33:47.8538768Z e: file:///home/runner/work/tvmime/tvmime/tvApp/src/main/java/com/tvmime/tv/sv_ui/screens/player/PlayerPreferencesCoordinator.kt:29:73 Unresolved reference: playerAudioVideoOffsetMs
Compile TV & Mobile APKs	Build Android TV & Mobile APKs	2026-09-06T05:33:47.8541113Z e: file:///home/runner/work/tvmime/tvmime/tvApp/src/main/java/com/tvmime/tv/sv_ui/screens/player/PlayerPreferencesCoordinator.kt:30:81 Unresolved reference: playerCompatibilityMemoryEnabled
Compile TV & Mobile APKs	Build Android TV & Mobile APKs	2026-09-06T05:33:47.8543214Z e: file:///home/runner/work/tvmime/tvmime/tvApp/src/main/java/com/tvmime/tv/sv_ui/screens/player/PlayerPreferencesCoordinator.kt:80:60 Type mismatch: inferred type is Long but String was expected
Compile TV & Mobile APKs	Build Android TV & Mobile APKs	2026-09-06T05:33:47.8545515Z e: file:///home/runner/work/tvmime/tvmime/tvApp/src/main/java/com/tvmime/tv/sv_ui/screens/player/PlayerPreferencesCoordinator.kt:87:59 Type mismatch: inferred type is Long but String was expected
Compile TV & Mobile APKs	Build Android TV & Mobile APKs	2026-09-06T05:33:47.8547835Z e: file:///home/runner/work/tvmime/tvmime/tvApp/src/main/java/com/tvmime/tv/sv_ui/screens/player/PlayerPreferencesCoordinator.kt:91:67 Type mismatch: inferred type is String but Float? was expected
Compile TV & Mobile APKs	Build Android TV & Mobile APKs	2026-09-06T05:33:47.8550440Z e: file:///home/runner/work/tvmime/tvmime/tvApp/src/main/java/com/tvmime/tv/sv_ui/screens/player/PlayerPreferencesCoordinator.kt:95:72 Type mismatch: inferred type is Int but Long was expected
Compile TV & Mobile APKs	Build Android TV & Mobile APKs	2026-09-06T05:33:47.8552581Z e: file:///home/runner/work/tvmime/tvmime/tvApp/src/main/java/com/tvmime/tv/sv_ui/screens/player/PlayerPreferencesCoordinator.kt:99:59 Type mismatch: inferred type is Int but Long was expected
Compile TV & Mobile APKs	Build Android TV & Mobile APKs	2026-09-06T05:33:47.8554806Z e: file:///home/runner/work/tvmime/tvmime/tvApp/src/main/java/com/tvmime/tv/sv_ui/screens/player/PlayerPreferencesCoordinator.kt:115:67 Type mismatch: inferred type is String but Long was expected
Compile TV & Mobile APKs	Build Android TV & Mobile APKs	2026-09-06T05:33:47.8557278Z e: file:///home/runner/work/tvmime/tvmime/tvApp/src/main/java/com/tvmime/tv/sv_ui/screens/player/PlayerPreferencesCoordinator.kt:115:83 Type mismatch: inferred type is Long but String was expected
Compile TV & Mobile APKs	Build Android TV & Mobile APKs	2026-09-06T05:33:47.8560377Z e: file:///home/runner/work/tvmime/tvmime/tvApp/src/main/java/com/tvmime/tv/sv_ui/screens/player/PlayerPreparationContextActions.kt:101:59 Type mismatch: inferred type is Float but String was expected
Compile TV & Mobile APKs	Build Android TV & Mobile APKs	2026-09-06T05:33:47.8563345Z e: file:///home/runner/work/tvmime/tvmime/tvApp/src/main/java/com/tvmime/tv/sv_ui/screens/player/PlayerPreparationCoordinator.kt:66:55 Unresolved reference: preparePlaybackStreamInfo
Compile TV & Mobile APKs	Build Android TV & Mobile APKs	2026-09-06T05:33:47.8565688Z e: file:///home/runner/work/tvmime/tvmime/tvApp/src/main/java/com/tvmime/tv/sv_ui/screens/player/PlayerPreparationCoordinator.kt:75:16 One type argument expected. Use 'Success<*>' if you don't want to pass type arguments
Compile TV & Mobile APKs	Build Android TV & Mobile APKs	2026-09-06T05:33:47.8567880Z e: file:///home/runner/work/tvmime/tvmime/tvApp/src/main/java/com/tvmime/tv/sv_ui/screens/player/PlayerPreviewCoordinator.kt:26:34 Unresolved reference: LivePreviewHandoffSession
Compile TV & Mobile APKs	Build Android TV & Mobile APKs	2026-09-06T05:33:47.8570102Z e: file:///home/runner/work/tvmime/tvmime/tvApp/src/main/java/com/tvmime/tv/sv_ui/screens/player/PlayerPreviewCoordinator.kt:27:24 Unresolved reference: consumeFullscreenHandoff
Compile TV & Mobile APKs	Build Android TV & Mobile APKs	2026-09-06T05:33:47.8572633Z e: file:///home/runner/work/tvmime/tvmime/tvApp/src/main/java/com/tvmime/tv/sv_ui/screens/player/PlayerPreviewCoordinator.kt:30:24 Unresolved reference. None of the following candidates is applicable because of receiver type mismatch: 
Compile TV & Mobile APKs	Build Android TV & Mobile APKs	2026-09-06T05:33:47.8575051Z public fun kotlin.text.StringBuilder /* = java.lang.StringBuilder */.clear(): kotlin.text.StringBuilder /* = java.lang.StringBuilder */ defined in kotlin.text
Compile TV & Mobile APKs	Build Android TV & Mobile APKs	2026-09-06T05:33:47.8577031Z e: file:///home/runner/work/tvmime/tvmime/tvApp/src/main/java/com/tvmime/tv/sv_ui/screens/player/PlayerPreviewCoordinator.kt:39:24 Unresolved reference: beginReverseHandoff
Compile TV & Mobile APKs	Build Android TV & Mobile APKs	2026-09-06T05:33:47.8579114Z e: file:///home/runner/work/tvmime/tvmime/tvApp/src/main/java/com/tvmime/tv/sv_ui/screens/player/PlayerPreviewCoordinator.kt:58:50 Unresolved reference: streamInfo
Compile TV & Mobile APKs	Build Android TV & Mobile APKs	2026-09-06T05:33:47.8581497Z e: file:///home/runner/work/tvmime/tvmime/tvApp/src/main/java/com/tvmime/tv/sv_ui/screens/player/PlayerPreviewCoordinator.kt:60:27 Unresolved reference: engine
Compile TV & Mobile APKs	Build Android TV & Mobile APKs	2026-09-06T05:33:47.8583815Z e: file:///home/runner/work/tvmime/tvmime/tvApp/src/main/java/com/tvmime/tv/sv_ui/screens/player/PlayerPreviewCoordinator.kt:61:21 Unresolved reference: engine
Compile TV & Mobile APKs	Build Android TV & Mobile APKs	2026-09-06T05:33:47.8585733Z e: file:///home/runner/work/tvmime/tvmime/tvApp/src/main/java/com/tvmime/tv/sv_ui/screens/player/PlayerPreviewCoordinator.kt:65:37 Unresolved reference: engine
Compile TV & Mobile APKs	Build Android TV & Mobile APKs	2026-09-06T05:33:47.8587588Z e: file:///home/runner/work/tvmime/tvmime/tvApp/src/main/java/com/tvmime/tv/sv_ui/screens/player/PlayerPreviewCoordinator.kt:85:35 Unresolved reference: streamInfo
Compile TV & Mobile APKs	Build Android TV & Mobile APKs	2026-09-06T05:33:47.8612789Z e: file:///home/runner/work/tvmime/tvmime/tvApp/src/main/java/com/tvmime/tv/sv_ui/screens/player/PlayerPreviewCoordinator.kt:88:35 Unresolved reference: streamInfo
Compile TV & Mobile APKs	Build Android TV & Mobile APKs	2026-09-06T05:33:47.8614479Z e: file:///home/runner/work/tvmime/tvmime/tvApp/src/main/java/com/tvmime/tv/sv_ui/screens/player/PlayerProviderCoordinator.kt:6:29 Unresolved reference: security
Compile TV & Mobile APKs	Build Android TV & Mobile APKs	2026-09-06T05:33:47.8616561Z e: file:///home/runner/work/tvmime/tvmime/tvApp/src/main/java/com/tvmime/tv/sv_ui/screens/player/PlayerProviderCoordinator.kt:23:21 Unresolved reference: CredentialDecryptionException
Compile TV & Mobile APKs	Build Android TV & Mobile APKs	2026-09-06T05:33:47.8618490Z e: file:///home/runner/work/tvmime/tvmime/tvApp/src/main/java/com/tvmime/tv/sv_ui/screens/player/PlayerProviderCoordinator.kt:24:39 Unresolved reference: CredentialDecryptionException
Compile TV & Mobile APKs	Build Android TV & Mobile APKs	2026-09-06T05:33:47.8620512Z e: file:///home/runner/work/tvmime/tvmime/tvApp/src/main/java/com/tvmime/tv/sv_ui/screens/player/PlayerScreen.kt:10:22 Unresolved reference: lifecycle
Compile TV & Mobile APKs	Build Android TV & Mobile APKs	2026-09-06T05:33:47.8622094Z e: file:///home/runner/work/tvmime/tvmime/tvApp/src/main/java/com/tvmime/tv/sv_ui/screens/player/PlayerScreen.kt:46:28 Unresolved reference: device
Compile TV & Mobile APKs	Build Android TV & Mobile APKs	2026-09-06T05:33:47.8623748Z e: file:///home/runner/work/tvmime/tvmime/tvApp/src/main/java/com/tvmime/tv/sv_ui/screens/player/PlayerScreen.kt:79:28 Unresolved reference: MainActivity
Compile TV & Mobile APKs	Build Android TV & Mobile APKs	2026-09-06T05:33:47.8625511Z e: file:///home/runner/work/tvmime/tvmime/tvApp/src/main/java/com/tvmime/tv/sv_ui/screens/player/PlayerScreen.kt:104:46 Unresolved reference: MultiViewViewModel
Compile TV & Mobile APKs	Build Android TV & Mobile APKs	2026-09-06T05:33:47.8627337Z e: file:///home/runner/work/tvmime/tvmime/tvApp/src/main/java/com/tvmime/tv/sv_ui/screens/player/PlayerScreen.kt:105:46 Unresolved reference: MultiViewPlannerDialog
Compile TV & Mobile APKs	Build Android TV & Mobile APKs	2026-09-06T05:33:47.8629043Z e: file:///home/runner/work/tvmime/tvmime/tvApp/src/main/java/com/tvmime/tv/sv_ui/screens/player/PlayerScreen.kt:106:28 Unresolved reference: navigation
Compile TV & Mobile APKs	Build Android TV & Mobile APKs	2026-09-06T05:33:47.8630908Z e: file:///home/runner/work/tvmime/tvmime/tvApp/src/main/java/com/tvmime/tv/sv_ui/screens/player/PlayerScreen.kt:135:34 Unresolved reference: hiltViewModel
Compile TV & Mobile APKs	Build Android TV & Mobile APKs	2026-09-06T05:33:47.8632763Z e: file:///home/runner/work/tvmime/tvmime/tvApp/src/main/java/com/tvmime/tv/sv_ui/screens/player/PlayerScreen.kt:138:30 Unresolved reference: rememberIsTelevisionDevice
Compile TV & Mobile APKs	Build Android TV & Mobile APKs	2026-09-06T05:33:47.8634635Z e: file:///home/runner/work/tvmime/tvmime/tvApp/src/main/java/com/tvmime/tv/sv_ui/screens/player/PlayerScreen.kt:398:33 Unresolved reference: MultiViewViewModel
Compile TV & Mobile APKs	Build Android TV & Mobile APKs	2026-09-06T05:33:47.8636442Z e: file:///home/runner/work/tvmime/tvmime/tvApp/src/main/java/com/tvmime/tv/sv_ui/screens/player/PlayerScreen.kt:398:54 Unresolved reference: hiltViewModel
Compile TV & Mobile APKs	Build Android TV & Mobile APKs	2026-09-06T05:33:47.8638289Z e: file:///home/runner/work/tvmime/tvmime/tvApp/src/main/java/com/tvmime/tv/sv_ui/screens/player/PlayerScreen.kt:399:9 Unresolved reference: MultiViewPlannerDialog
Compile TV & Mobile APKs	Build Android TV & Mobile APKs	2026-09-06T05:33:47.8640222Z e: file:///home/runner/work/tvmime/tvmime/tvApp/src/main/java/com/tvmime/tv/sv_ui/screens/player/PlayerScreen.kt:405:36 Unresolved reference: Routes
Compile TV & Mobile APKs	Build Android TV & Mobile APKs	2026-09-06T05:33:47.8641872Z e: file:///home/runner/work/tvmime/tvmime/tvApp/src/main/java/com/tvmime/tv/sv_ui/screens/player/PlayerScreen.kt:1076:74 Unresolved reference: CONNECTED
Compile TV & Mobile APKs	Build Android TV & Mobile APKs	2026-09-06T05:33:47.8643522Z e: file:///home/runner/work/tvmime/tvmime/tvApp/src/main/java/com/tvmime/tv/sv_ui/screens/player/PlayerScreen.kt:1211:64 Unresolved reference: CONNECTED
Compile TV & Mobile APKs	Build Android TV & Mobile APKs	2026-09-06T05:33:47.8645526Z e: file:///home/runner/work/tvmime/tvmime/tvApp/src/main/java/com/tvmime/tv/sv_ui/screens/player/PlayerScreen.kt:1397:82 Unresolved reference: CONNECTED
Compile TV & Mobile APKs	Build Android TV & Mobile APKs	2026-09-06T05:33:47.8647163Z e: file:///home/runner/work/tvmime/tvmime/tvApp/src/main/java/com/tvmime/tv/sv_ui/screens/player/PlayerScreen.kt:1556:65 Unresolved reference: MainActivity
Compile TV & Mobile APKs	Build Android TV & Mobile APKs	2026-09-06T05:33:47.8648846Z e: file:///home/runner/work/tvmime/tvmime/tvApp/src/main/java/com/tvmime/tv/sv_ui/screens/player/PlayerScreen.kt:1557:8 Unresolved reference: MainActivity
Compile TV & Mobile APKs	Build Android TV & Mobile APKs	2026-09-06T05:33:47.8650806Z e: file:///home/runner/work/tvmime/tvmime/tvApp/src/main/java/com/tvmime/tv/sv_ui/screens/player/PlayerTranslationCoordinator.kt:3:35 Unresolved reference: LiveTranslationClient
Compile TV & Mobile APKs	Build Android TV & Mobile APKs	2026-09-06T05:33:47.8652761Z e: file:///home/runner/work/tvmime/tvmime/tvApp/src/main/java/com/tvmime/tv/sv_ui/screens/player/PlayerTranslationCoordinator.kt:4:35 Unresolved reference: LiveTranslationSession
Compile TV & Mobile APKs	Build Android TV & Mobile APKs	2026-09-06T05:33:47.8654997Z e: file:///home/runner/work/tvmime/tvmime/tvApp/src/main/java/com/tvmime/tv/sv_ui/screens/player/PlayerTranslationCoordinator.kt:14:26 Unresolved reference: LiveTranslationSession
Compile TV & Mobile APKs	Build Android TV & Mobile APKs	2026-09-06T05:33:47.8657020Z e: file:///home/runner/work/tvmime/tvmime/tvApp/src/main/java/com/tvmime/tv/sv_ui/screens/player/PlayerTranslationCoordinator.kt:30:9 Unresolved reference: LiveTranslationSession
Compile TV & Mobile APKs	Build Android TV & Mobile APKs	2026-09-06T05:33:47.8659047Z e: file:///home/runner/work/tvmime/tvmime/tvApp/src/main/java/com/tvmime/tv/sv_ui/screens/player/PlayerTranslationCoordinator.kt:33:22 Unresolved reference: LiveTranslationClient
Compile TV & Mobile APKs	Build Android TV & Mobile APKs	2026-09-06T05:33:47.8661313Z e: file:///home/runner/work/tvmime/tvmime/tvApp/src/main/java/com/tvmime/tv/sv_ui/screens/player/PlayerTranslationCoordinator.kt:39:18 Cannot infer a type for this parameter. Please specify it explicitly.
Compile TV & Mobile APKs	Build Android TV & Mobile APKs	2026-09-06T05:33:47.8663364Z e: file:///home/runner/work/tvmime/tvmime/tvApp/src/main/java/com/tvmime/tv/sv_ui/screens/player/PlayerViewModel.kt:7:33 Unresolved reference: CastPlaybackReportMode
Compile TV & Mobile APKs	Build Android TV & Mobile APKs	2026-09-06T05:33:47.8665054Z e: file:///home/runner/work/tvmime/tvmime/tvApp/src/main/java/com/tvmime/tv/sv_ui/screens/player/PlayerViewModel.kt:8:28 Unresolved reference: util
Compile TV & Mobile APKs	Build Android TV & Mobile APKs	2026-09-06T05:33:47.8666822Z e: file:///home/runner/work/tvmime/tvmime/tvApp/src/main/java/com/tvmime/tv/sv_ui/screens/player/PlayerViewModel.kt:401:42 Unresolved reference: CastPlaybackReportMode
Compile TV & Mobile APKs	Build Android TV & Mobile APKs	2026-09-06T05:33:47.8668677Z e: file:///home/runner/work/tvmime/tvmime/tvApp/src/main/java/com/tvmime/tv/sv_ui/screens/player/PlayerViewModel.kt:401:67 Unresolved reference: CastPlaybackReportMode
Compile TV & Mobile APKs	Build Android TV & Mobile APKs	2026-09-06T05:33:47.8670559Z e: file:///home/runner/work/tvmime/tvmime/tvApp/src/main/java/com/tvmime/tv/sv_ui/screens/player/PlayerViewModel.kt:589:101 Unresolved reference: it
Compile TV & Mobile APKs	Build Android TV & Mobile APKs	2026-09-06T05:33:47.8672115Z e: file:///home/runner/work/tvmime/tvmime/tvApp/src/main/java/com/tvmime/tv/sv_ui/screens/player/PlayerViewModel.kt:592:106 Unresolved reference: it
Compile TV & Mobile APKs	Build Android TV & Mobile APKs	2026-09-06T05:33:47.8673732Z e: file:///home/runner/work/tvmime/tvmime/tvApp/src/main/java/com/tvmime/tv/sv_ui/screens/player/PlayerViewModel.kt:596:80 Unresolved reference: it
Compile TV & Mobile APKs	Build Android TV & Mobile APKs	2026-09-06T05:33:47.8675331Z e: file:///home/runner/work/tvmime/tvmime/tvApp/src/main/java/com/tvmime/tv/sv_ui/screens/player/PlayerViewModel.kt:601:79 Unresolved reference: it
Compile TV & Mobile APKs	Build Android TV & Mobile APKs	2026-09-06T05:33:47.8677083Z e: file:///home/runner/work/tvmime/tvmime/tvApp/src/main/java/com/tvmime/tv/sv_ui/screens/player/PlayerViewModel.kt:632:13 Not enough information to infer type variable T1
Compile TV & Mobile APKs	Build Android TV & Mobile APKs	2026-09-06T05:33:47.8679098Z e: file:///home/runner/work/tvmime/tvmime/tvApp/src/main/java/com/tvmime/tv/sv_ui/screens/player/PlayerViewModel.kt:638:17 Cannot infer a type for this parameter. Please specify it explicitly.
Compile TV & Mobile APKs	Build Android TV & Mobile APKs	2026-09-06T05:33:47.8713358Z e: file:///home/runner/work/tvmime/tvmime/tvApp/src/main/java/com/tvmime/tv/sv_ui/screens/player/PlayerViewModel.kt:640:22 Unresolved reference. None of the following candidates is applicable because of receiver type mismatch: 
Compile TV & Mobile APKs	Build Android TV & Mobile APKs	2026-09-06T05:33:47.8715695Z public fun <T : Comparable<TypeVariable(T)>> TypeVariable(T).coerceIn(minimumValue: TypeVariable(T)?, maximumValue: TypeVariable(T)?): TypeVariable(T) defined in kotlin.ranges
Compile TV & Mobile APKs	Build Android TV & Mobile APKs	2026-09-06T05:33:47.8718190Z public fun <T : Comparable<TypeVariable(T)>> TypeVariable(T).coerceIn(range: ClosedFloatingPointRange<TypeVariable(T)>): TypeVariable(T) defined in kotlin.ranges
Compile TV & Mobile APKs	Build Android TV & Mobile APKs	2026-09-06T05:33:47.8720094Z public fun <T : Comparable<TypeVariable(T)>> TypeVariable(T).coerceIn(range: ClosedRange<TypeVariable(T)>): TypeVariable(T) defined in kotlin.ranges
Compile TV & Mobile APKs	Build Android TV & Mobile APKs	2026-09-06T05:33:47.8721403Z public fun Byte.coerceIn(minimumValue: Byte, maximumValue: Byte): Byte defined in kotlin.ranges
Compile TV & Mobile APKs	Build Android TV & Mobile APKs	2026-09-06T05:33:47.8722537Z public fun Double.coerceIn(minimumValue: Double, maximumValue: Double): Double defined in kotlin.ranges
Compile TV & Mobile APKs	Build Android TV & Mobile APKs	2026-09-06T05:33:47.8723718Z public fun Float.coerceIn(minimumValue: Float, maximumValue: Float): Float defined in kotlin.ranges
Compile TV & Mobile APKs	Build Android TV & Mobile APKs	2026-09-06T05:33:47.8724783Z public fun Int.coerceIn(minimumValue: Int, maximumValue: Int): Int defined in kotlin.ranges
Compile TV & Mobile APKs	Build Android TV & Mobile APKs	2026-09-06T05:33:47.8726017Z public fun Int.coerceIn(range: ClosedRange<Int>): Int defined in kotlin.ranges
Compile TV & Mobile APKs	Build Android TV & Mobile APKs	2026-09-06T05:33:47.8726976Z public fun Long.coerceIn(minimumValue: Long, maximumValue: Long): Long defined in kotlin.ranges
Compile TV & Mobile APKs	Build Android TV & Mobile APKs	2026-09-06T05:33:47.8727938Z public fun Long.coerceIn(range: ClosedRange<Long>): Long defined in kotlin.ranges
Compile TV & Mobile APKs	Build Android TV & Mobile APKs	2026-09-06T05:33:47.8728927Z public fun Short.coerceIn(minimumValue: Short, maximumValue: Short): Short defined in kotlin.ranges
Compile TV & Mobile APKs	Build Android TV & Mobile APKs	2026-09-06T05:33:47.8730206Z public fun UByte.coerceIn(minimumValue: UByte, maximumValue: UByte): UByte defined in kotlin.ranges
Compile TV & Mobile APKs	Build Android TV & Mobile APKs	2026-09-06T05:33:47.8731276Z public fun UInt.coerceIn(minimumValue: UInt, maximumValue: UInt): UInt defined in kotlin.ranges
Compile TV & Mobile APKs	Build Android TV & Mobile APKs	2026-09-06T05:33:47.8732230Z public fun UInt.coerceIn(range: ClosedRange<UInt>): UInt defined in kotlin.ranges
Compile TV & Mobile APKs	Build Android TV & Mobile APKs	2026-09-06T05:33:47.8733204Z public fun ULong.coerceIn(minimumValue: ULong, maximumValue: ULong): ULong defined in kotlin.ranges
Compile TV & Mobile APKs	Build Android TV & Mobile APKs	2026-09-06T05:33:47.8734196Z public fun ULong.coerceIn(range: ClosedRange<ULong>): ULong defined in kotlin.ranges
Compile TV & Mobile APKs	Build Android TV & Mobile APKs	2026-09-06T05:33:47.8735227Z public fun UShort.coerceIn(minimumValue: UShort, maximumValue: UShort): UShort defined in kotlin.ranges
Compile TV & Mobile APKs	Build Android TV & Mobile APKs	2026-09-06T05:33:47.8736800Z e: file:///home/runner/work/tvmime/tvmime/tvApp/src/main/java/com/tvmime/tv/sv_ui/screens/player/PlayerViewModel.kt:643:41 Type mismatch: inferred type is Long? but Int? was expected
Compile TV & Mobile APKs	Build Android TV & Mobile APKs	2026-09-06T05:33:47.8738873Z e: file:///home/runner/work/tvmime/tvmime/tvApp/src/main/java/com/tvmime/tv/sv_ui/screens/player/PlayerViewModel.kt:649:25 Cannot infer a type for this parameter. Please specify it explicitly.
Compile TV & Mobile APKs	Build Android TV & Mobile APKs	2026-09-06T05:33:47.8741116Z e: file:///home/runner/work/tvmime/tvmime/tvApp/src/main/java/com/tvmime/tv/sv_ui/screens/player/PlayerViewModel.kt:696:81 Cannot infer a type for this parameter. Please specify it explicitly.
Compile TV & Mobile APKs	Build Android TV & Mobile APKs	2026-09-06T05:33:47.8743142Z e: file:///home/runner/work/tvmime/tvmime/tvApp/src/main/java/com/tvmime/tv/sv_ui/screens/player/PlayerViewModel.kt:696:92 Cannot infer a type for this parameter. Please specify it explicitly.
Compile TV & Mobile APKs	Build Android TV & Mobile APKs	2026-09-06T05:33:47.8745215Z e: file:///home/runner/work/tvmime/tvmime/tvApp/src/main/java/com/tvmime/tv/sv_ui/screens/player/PlayerViewModel.kt:699:52 Cannot infer a type for this parameter. Please specify it explicitly.
Compile TV & Mobile APKs	Build Android TV & Mobile APKs	2026-09-06T05:33:47.8747358Z e: file:///home/runner/work/tvmime/tvmime/tvApp/src/main/java/com/tvmime/tv/sv_ui/screens/player/PlayerViewModel.kt:699:59 Cannot infer a type for this parameter. Please specify it explicitly.
Compile TV & Mobile APKs	Build Android TV & Mobile APKs	2026-09-06T05:33:47.8749382Z e: file:///home/runner/work/tvmime/tvmime/tvApp/src/main/java/com/tvmime/tv/sv_ui/screens/player/PlayerViewModel.kt:700:28 Cannot infer a type for this parameter. Please specify it explicitly.
Compile TV & Mobile APKs	Build Android TV & Mobile APKs	2026-09-06T05:33:47.8751551Z e: file:///home/runner/work/tvmime/tvmime/tvApp/src/main/java/com/tvmime/tv/sv_ui/screens/player/PlayerViewModel.kt:721:52 Cannot infer a type for this parameter. Please specify it explicitly.
Compile TV & Mobile APKs	Build Android TV & Mobile APKs	2026-09-06T05:33:47.8753526Z e: file:///home/runner/work/tvmime/tvmime/tvApp/src/main/java/com/tvmime/tv/sv_ui/screens/player/PlayerViewModel.kt:721:64 Cannot infer a type for this parameter. Please specify it explicitly.
Compile TV & Mobile APKs	Build Android TV & Mobile APKs	2026-09-06T05:33:47.8755854Z e: file:///home/runner/work/tvmime/tvmime/tvApp/src/main/java/com/tvmime/tv/sv_ui/screens/player/PlayerViewModel.kt:722:28 Cannot infer a type for this parameter. Please specify it explicitly.
Compile TV & Mobile APKs	Build Android TV & Mobile APKs	2026-09-06T05:33:47.8757772Z e: file:///home/runner/work/tvmime/tvmime/tvApp/src/main/java/com/tvmime/tv/sv_ui/screens/player/PlayerViewModel.kt:728:52 Cannot infer a type for this parameter. Please specify it explicitly.
Compile TV & Mobile APKs	Build Android TV & Mobile APKs	2026-09-06T05:33:47.8759669Z e: file:///home/runner/work/tvmime/tvmime/tvApp/src/main/java/com/tvmime/tv/sv_ui/screens/player/PlayerViewModel.kt:728:61 Cannot infer a type for this parameter. Please specify it explicitly.
Compile TV & Mobile APKs	Build Android TV & Mobile APKs	2026-09-06T05:33:47.8792137Z e: file:///home/runner/work/tvmime/tvmime/tvApp/src/main/java/com/tvmime/tv/sv_ui/screens/player/PlayerViewModel.kt:729:28 Cannot infer a type for this parameter. Please specify it explicitly.
Compile TV & Mobile APKs	Build Android TV & Mobile APKs	2026-09-06T05:33:47.8794218Z e: file:///home/runner/work/tvmime/tvmime/tvApp/src/main/java/com/tvmime/tv/sv_ui/screens/player/PlayerViewModel.kt:1224:85 Unresolved reference: isPlaybackComplete
Compile TV & Mobile APKs	Build Android TV & Mobile APKs	2026-09-06T05:33:47.8796532Z e: file:///home/runner/work/tvmime/tvmime/tvApp/src/main/java/com/tvmime/tv/sv_ui/screens/player/PlayerViewModelActions.kt:7:33 Unresolved reference: CastMediaRequestUnsupportedReason
Compile TV & Mobile APKs	Build Android TV & Mobile APKs	2026-09-06T05:33:47.8798466Z e: file:///home/runner/work/tvmime/tvmime/tvApp/src/main/java/com/tvmime/tv/sv_ui/screens/player/PlayerViewModelActions.kt:9:33 Unresolved reference: CastPlaybackReportMode
Compile TV & Mobile APKs	Build Android TV & Mobile APKs	2026-09-06T05:33:47.8800498Z e: file:///home/runner/work/tvmime/tvmime/tvApp/src/main/java/com/tvmime/tv/sv_ui/screens/player/PlayerViewModelActions.kt:10:33 Unresolved reference: CastRewriteRequiredReason
Compile TV & Mobile APKs	Build Android TV & Mobile APKs	2026-09-06T05:33:47.8802352Z e: file:///home/runner/work/tvmime/tvmime/tvApp/src/main/java/com/tvmime/tv/sv_ui/screens/player/PlayerViewModelActions.kt:22:34 Unresolved reference: CastPlaybackReportMode
Compile TV & Mobile APKs	Build Android TV & Mobile APKs	2026-09-06T05:33:47.8804084Z e: file:///home/runner/work/tvmime/tvmime/tvApp/src/main/java/com/tvmime/tv/sv_ui/screens/player/PlayerViewModelActions.kt:35:29 Unresolved reference: STARTED
Compile TV & Mobile APKs	Build Android TV & Mobile APKs	2026-09-06T05:33:47.8805841Z e: file:///home/runner/work/tvmime/tvmime/tvApp/src/main/java/com/tvmime/tv/sv_ui/screens/player/PlayerViewModelActions.kt:36:42 Unresolved reference: CastPlaybackReportMode
Compile TV & Mobile APKs	Build Android TV & Mobile APKs	2026-09-06T05:33:47.8807637Z e: file:///home/runner/work/tvmime/tvmime/tvApp/src/main/java/com/tvmime/tv/sv_ui/screens/player/PlayerViewModelActions.kt:43:29 Unresolved reference: ROUTE_SELECTION_REQUIRED
Compile TV & Mobile APKs	Build Android TV & Mobile APKs	2026-09-06T05:33:47.8809490Z e: file:///home/runner/work/tvmime/tvmime/tvApp/src/main/java/com/tvmime/tv/sv_ui/screens/player/PlayerViewModelActions.kt:44:42 Unresolved reference: CastPlaybackReportMode
Compile TV & Mobile APKs	Build Android TV & Mobile APKs	2026-09-06T05:33:47.8811430Z e: file:///home/runner/work/tvmime/tvmime/tvApp/src/main/java/com/tvmime/tv/sv_ui/screens/player/PlayerViewModelActions.kt:48:29 Unresolved reference: UNAVAILABLE
Compile TV & Mobile APKs	Build Android TV & Mobile APKs	2026-09-06T05:33:47.8813369Z e: file:///home/runner/work/tvmime/tvmime/tvApp/src/main/java/com/tvmime/tv/sv_ui/screens/player/PlayerViewModelActions.kt:49:42 Unresolved reference: CastPlaybackReportMode
Compile TV & Mobile APKs	Build Android TV & Mobile APKs	2026-09-06T05:33:47.8815265Z e: file:///home/runner/work/tvmime/tvmime/tvApp/src/main/java/com/tvmime/tv/sv_ui/screens/player/PlayerViewModelActions.kt:56:29 Unresolved reference: UNSUPPORTED
Compile TV & Mobile APKs	Build Android TV & Mobile APKs	2026-09-06T05:33:47.8817103Z e: file:///home/runner/work/tvmime/tvmime/tvApp/src/main/java/com/tvmime/tv/sv_ui/screens/player/PlayerViewModelActions.kt:57:42 Unresolved reference: CastPlaybackReportMode
Compile TV & Mobile APKs	Build Android TV & Mobile APKs	2026-09-06T05:33:47.8819060Z e: file:///home/runner/work/tvmime/tvmime/tvApp/src/main/java/com/tvmime/tv/sv_ui/screens/player/PlayerViewModelActions.kt:77:23 Unresolved reference: CastPlaybackReportMode
Compile TV & Mobile APKs	Build Android TV & Mobile APKs	2026-09-06T05:33:47.8829293Z e: file:///home/runner/work/tvmime/tvmime/tvApp/src/main/java/com/tvmime/tv/sv_ui/screens/player/PlayerViewModelActions.kt:78:36 Unresolved reference: RouteSelectionCancelled
Compile TV & Mobile APKs	Build Android TV & Mobile APKs	2026-09-06T05:33:47.8850493Z e: file:///home/runner/work/tvmime/tvmime/tvApp/src/main/java/com/tvmime/tv/sv_ui/screens/player/PlayerViewModelActions.kt:79:34 Unresolved reference: CastPlaybackReportMode
Compile TV & Mobile APKs	Build Android TV & Mobile APKs	2026-09-06T05:33:47.8852911Z e: file:///home/runner/work/tvmime/tvmime/tvApp/src/main/java/com/tvmime/tv/sv_ui/screens/player/PlayerViewModelActions.kt:82:48 Unresolved reference: MediaLoadSucceeded
Compile TV & Mobile APKs	Build Android TV & Mobile APKs	2026-09-06T05:33:47.8854717Z e: file:///home/runner/work/tvmime/tvmime/tvApp/src/main/java/com/tvmime/tv/sv_ui/screens/player/PlayerViewModelActions.kt:83:36 Unresolved reference: CastPlaybackReportMode
Compile TV & Mobile APKs	Build Android TV & Mobile APKs	2026-09-06T05:33:47.8856452Z e: file:///home/runner/work/tvmime/tvmime/tvApp/src/main/java/com/tvmime/tv/sv_ui/screens/player/PlayerViewModelActions.kt:84:34 Unresolved reference: CastPlaybackReportMode
Compile TV & Mobile APKs	Build Android TV & Mobile APKs	2026-09-06T05:33:47.8858186Z e: file:///home/runner/work/tvmime/tvmime/tvApp/src/main/java/com/tvmime/tv/sv_ui/screens/player/PlayerViewModelActions.kt:87:30 Unresolved reference: CastPlaybackReportMode
Compile TV & Mobile APKs	Build Android TV & Mobile APKs	2026-09-06T05:33:47.8860208Z e: file:///home/runner/work/tvmime/tvmime/tvApp/src/main/java/com/tvmime/tv/sv_ui/screens/player/PlayerViewModelActions.kt:193:41 Unresolved reference: CastMediaRequestUnsupportedReason
Compile TV & Mobile APKs	Build Android TV & Mobile APKs	2026-09-06T05:33:47.8862406Z e: file:///home/runner/work/tvmime/tvmime/tvApp/src/main/java/com/tvmime/tv/sv_ui/screens/player/PlayerViewModelActions.kt:200:41 Unresolved reference: CastMediaRequestUnsupportedReason
Compile TV & Mobile APKs	Build Android TV & Mobile APKs	2026-09-06T05:33:47.8864353Z e: file:///home/runner/work/tvmime/tvmime/tvApp/src/main/java/com/tvmime/tv/sv_ui/screens/player/PlayerViewModelActions.kt:262:33 Unresolved reference: CastMediaRequestUnsupportedReason
Compile TV & Mobile APKs	Build Android TV & Mobile APKs	2026-09-06T05:33:47.8866245Z e: file:///home/runner/work/tvmime/tvmime/tvApp/src/main/java/com/tvmime/tv/sv_ui/screens/player/PlayerViewModelActions.kt:286:33 Unresolved reference: CastMediaRequestUnsupportedReason
Compile TV & Mobile APKs	Build Android TV & Mobile APKs	2026-09-06T05:33:47.8868207Z e: file:///home/runner/work/tvmime/tvmime/tvApp/src/main/java/com/tvmime/tv/sv_ui/screens/player/PlayerViewModelActions.kt:302:30 'when' expression must be exhaustive, add necessary 'else' branch
Compile TV & Mobile APKs	Build Android TV & Mobile APKs	2026-09-06T05:33:47.8870359Z e: file:///home/runner/work/tvmime/tvmime/tvApp/src/main/java/com/tvmime/tv/sv_ui/screens/player/PlayerViewModelActions.kt:303:36 Unresolved reference: Success
Compile TV & Mobile APKs	Build Android TV & Mobile APKs	2026-09-06T05:33:47.8871996Z e: file:///home/runner/work/tvmime/tvmime/tvApp/src/main/java/com/tvmime/tv/sv_ui/screens/player/PlayerViewModelActions.kt:303:86 Unresolved reference: request
Compile TV & Mobile APKs	Build Android TV & Mobile APKs	2026-09-06T05:33:47.8873666Z e: file:///home/runner/work/tvmime/tvmime/tvApp/src/main/java/com/tvmime/tv/sv_ui/screens/player/PlayerViewModelActions.kt:304:36 Unresolved reference: Unsupported
Compile TV & Mobile APKs	Build Android TV & Mobile APKs	2026-09-06T05:33:47.8875310Z e: file:///home/runner/work/tvmime/tvmime/tvApp/src/main/java/com/tvmime/tv/sv_ui/screens/player/PlayerViewModelActions.kt:304:110 Unresolved reference: reason
Compile TV & Mobile APKs	Build Android TV & Mobile APKs	2026-09-06T05:33:47.8877135Z e: file:///home/runner/work/tvmime/tvmime/tvApp/src/main/java/com/tvmime/tv/sv_ui/screens/player/PlayerViewModelActions.kt:313:13 Unresolved reference: CastMediaRequestUnsupportedReason
Compile TV & Mobile APKs	Build Android TV & Mobile APKs	2026-09-06T05:33:47.8879107Z e: file:///home/runner/work/tvmime/tvmime/tvApp/src/main/java/com/tvmime/tv/sv_ui/screens/player/PlayerViewModelActions.kt:315:5 'when' expression must be exhaustive, add necessary 'else' branch
Compile TV & Mobile APKs	Build Android TV & Mobile APKs	2026-09-06T05:33:47.8881367Z e: file:///home/runner/work/tvmime/tvmime/tvApp/src/main/java/com/tvmime/tv/sv_ui/screens/player/PlayerViewModelActions.kt:316:9 Unresolved reference: CastMediaRequestUnsupportedReason
Compile TV & Mobile APKs	Build Android TV & Mobile APKs	2026-09-06T05:33:47.8883367Z e: file:///home/runner/work/tvmime/tvmime/tvApp/src/main/java/com/tvmime/tv/sv_ui/screens/player/PlayerViewModelActions.kt:317:9 Unresolved reference: CastMediaRequestUnsupportedReason
Compile TV & Mobile APKs	Build Android TV & Mobile APKs	2026-09-06T05:33:47.8885287Z e: file:///home/runner/work/tvmime/tvmime/tvApp/src/main/java/com/tvmime/tv/sv_ui/screens/player/PlayerViewModelActions.kt:318:9 Unresolved reference: CastMediaRequestUnsupportedReason
Compile TV & Mobile APKs	Build Android TV & Mobile APKs	2026-09-06T05:33:47.8887221Z e: file:///home/runner/work/tvmime/tvmime/tvApp/src/main/java/com/tvmime/tv/sv_ui/screens/player/PlayerViewModelActions.kt:319:9 Unresolved reference: CastMediaRequestUnsupportedReason
Compile TV & Mobile APKs	Build Android TV & Mobile APKs	2026-09-06T05:33:47.8889346Z e: file:///home/runner/work/tvmime/tvmime/tvApp/src/main/java/com/tvmime/tv/sv_ui/screens/player/PlayerViewModelActions.kt:324:5 'when' expression must be exhaustive, add necessary 'else' branch
Compile TV & Mobile APKs	Build Android TV & Mobile APKs	2026-09-06T05:33:47.8891821Z e: file:///home/runner/work/tvmime/tvmime/tvApp/src/main/java/com/tvmime/tv/sv_ui/screens/player/PlayerViewModelActions.kt:324:19 Unresolved reference: rewriteRequiredReason
Compile TV & Mobile APKs	Build Android TV & Mobile APKs	2026-09-06T05:33:47.8893785Z e: file:///home/runner/work/tvmime/tvmime/tvApp/src/main/java/com/tvmime/tv/sv_ui/screens/player/PlayerViewModelActions.kt:325:9 Unresolved reference: CastRewriteRequiredReason
Compile TV & Mobile APKs	Build Android TV & Mobile APKs	2026-09-06T05:33:47.8895757Z e: file:///home/runner/work/tvmime/tvmime/tvApp/src/main/java/com/tvmime/tv/sv_ui/screens/player/PlayerViewModelActions.kt:326:9 Unresolved reference: CastRewriteRequiredReason
Compile TV & Mobile APKs	Build Android TV & Mobile APKs	2026-09-06T05:33:47.8897745Z e: file:///home/runner/work/tvmime/tvmime/tvApp/src/main/java/com/tvmime/tv/sv_ui/screens/player/PlayerViewModelActions.kt:327:9 Unresolved reference: CastRewriteRequiredReason
Compile TV & Mobile APKs	Build Android TV & Mobile APKs	2026-09-06T05:33:47.8900108Z e: file:///home/runner/work/tvmime/tvmime/tvApp/src/main/java/com/tvmime/tv/sv_ui/screens/player/PlayerViewModelActions.kt:328:9 Unresolved reference: CastRewriteRequiredReason
Compile TV & Mobile APKs	Build Android TV & Mobile APKs	2026-09-06T05:33:47.8902085Z e: file:///home/runner/work/tvmime/tvmime/tvApp/src/main/java/com/tvmime/tv/sv_ui/screens/player/PlayerViewModelActions.kt:329:9 Unresolved reference: CastRewriteRequiredReason
Compile TV & Mobile APKs	Build Android TV & Mobile APKs	2026-09-06T05:33:47.8904056Z e: file:///home/runner/work/tvmime/tvmime/tvApp/src/main/java/com/tvmime/tv/sv_ui/screens/player/PlayerViewModelActions.kt:330:9 Unresolved reference: CastRewriteRequiredReason
Compile TV & Mobile APKs	Build Android TV & Mobile APKs	2026-09-06T05:33:47.8906114Z e: file:///home/runner/work/tvmime/tvmime/tvApp/src/main/java/com/tvmime/tv/sv_ui/screens/player/PlayerViewModelActions.kt:336:5 'when' expression must be exhaustive, add necessary 'else' branch
Compile TV & Mobile APKs	Build Android TV & Mobile APKs	2026-09-06T05:33:47.8908174Z e: file:///home/runner/work/tvmime/tvmime/tvApp/src/main/java/com/tvmime/tv/sv_ui/screens/player/PlayerViewModelActions.kt:337:30 Unresolved reference: MediaLoadSucceeded
Compile TV & Mobile APKs	Build Android TV & Mobile APKs	2026-09-06T05:33:47.8910254Z e: file:///home/runner/work/tvmime/tvmime/tvApp/src/main/java/com/tvmime/tv/sv_ui/screens/player/PlayerViewModelActions.kt:338:30 Unresolved reference: MediaLoadFailed
Compile TV & Mobile APKs	Build Android TV & Mobile APKs	2026-09-06T05:33:47.8912017Z e: file:///home/runner/work/tvmime/tvmime/tvApp/src/main/java/com/tvmime/tv/sv_ui/screens/player/PlayerViewModelActions.kt:339:30 Unresolved reference: SessionStartFailed
Compile TV & Mobile APKs	Build Android TV & Mobile APKs	2026-09-06T05:33:47.8913811Z e: file:///home/runner/work/tvmime/tvmime/tvApp/src/main/java/com/tvmime/tv/sv_ui/screens/player/PlayerViewModelActions.kt:340:30 Unresolved reference: ReceiverUnavailable
Compile TV & Mobile APKs	Build Android TV & Mobile APKs	2026-09-06T05:33:47.8915539Z e: file:///home/runner/work/tvmime/tvmime/tvApp/src/main/java/com/tvmime/tv/sv_ui/screens/player/PlayerViewModelActions.kt:341:27 Unresolved reference: RouteSelectionCancelled
Compile TV & Mobile APKs	Build Android TV & Mobile APKs	2026-09-06T05:33:47.8917277Z e: file:///home/runner/work/tvmime/tvmime/tvApp/src/main/java/com/tvmime/tv/sv_ui/screens/player/overlay/PlayerAuxiliaryOverlays.kt:62:28 Unresolved reference: device
Compile TV & Mobile APKs	Build Android TV & Mobile APKs	2026-09-06T05:33:47.8919130Z e: file:///home/runner/work/tvmime/tvmime/tvApp/src/main/java/com/tvmime/tv/sv_ui/screens/player/overlay/PlayerAuxiliaryOverlays.kt:126:38 Unresolved reference: rememberIsTelevisionDevice
Compile TV & Mobile APKs	Build Android TV & Mobile APKs	2026-09-06T05:33:47.8921755Z e: file:///home/runner/work/tvmime/tvmime/tvApp/src/main/java/com/tvmime/tv/sv_ui/screens/player/overlay/PlayerAuxiliaryOverlays.kt:340:62 This foundation API is experimental and is likely to change or be removed in the future.
Compile TV & Mobile APKs	Build Android TV & Mobile APKs	2026-09-06T05:33:47.8923954Z e: file:///home/runner/work/tvmime/tvmime/tvApp/src/main/java/com/tvmime/tv/sv_ui/screens/player/overlay/PlayerAuxiliaryOverlays.kt:343:57 Cannot find a parameter with this name: repeatDelayMillis
Compile TV & Mobile APKs	Build Android TV & Mobile APKs	2026-09-06T05:33:47.8925885Z e: file:///home/runner/work/tvmime/tvmime/tvApp/src/main/java/com/tvmime/tv/sv_ui/screens/player/overlay/PlayerAuxiliaryOverlays.kt:538:38 Unresolved reference: rememberIsTelevisionDevice
Compile TV & Mobile APKs	Build Android TV & Mobile APKs	2026-09-06T05:33:47.8927781Z e: file:///home/runner/work/tvmime/tvmime/tvApp/src/main/java/com/tvmime/tv/sv_ui/screens/player/overlay/PlayerAuxiliaryOverlays.kt:1040:38 Unresolved reference: rememberIsTelevisionDevice
Compile TV & Mobile APKs	Build Android TV & Mobile APKs	2026-09-06T05:33:47.8930027Z e: file:///home/runner/work/tvmime/tvmime/tvApp/src/main/java/com/tvmime/tv/sv_ui/screens/player/overlay/PlayerChannelInfoOverlay.kt:47:30 Unresolved reference: SurfaceDefaults
Compile TV & Mobile APKs	Build Android TV & Mobile APKs	2026-09-06T05:33:47.8932100Z e: file:///home/runner/work/tvmime/tvmime/tvApp/src/main/java/com/tvmime/tv/sv_ui/screens/player/overlay/PlayerChannelInfoOverlay.kt:248:42 This foundation API is experimental and is likely to change or be removed in the future.
Compile TV & Mobile APKs	Build Android TV & Mobile APKs	2026-09-06T05:33:47.8934355Z e: file:///home/runner/work/tvmime/tvmime/tvApp/src/main/java/com/tvmime/tv/sv_ui/screens/player/overlay/PlayerChannelInfoOverlay.kt:251:45 Cannot find a parameter with this name: repeatDelayMillis
Compile TV & Mobile APKs	Build Android TV & Mobile APKs	2026-09-06T05:33:47.8936518Z e: file:///home/runner/work/tvmime/tvmime/tvApp/src/main/java/com/tvmime/tv/sv_ui/screens/player/overlay/PlayerChannelInfoOverlay.kt:769:18 Unresolved reference: SurfaceDefaults
Compile TV & Mobile APKs	Build Android TV & Mobile APKs	2026-09-06T05:33:47.8938622Z e: file:///home/runner/work/tvmime/tvmime/tvApp/src/main/java/com/tvmime/tv/sv_ui/screens/player/overlay/PlayerChannelInfoOverlay.kt:784:30 Unresolved reference: SurfaceDefaults
Compile TV & Mobile APKs	Build Android TV & Mobile APKs	2026-09-06T05:33:47.8941027Z e: file:///home/runner/work/tvmime/tvmime/tvApp/src/main/java/com/tvmime/tv/sv_ui/screens/player/overlay/PlayerChannelInfoOverlay.kt:982:18 Unresolved reference: SurfaceDefaults
Compile TV & Mobile APKs	Build Android TV & Mobile APKs	2026-09-06T05:33:47.8942872Z e: file:///home/runner/work/tvmime/tvmime/tvApp/src/main/java/com/tvmime/tv/sv_ui/screens/player/overlay/PlayerControlsChrome.kt:68:30 Unresolved reference: SurfaceDefaults
Compile TV & Mobile APKs	Build Android TV & Mobile APKs	2026-09-06T05:33:47.8944639Z e: file:///home/runner/work/tvmime/tvmime/tvApp/src/main/java/com/tvmime/tv/sv_ui/screens/player/overlay/PlayerControlsChrome.kt:71:28 Unresolved reference: device
Compile TV & Mobile APKs	Build Android TV & Mobile APKs	2026-09-06T05:33:47.8946344Z e: file:///home/runner/work/tvmime/tvmime/tvApp/src/main/java/com/tvmime/tv/sv_ui/screens/player/overlay/PlayerControlsChrome.kt:85:8 Unresolved reference: coil3
Compile TV & Mobile APKs	Build Android TV & Mobile APKs	2026-09-06T05:33:47.8948217Z e: file:///home/runner/work/tvmime/tvmime/tvApp/src/main/java/com/tvmime/tv/sv_ui/screens/player/overlay/PlayerControlsChrome.kt:425:30 Unresolved reference: rememberIsTelevisionDevice
Compile TV & Mobile APKs	Build Android TV & Mobile APKs	2026-09-06T05:33:47.8950348Z e: file:///home/runner/work/tvmime/tvmime/tvApp/src/main/java/com/tvmime/tv/sv_ui/screens/player/overlay/PlayerControlsChrome.kt:615:22 Unresolved reference: SurfaceDefaults
Compile TV & Mobile APKs	Build Android TV & Mobile APKs	2026-09-06T05:33:47.8952471Z e: file:///home/runner/work/tvmime/tvmime/tvApp/src/main/java/com/tvmime/tv/sv_ui/screens/player/overlay/PlayerControlsChrome.kt:859:13 The API of this layout is experimental and is likely to change in the future.
Compile TV & Mobile APKs	Build Android TV & Mobile APKs	2026-09-06T05:33:47.8954678Z e: file:///home/runner/work/tvmime/tvmime/tvApp/src/main/java/com/tvmime/tv/sv_ui/screens/player/overlay/PlayerControlsChrome.kt:1028:30 Unresolved reference: rememberIsTelevisionDevice
Compile TV & Mobile APKs	Build Android TV & Mobile APKs	2026-09-06T05:33:47.8956717Z e: file:///home/runner/work/tvmime/tvmime/tvApp/src/main/java/com/tvmime/tv/sv_ui/screens/player/overlay/PlayerControlsChrome.kt:1168:18 Unresolved reference: SurfaceDefaults
Compile TV & Mobile APKs	Build Android TV & Mobile APKs	2026-09-06T05:33:47.8958768Z e: file:///home/runner/work/tvmime/tvmime/tvApp/src/main/java/com/tvmime/tv/sv_ui/screens/player/overlay/PlayerControlsChrome.kt:1179:26 Unresolved reference: SurfaceDefaults
Compile TV & Mobile APKs	Build Android TV & Mobile APKs	2026-09-06T05:33:47.8960933Z e: file:///home/runner/work/tvmime/tvmime/tvApp/src/main/java/com/tvmime/tv/sv_ui/screens/player/overlay/PlayerControlsChrome.kt:1359:18 Unresolved reference: SurfaceDefaults
Compile TV & Mobile APKs	Build Android TV & Mobile APKs	2026-09-06T05:33:47.8962932Z e: file:///home/runner/work/tvmime/tvmime/tvApp/src/main/java/com/tvmime/tv/sv_ui/screens/player/overlay/PlayerControlsChrome.kt:1381:25 Unresolved reference: AsyncImage
Compile TV & Mobile APKs	Build Android TV & Mobile APKs	2026-09-06T05:33:47.8964948Z e: file:///home/runner/work/tvmime/tvmime/tvApp/src/main/java/com/tvmime/tv/sv_ui/screens/player/overlay/PlayerControlsChrome.kt:1565:18 Unresolved reference: SurfaceDefaults
Compile TV & Mobile APKs	Build Android TV & Mobile APKs	2026-09-06T05:33:47.8966995Z e: file:///home/runner/work/tvmime/tvmime/tvApp/src/main/java/com/tvmime/tv/sv_ui/screens/player/overlay/PlayerControlsChrome.kt:1718:18 Unresolved reference: SurfaceDefaults
Compile TV & Mobile APKs	Build Android TV & Mobile APKs	2026-09-06T05:33:47.8969260Z e: file:///home/runner/work/tvmime/tvmime/tvApp/src/main/java/com/tvmime/tv/sv_ui/screens/player/overlay/PlayerControlsChrome.kt:1731:26 Unresolved reference: SurfaceDefaults
Compile TV & Mobile APKs	Build Android TV & Mobile APKs	2026-09-06T05:33:47.8971275Z e: file:///home/runner/work/tvmime/tvmime/tvApp/src/main/java/com/tvmime/tv/sv_ui/screens/player/overlay/PlayerOverlayShared.kt:54:40 Unresolved reference: SurfaceDefaults
Compile TV & Mobile APKs	Build Android TV & Mobile APKs	2026-09-06T05:33:47.8973179Z e: file:///home/runner/work/tvmime/tvmime/tvApp/src/main/java/com/tvmime/tv/sv_ui/screens/player/overlay/PlayerSystemOverlays.kt:60:30 Unresolved reference: SurfaceDefaults
Compile TV & Mobile APKs	Build Android TV & Mobile APKs	2026-09-06T05:33:47.8974993Z e: file:///home/runner/work/tvmime/tvmime/tvApp/src/main/java/com/tvmime/tv/sv_ui/screens/player/overlay/PlayerSystemOverlays.kt:62:8 Unresolved reference: coil3
Compile TV & Mobile APKs	Build Android TV & Mobile APKs	2026-09-06T05:33:47.8976694Z e: file:///home/runner/work/tvmime/tvmime/tvApp/src/main/java/com/tvmime/tv/sv_ui/screens/player/overlay/PlayerSystemOverlays.kt:739:18 Unresolved reference: SurfaceDefaults
Compile TV & Mobile APKs	Build Android TV & Mobile APKs	2026-09-06T05:33:47.8978582Z e: file:///home/runner/work/tvmime/tvmime/tvApp/src/main/java/com/tvmime/tv/sv_ui/screens/player/overlay/PlayerSystemOverlays.kt:974:26 Unresolved reference: SurfaceDefaults
Compile TV & Mobile APKs	Build Android TV & Mobile APKs	2026-09-06T05:33:47.8980954Z e: file:///home/runner/work/tvmime/tvmime/tvApp/src/main/java/com/tvmime/tv/sv_ui/screens/player/overlay/PlayerSystemOverlays.kt:1029:38 Unresolved reference: SurfaceDefaults
Compile TV & Mobile APKs	Build Android TV & Mobile APKs	2026-09-06T05:33:47.8982981Z e: file:///home/runner/work/tvmime/tvmime/tvApp/src/main/java/com/tvmime/tv/sv_ui/screens/player/overlay/PlayerSystemOverlays.kt:1107:38 Unresolved reference: SurfaceDefaults
Compile TV & Mobile APKs	Build Android TV & Mobile APKs	2026-09-06T05:33:47.8984999Z e: file:///home/runner/work/tvmime/tvmime/tvApp/src/main/java/com/tvmime/tv/sv_ui/screens/player/overlay/PlayerSystemOverlays.kt:1217:18 Unresolved reference: SurfaceDefaults
Compile TV & Mobile APKs	Build Android TV & Mobile APKs	2026-09-06T05:33:47.8986983Z e: file:///home/runner/work/tvmime/tvmime/tvApp/src/main/java/com/tvmime/tv/sv_ui/screens/player/overlay/PlayerSystemOverlays.kt:1250:17 Unresolved reference: AsyncImage
Compile TV & Mobile APKs	Build Android TV & Mobile APKs	2026-09-06T05:33:47.8988643Z e: file:///home/runner/work/tvmime/tvmime/tvApp/src/main/java/com/tvmime/tv/sv_ui/screens/player/overlay/PlayerSystemOverlays.kt:1622:21 Unresolved reference: AsyncImage
Compile TV & Mobile APKs	Build Android TV & Mobile APKs	2026-09-06T05:33:47.8990492Z e: file:///home/runner/work/tvmime/tvmime/tvApp/src/main/java/com/tvmime/tv/sv_ui/screens/player/overlay/PlayerTransparentGuideOverlay.kt:29:30 Unresolved reference: SurfaceDefaults
Compile TV & Mobile APKs	Build Android TV & Mobile APKs	2026-09-06T05:33:47.8992665Z e: file:///home/runner/work/tvmime/tvmime/tvApp/src/main/java/com/tvmime/tv/sv_ui/screens/player/overlay/PlayerTransparentGuideOverlay.kt:131:26 Unresolved reference: SurfaceDefaults
Compile TV & Mobile APKs	Build Android TV & Mobile APKs	2026-09-06T05:33:47.8994778Z e: file:///home/runner/work/tvmime/tvmime/tvApp/src/main/java/com/tvmime/tv/sv_ui/screens/provider/ProviderSetupScreen.kt:68:22 Unresolved reference: lifecycle
Compile TV & Mobile APKs	Build Android TV & Mobile APKs	2026-09-06T05:33:47.8996403Z e: file:///home/runner/work/tvmime/tvmime/tvApp/src/main/java/com/tvmime/tv/sv_ui/screens/provider/ProviderSetupScreen.kt:72:35 Unresolved reference: LocalLifecycleOwner
Compile TV & Mobile APKs	Build Android TV & Mobile APKs	2026-09-06T05:33:47.8998194Z e: file:///home/runner/work/tvmime/tvmime/tvApp/src/main/java/com/tvmime/tv/sv_ui/screens/provider/ProviderSetupScreen.kt:75:28 Unresolved reference: device
Compile TV & Mobile APKs	Build Android TV & Mobile APKs	2026-09-06T05:33:47.9000242Z e: file:///home/runner/work/tvmime/tvmime/tvApp/src/main/java/com/tvmime/tv/sv_ui/screens/provider/ProviderSetupScreen.kt:77:36 Unresolved reference: ProviderQrPairingStatus
Compile TV & Mobile APKs	Build Android TV & Mobile APKs	2026-09-06T05:33:47.9002017Z e: file:///home/runner/work/tvmime/tvmime/tvApp/src/main/java/com/tvmime/tv/sv_ui/screens/provider/ProviderSetupScreen.kt:86:36 Unresolved reference: stalker
Compile TV & Mobile APKs	Build Android TV & Mobile APKs	2026-09-06T05:33:47.9003751Z e: file:///home/runner/work/tvmime/tvmime/tvApp/src/main/java/com/tvmime/tv/sv_ui/screens/provider/ProviderSetupScreen.kt:87:36 Unresolved reference: stalker
Compile TV & Mobile APKs	Build Android TV & Mobile APKs	2026-09-06T05:33:47.9005500Z e: file:///home/runner/work/tvmime/tvmime/tvApp/src/main/java/com/tvmime/tv/sv_ui/screens/provider/ProviderSetupScreen.kt:88:36 Unresolved reference: stalker
Compile TV & Mobile APKs	Build Android TV & Mobile APKs	2026-09-06T05:33:47.9007237Z e: file:///home/runner/work/tvmime/tvmime/tvApp/src/main/java/com/tvmime/tv/sv_ui/screens/provider/ProviderSetupScreen.kt:89:36 Unresolved reference: stalker
Compile TV & Mobile APKs	Build Android TV & Mobile APKs	2026-09-06T05:33:47.9009271Z e: file:///home/runner/work/tvmime/tvmime/tvApp/src/main/java/com/tvmime/tv/sv_ui/screens/provider/ProviderSetupScreen.kt:90:36 Unresolved reference: stalker
Compile TV & Mobile APKs	Build Android TV & Mobile APKs	2026-09-06T05:33:47.9011119Z e: file:///home/runner/work/tvmime/tvmime/tvApp/src/main/java/com/tvmime/tv/sv_ui/screens/provider/ProviderSetupScreen.kt:100:29 Unresolved reference: util
Compile TV & Mobile APKs	Build Android TV & Mobile APKs	2026-09-06T05:33:47.9013058Z e: file:///home/runner/work/tvmime/tvmime/tvApp/src/main/java/com/tvmime/tv/sv_ui/screens/provider/ProviderSetupScreen.kt:135:27 Unresolved reference: StalkerCompatibilityRegistry
Compile TV & Mobile APKs	Build Android TV & Mobile APKs	2026-09-06T05:33:47.9015111Z e: file:///home/runner/work/tvmime/tvmime/tvApp/src/main/java/com/tvmime/tv/sv_ui/screens/provider/ProviderSetupScreen.kt:177:17 Unresolved reference: StalkerCompatibilityRegistry
Compile TV & Mobile APKs	Build Android TV & Mobile APKs	2026-09-06T05:33:47.9017074Z e: file:///home/runner/work/tvmime/tvmime/tvApp/src/main/java/com/tvmime/tv/sv_ui/screens/provider/ProviderSetupScreen.kt:178:31 Unresolved reference: it
Compile TV & Mobile APKs	Build Android TV & Mobile APKs	2026-09-06T05:33:47.9019112Z e: file:///home/runner/work/tvmime/tvmime/tvApp/src/main/java/com/tvmime/tv/sv_ui/screens/provider/ProviderSetupScreen.kt:179:32 Unresolved reference: it
Compile TV & Mobile APKs	Build Android TV & Mobile APKs	2026-09-06T05:33:47.9051434Z e: file:///home/runner/work/tvmime/tvmime/tvApp/src/main/java/com/tvmime/tv/sv_ui/screens/provider/ProviderSetupScreen.kt:180:22 Overload resolution ambiguity: 
Compile TV & Mobile APKs	Build Android TV & Mobile APKs	2026-09-06T05:33:47.9053175Z public inline fun <T> Iterable<TypeVariable(T)>.forEach(action: (TypeVariable(T)) -> Unit): Unit defined in kotlin.collections
Compile TV & Mobile APKs	Build Android TV & Mobile APKs	2026-09-06T05:33:47.9054828Z public inline fun <K, V> Map<out TypeVariable(K), TypeVariable(V)>.forEach(action: (Map.Entry<TypeVariable(K), TypeVariable(V)>) -> Unit): Unit defined in kotlin.collections
Compile TV & Mobile APKs	Build Android TV & Mobile APKs	2026-09-06T05:33:47.9056910Z e: file:///home/runner/work/tvmime/tvmime/tvApp/src/main/java/com/tvmime/tv/sv_ui/screens/provider/ProviderSetupScreen.kt:180:32 Cannot infer a type for this parameter. Please specify it explicitly.
Compile TV & Mobile APKs	Build Android TV & Mobile APKs	2026-09-06T05:33:47.9058974Z e: file:///home/runner/work/tvmime/tvmime/tvApp/src/main/java/com/tvmime/tv/sv_ui/screens/provider/ProviderSetupScreen.kt:181:25 Overload resolution ambiguity: 
Compile TV & Mobile APKs	Build Android TV & Mobile APKs	2026-09-06T05:33:47.9063077Z public fun Text(text: AnnotatedString, modifier: Modifier = ..., color: Color = ..., fontSize: TextUnit = ..., fontStyle: FontStyle? = ..., fontWeight: FontWeight? = ..., fontFamily: FontFamily? = ..., letterSpacing: TextUnit = ..., textDecoration: TextDecoration? = ..., textAlign: TextAlign? = ..., lineHeight: TextUnit = ..., overflow: TextOverflow = ..., softWrap: Boolean = ..., maxLines: Int = ..., inlineContent: Map<String, InlineTextContent> = ..., onTextLayout: (TextLayoutResult) -> Unit = ..., style: TextStyle = ...): Unit defined in androidx.tv.material3
Compile TV & Mobile APKs	Build Android TV & Mobile APKs	2026-09-06T05:33:47.9068775Z public fun Text(text: String, modifier: Modifier = ..., color: Color = ..., fontSize: TextUnit = ..., fontStyle: FontStyle? = ..., fontWeight: FontWeight? = ..., fontFamily: FontFamily? = ..., letterSpacing: TextUnit = ..., textDecoration: TextDecoration? = ..., textAlign: TextAlign? = ..., lineHeight: TextUnit = ..., overflow: TextOverflow = ..., softWrap: Boolean = ..., maxLines: Int = ..., onTextLayout: (TextLayoutResult) -> Unit = ..., style: TextStyle = ...): Unit defined in androidx.tv.material3
Compile TV & Mobile APKs	Build Android TV & Mobile APKs	2026-09-06T05:33:47.9072813Z e: file:///home/runner/work/tvmime/tvmime/tvApp/src/main/java/com/tvmime/tv/sv_ui/screens/provider/ProviderSetupScreen.kt:181:64 @Composable invocations can only happen from the context of a @Composable function
Compile TV & Mobile APKs	Build Android TV & Mobile APKs	2026-09-06T05:33:47.9074981Z e: file:///home/runner/work/tvmime/tvmime/tvApp/src/main/java/com/tvmime/tv/sv_ui/screens/provider/ProviderSetupScreen.kt:182:34 Overload resolution ambiguity: 
Compile TV & Mobile APKs	Build Android TV & Mobile APKs	2026-09-06T05:33:47.9076566Z public inline fun <T> Iterable<TypeVariable(T)>.forEach(action: (TypeVariable(T)) -> Unit): Unit defined in kotlin.collections
Compile TV & Mobile APKs	Build Android TV & Mobile APKs	2026-09-06T05:33:47.9078192Z public inline fun <K, V> Map<out TypeVariable(K), TypeVariable(V)>.forEach(action: (Map.Entry<TypeVariable(K), TypeVariable(V)>) -> Unit): Unit defined in kotlin.collections
Compile TV & Mobile APKs	Build Android TV & Mobile APKs	2026-09-06T05:33:47.9110995Z e: file:///home/runner/work/tvmime/tvmime/tvApp/src/main/java/com/tvmime/tv/sv_ui/screens/provider/ProviderSetupScreen.kt:182:44 Cannot infer a type for this parameter. Please specify it explicitly.
Compile TV & Mobile APKs	Build Android TV & Mobile APKs	2026-09-06T05:33:47.9113499Z e: file:///home/runner/work/tvmime/tvmime/tvApp/src/main/java/com/tvmime/tv/sv_ui/screens/provider/ProviderSetupScreen.kt:184:29 @Composable invocations can only happen from the context of a @Composable function
Compile TV & Mobile APKs	Build Android TV & Mobile APKs	2026-09-06T05:33:47.9115777Z e: file:///home/runner/work/tvmime/tvmime/tvApp/src/main/java/com/tvmime/tv/sv_ui/screens/provider/ProviderSetupScreen.kt:216:49 Unresolved reference: StalkerRequestRule
Compile TV & Mobile APKs	Build Android TV & Mobile APKs	2026-09-06T05:33:47.9117818Z e: file:///home/runner/work/tvmime/tvmime/tvApp/src/main/java/com/tvmime/tv/sv_ui/screens/provider/ProviderSetupScreen.kt:217:5 Unresolved reference: StalkerRequestRule
Compile TV & Mobile APKs	Build Android TV & Mobile APKs	2026-09-06T05:33:47.9119975Z e: file:///home/runner/work/tvmime/tvmime/tvApp/src/main/java/com/tvmime/tv/sv_ui/screens/provider/ProviderSetupScreen.kt:228:56 Unresolved reference: StalkerParamOverride
Compile TV & Mobile APKs	Build Android TV & Mobile APKs	2026-09-06T05:33:47.9122663Z e: file:///home/runner/work/tvmime/tvmime/tvApp/src/main/java/com/tvmime/tv/sv_ui/screens/provider/ProviderSetupScreen.kt:232:13 Unresolved reference: StalkerRequestRule
Compile TV & Mobile APKs	Build Android TV & Mobile APKs	2026-09-06T05:33:47.9124601Z e: file:///home/runner/work/tvmime/tvmime/tvApp/src/main/java/com/tvmime/tv/sv_ui/screens/provider/ProviderSetupScreen.kt:248:41 Unresolved reference: hiltViewModel
Compile TV & Mobile APKs	Build Android TV & Mobile APKs	2026-09-06T05:33:47.9126596Z e: file:///home/runner/work/tvmime/tvmime/tvApp/src/main/java/com/tvmime/tv/sv_ui/screens/provider/ProviderSetupScreen.kt:278:34 Not enough information to infer type variable T
Compile TV & Mobile APKs	Build Android TV & Mobile APKs	2026-09-06T05:33:47.9128980Z e: file:///home/runner/work/tvmime/tvmime/tvApp/src/main/java/com/tvmime/tv/sv_ui/screens/provider/ProviderSetupScreen.kt:278:34 Property delegate must have a 'getValue(Nothing?, KProperty<*>)' method. None of the following functions is suitable: 
Compile TV & Mobile APKs	Build Android TV & Mobile APKs	2026-09-06T05:33:47.9131256Z public inline operator fun <T> State<???>.getValue(thisObj: Any?, property: KProperty<*>): ??? defined in androidx.compose.runtime
Compile TV & Mobile APKs	Build Android TV & Mobile APKs	2026-09-06T05:33:47.9133003Z e: file:///home/runner/work/tvmime/tvmime/tvApp/src/main/java/com/tvmime/tv/sv_ui/screens/provider/ProviderSetupScreen.kt:278:68 Unresolved reference: StalkerAdvancedOptions
Compile TV & Mobile APKs	Build Android TV & Mobile APKs	2026-09-06T05:33:47.9135037Z e: file:///home/runner/work/tvmime/tvmime/tvApp/src/main/java/com/tvmime/tv/sv_ui/screens/provider/ProviderSetupScreen.kt:323:52 Unresolved reference: ProviderInputSanitizer
Compile TV & Mobile APKs	Build Android TV & Mobile APKs	2026-09-06T05:33:47.9137015Z e: file:///home/runner/work/tvmime/tvmime/tvApp/src/main/java/com/tvmime/tv/sv_ui/screens/provider/ProviderSetupScreen.kt:364:33 Unresolved reference: status
Compile TV & Mobile APKs	Build Android TV & Mobile APKs	2026-09-06T05:33:47.9138887Z e: file:///home/runner/work/tvmime/tvmime/tvApp/src/main/java/com/tvmime/tv/sv_ui/screens/provider/ProviderSetupScreen.kt:365:26 Unresolved reference: status
Compile TV & Mobile APKs	Build Android TV & Mobile APKs	2026-09-06T05:33:47.9171398Z e: file:///home/runner/work/tvmime/tvmime/tvApp/src/main/java/com/tvmime/tv/sv_ui/screens/provider/ProviderSetupScreen.kt:365:36 Unresolved reference: ProviderQrPairingStatus
Compile TV & Mobile APKs	Build Android TV & Mobile APKs	2026-09-06T05:33:47.9173602Z e: file:///home/runner/work/tvmime/tvmime/tvApp/src/main/java/com/tvmime/tv/sv_ui/screens/provider/ProviderSetupScreen.kt:404:28 Unresolved reference: StalkerAdvancedOptionsCodec
Compile TV & Mobile APKs	Build Android TV & Mobile APKs	2026-09-06T05:33:47.9175674Z e: file:///home/runner/work/tvmime/tvmime/tvApp/src/main/java/com/tvmime/tv/sv_ui/screens/provider/ProviderSetupScreen.kt:405:26 Unresolved reference: StalkerAdvancedOptionsCodec
Compile TV & Mobile APKs	Build Android TV & Mobile APKs	2026-09-06T05:33:47.9177668Z e: file:///home/runner/work/tvmime/tvmime/tvApp/src/main/java/com/tvmime/tv/sv_ui/screens/provider/ProviderSetupScreen.kt:418:82 Unresolved reference: StalkerAdvancedOptions
Compile TV & Mobile APKs	Build Android TV & Mobile APKs	2026-09-06T05:33:47.9179524Z e: file:///home/runner/work/tvmime/tvmime/tvApp/src/main/java/com/tvmime/tv/sv_ui/screens/provider/ProviderSetupScreen.kt:428:68 Unresolved reference: it
Compile TV & Mobile APKs	Build Android TV & Mobile APKs	2026-09-06T05:33:47.9181481Z e: file:///home/runner/work/tvmime/tvmime/tvApp/src/main/java/com/tvmime/tv/sv_ui/screens/provider/ProviderSetupScreen.kt:433:9 Unresolved reference: StalkerAdvancedOptionsCodec
Compile TV & Mobile APKs	Build Android TV & Mobile APKs	2026-09-06T05:33:47.9183956Z e: file:///home/runner/work/tvmime/tvmime/tvApp/src/main/java/com/tvmime/tv/sv_ui/screens/provider/ProviderSetupScreen.kt:434:13 Unresolved reference: StalkerAdvancedOptions
Compile TV & Mobile APKs	Build Android TV & Mobile APKs	2026-09-06T05:33:47.9186009Z e: file:///home/runner/work/tvmime/tvmime/tvApp/src/main/java/com/tvmime/tv/sv_ui/screens/provider/ProviderSetupScreen.kt:444:31 Cannot infer a type for this parameter. Please specify it explicitly.
Compile TV & Mobile APKs	Build Android TV & Mobile APKs	2026-09-06T05:33:47.9188051Z e: file:///home/runner/work/tvmime/tvmime/tvApp/src/main/java/com/tvmime/tv/sv_ui/screens/provider/ProviderSetupScreen.kt:505:38 Unresolved reference: StalkerAdvancedOptions
Compile TV & Mobile APKs	Build Android TV & Mobile APKs	2026-09-06T05:33:47.9190177Z e: file:///home/runner/work/tvmime/tvmime/tvApp/src/main/java/com/tvmime/tv/sv_ui/screens/provider/ProviderSetupScreen.kt:554:62 Unresolved reference: ProviderInputSanitizer
Compile TV & Mobile APKs	Build Android TV & Mobile APKs	2026-09-06T05:33:47.9192181Z e: file:///home/runner/work/tvmime/tvmime/tvApp/src/main/java/com/tvmime/tv/sv_ui/screens/provider/ProviderSetupScreen.kt:555:82 Unresolved reference: ProviderInputSanitizer
Compile TV & Mobile APKs	Build Android TV & Mobile APKs	2026-09-06T05:33:47.9194366Z e: file:///home/runner/work/tvmime/tvmime/tvApp/src/main/java/com/tvmime/tv/sv_ui/screens/provider/ProviderSetupScreen.kt:556:78 Unresolved reference: ProviderInputSanitizer
Compile TV & Mobile APKs	Build Android TV & Mobile APKs	2026-09-06T05:33:47.9196327Z e: file:///home/runner/work/tvmime/tvmime/tvApp/src/main/java/com/tvmime/tv/sv_ui/screens/provider/ProviderSetupScreen.kt:557:78 Unresolved reference: ProviderInputSanitizer
Compile TV & Mobile APKs	Build Android TV & Mobile APKs	2026-09-06T05:33:47.9198315Z e: file:///home/runner/work/tvmime/tvmime/tvApp/src/main/java/com/tvmime/tv/sv_ui/screens/provider/ProviderSetupScreen.kt:558:70 Unresolved reference: ProviderInputSanitizer
Compile TV & Mobile APKs	Build Android TV & Mobile APKs	2026-09-06T05:33:47.9223776Z e: file:///home/runner/work/tvmime/tvmime/tvApp/src/main/java/com/tvmime/tv/sv_ui/screens/provider/ProviderSetupScreen.kt:559:98 Unresolved reference: ProviderInputSanitizer
Compile TV & Mobile APKs	Build Android TV & Mobile APKs	2026-09-06T05:33:47.9225902Z e: file:///home/runner/work/tvmime/tvmime/tvApp/src/main/java/com/tvmime/tv/sv_ui/screens/provider/ProviderSetupScreen.kt:560:90 Unresolved reference: ProviderInputSanitizer
Compile TV & Mobile APKs	Build Android TV & Mobile APKs	2026-09-06T05:33:47.9228018Z e: file:///home/runner/work/tvmime/tvmime/tvApp/src/main/java/com/tvmime/tv/sv_ui/screens/provider/ProviderSetupScreen.kt:561:114 Unresolved reference: ProviderInputSanitizer
Compile TV & Mobile APKs	Build Android TV & Mobile APKs	2026-09-06T05:33:47.9230147Z e: file:///home/runner/work/tvmime/tvmime/tvApp/src/main/java/com/tvmime/tv/sv_ui/screens/provider/ProviderSetupScreen.kt:563:126 Unresolved reference: ProviderInputSanitizer
Compile TV & Mobile APKs	Build Android TV & Mobile APKs	2026-09-06T05:33:47.9232151Z e: file:///home/runner/work/tvmime/tvmime/tvApp/src/main/java/com/tvmime/tv/sv_ui/screens/provider/ProviderSetupScreen.kt:564:130 Unresolved reference: ProviderInputSanitizer
Compile TV & Mobile APKs	Build Android TV & Mobile APKs	2026-09-06T05:33:47.9234239Z e: file:///home/runner/work/tvmime/tvmime/tvApp/src/main/java/com/tvmime/tv/sv_ui/screens/provider/ProviderSetupScreen.kt:565:122 Unresolved reference: ProviderInputSanitizer
Compile TV & Mobile APKs	Build Android TV & Mobile APKs	2026-09-06T05:33:47.9236402Z e: file:///home/runner/work/tvmime/tvmime/tvApp/src/main/java/com/tvmime/tv/sv_ui/screens/provider/ProviderSetupScreen.kt:566:122 Unresolved reference: ProviderInputSanitizer
Compile TV & Mobile APKs	Build Android TV & Mobile APKs	2026-09-06T05:33:47.9238501Z e: file:///home/runner/work/tvmime/tvmime/tvApp/src/main/java/com/tvmime/tv/sv_ui/screens/provider/ProviderSetupScreen.kt:567:106 Unresolved reference: ProviderInputSanitizer
Compile TV & Mobile APKs	Build Android TV & Mobile APKs	2026-09-06T05:33:47.9240735Z e: file:///home/runner/work/tvmime/tvmime/tvApp/src/main/java/com/tvmime/tv/sv_ui/screens/provider/ProviderSetupScreen.kt:568:110 Unresolved reference: ProviderInputSanitizer
Compile TV & Mobile APKs	Build Android TV & Mobile APKs	2026-09-06T05:33:47.9242751Z e: file:///home/runner/work/tvmime/tvmime/tvApp/src/main/java/com/tvmime/tv/sv_ui/screens/provider/ProviderSetupScreen.kt:569:110 Unresolved reference: ProviderInputSanitizer
Compile TV & Mobile APKs	Build Android TV & Mobile APKs	2026-09-06T05:33:47.9244758Z e: file:///home/runner/work/tvmime/tvmime/tvApp/src/main/java/com/tvmime/tv/sv_ui/screens/provider/ProviderSetupScreen.kt:571:122 Unresolved reference: ProviderInputSanitizer
Compile TV & Mobile APKs	Build Android TV & Mobile APKs	2026-09-06T05:33:47.9246733Z e: file:///home/runner/work/tvmime/tvmime/tvApp/src/main/java/com/tvmime/tv/sv_ui/screens/provider/ProviderSetupScreen.kt:572:134 Unresolved reference: ProviderInputSanitizer
Compile TV & Mobile APKs	Build Android TV & Mobile APKs	2026-09-06T05:33:47.9249099Z e: file:///home/runner/work/tvmime/tvmime/tvApp/src/main/java/com/tvmime/tv/sv_ui/screens/provider/ProviderSetupScreen.kt:573:126 Unresolved reference: ProviderInputSanitizer
Compile TV & Mobile APKs	Build Android TV & Mobile APKs	2026-09-06T05:33:47.9281418Z e: file:///home/runner/work/tvmime/tvmime/tvApp/src/main/java/com/tvmime/tv/sv_ui/screens/provider/ProviderSetupScreen.kt:619:62 Unresolved reference: ProviderInputSanitizer
Compile TV & Mobile APKs	Build Android TV & Mobile APKs	2026-09-06T05:33:47.9283558Z e: file:///home/runner/work/tvmime/tvmime/tvApp/src/main/java/com/tvmime/tv/sv_ui/screens/provider/ProviderSetupScreen.kt:620:82 Unresolved reference: ProviderInputSanitizer
Compile TV & Mobile APKs	Build Android TV & Mobile APKs	2026-09-06T05:33:47.9285631Z e: file:///home/runner/work/tvmime/tvmime/tvApp/src/main/java/com/tvmime/tv/sv_ui/screens/provider/ProviderSetupScreen.kt:621:78 Unresolved reference: ProviderInputSanitizer
Compile TV & Mobile APKs	Build Android TV & Mobile APKs	2026-09-06T05:33:47.9287687Z e: file:///home/runner/work/tvmime/tvmime/tvApp/src/main/java/com/tvmime/tv/sv_ui/screens/provider/ProviderSetupScreen.kt:622:78 Unresolved reference: ProviderInputSanitizer
Compile TV & Mobile APKs	Build Android TV & Mobile APKs	2026-09-06T05:33:47.9290167Z e: file:///home/runner/work/tvmime/tvmime/tvApp/src/main/java/com/tvmime/tv/sv_ui/screens/provider/ProviderSetupScreen.kt:623:70 Unresolved reference: ProviderInputSanitizer
Compile TV & Mobile APKs	Build Android TV & Mobile APKs	2026-09-06T05:33:47.9292149Z e: file:///home/runner/work/tvmime/tvmime/tvApp/src/main/java/com/tvmime/tv/sv_ui/screens/provider/ProviderSetupScreen.kt:624:98 Unresolved reference: ProviderInputSanitizer
Compile TV & Mobile APKs	Build Android TV & Mobile APKs	2026-09-06T05:33:47.9294093Z e: file:///home/runner/work/tvmime/tvmime/tvApp/src/main/java/com/tvmime/tv/sv_ui/screens/provider/ProviderSetupScreen.kt:625:90 Unresolved reference: ProviderInputSanitizer
Compile TV & Mobile APKs	Build Android TV & Mobile APKs	2026-09-06T05:33:47.9296021Z e: file:///home/runner/work/tvmime/tvmime/tvApp/src/main/java/com/tvmime/tv/sv_ui/screens/provider/ProviderSetupScreen.kt:626:114 Unresolved reference: ProviderInputSanitizer
Compile TV & Mobile APKs	Build Android TV & Mobile APKs	2026-09-06T05:33:47.9298003Z e: file:///home/runner/work/tvmime/tvmime/tvApp/src/main/java/com/tvmime/tv/sv_ui/screens/provider/ProviderSetupScreen.kt:628:126 Unresolved reference: ProviderInputSanitizer
Compile TV & Mobile APKs	Build Android TV & Mobile APKs	2026-09-06T05:33:47.9300198Z e: file:///home/runner/work/tvmime/tvmime/tvApp/src/main/java/com/tvmime/tv/sv_ui/screens/provider/ProviderSetupScreen.kt:629:130 Unresolved reference: ProviderInputSanitizer
Compile TV & Mobile APKs	Build Android TV & Mobile APKs	2026-09-06T05:33:47.9302223Z e: file:///home/runner/work/tvmime/tvmime/tvApp/src/main/java/com/tvmime/tv/sv_ui/screens/provider/ProviderSetupScreen.kt:630:122 Unresolved reference: ProviderInputSanitizer
Compile TV & Mobile APKs	Build Android TV & Mobile APKs	2026-09-06T05:33:47.9304297Z e: file:///home/runner/work/tvmime/tvmime/tvApp/src/main/java/com/tvmime/tv/sv_ui/screens/provider/ProviderSetupScreen.kt:631:122 Unresolved reference: ProviderInputSanitizer
Compile TV & Mobile APKs	Build Android TV & Mobile APKs	2026-09-06T05:33:47.9306308Z e: file:///home/runner/work/tvmime/tvmime/tvApp/src/main/java/com/tvmime/tv/sv_ui/screens/provider/ProviderSetupScreen.kt:632:106 Unresolved reference: ProviderInputSanitizer
Compile TV & Mobile APKs	Build Android TV & Mobile APKs	2026-09-06T05:33:47.9308289Z e: file:///home/runner/work/tvmime/tvmime/tvApp/src/main/java/com/tvmime/tv/sv_ui/screens/provider/ProviderSetupScreen.kt:633:110 Unresolved reference: ProviderInputSanitizer
Compile TV & Mobile APKs	Build Android TV & Mobile APKs	2026-09-06T05:33:47.9324525Z e: file:///home/runner/work/tvmime/tvmime/tvApp/src/main/java/com/tvmime/tv/sv_ui/screens/provider/ProviderSetupScreen.kt:634:110 Unresolved reference: ProviderInputSanitizer
Compile TV & Mobile APKs	Build Android TV & Mobile APKs	2026-09-06T05:33:47.9326710Z e: file:///home/runner/work/tvmime/tvmime/tvApp/src/main/java/com/tvmime/tv/sv_ui/screens/provider/ProviderSetupScreen.kt:636:122 Unresolved reference: ProviderInputSanitizer
Compile TV & Mobile APKs	Build Android TV & Mobile APKs	2026-09-06T05:33:47.9328804Z e: file:///home/runner/work/tvmime/tvmime/tvApp/src/main/java/com/tvmime/tv/sv_ui/screens/provider/ProviderSetupScreen.kt:637:134 Unresolved reference: ProviderInputSanitizer
Compile TV & Mobile APKs	Build Android TV & Mobile APKs	2026-09-06T05:33:47.9331047Z e: file:///home/runner/work/tvmime/tvmime/tvApp/src/main/java/com/tvmime/tv/sv_ui/screens/provider/ProviderSetupScreen.kt:638:126 Unresolved reference: ProviderInputSanitizer
Compile TV & Mobile APKs	Build Android TV & Mobile APKs	2026-09-06T05:33:47.9333106Z e: file:///home/runner/work/tvmime/tvmime/tvApp/src/main/java/com/tvmime/tv/sv_ui/screens/provider/ProviderSetupScreen.kt:842:25 Unresolved reference: LocalLifecycleOwner
Compile TV & Mobile APKs	Build Android TV & Mobile APKs	2026-09-06T05:33:47.9335053Z e: file:///home/runner/work/tvmime/tvmime/tvApp/src/main/java/com/tvmime/tv/sv_ui/screens/provider/ProviderSetupScreen.kt:916:33 Unresolved reference: status
Compile TV & Mobile APKs	Build Android TV & Mobile APKs	2026-09-06T05:33:47.9337396Z e: file:///home/runner/work/tvmime/tvmime/tvApp/src/main/java/com/tvmime/tv/sv_ui/screens/provider/ProviderSetupScreen.kt:916:43 Unresolved reference: ProviderQrPairingStatus
Compile TV & Mobile APKs	Build Android TV & Mobile APKs	2026-09-06T05:33:47.9339364Z e: file:///home/runner/work/tvmime/tvmime/tvApp/src/main/java/com/tvmime/tv/sv_ui/screens/provider/ProviderSetupScreen.kt:917:22 Unresolved reference: status
Compile TV & Mobile APKs	Build Android TV & Mobile APKs	2026-09-06T05:33:47.9341488Z e: file:///home/runner/work/tvmime/tvmime/tvApp/src/main/java/com/tvmime/tv/sv_ui/screens/provider/ProviderSetupScreen.kt:917:32 Unresolved reference: ProviderQrPairingStatus
Compile TV & Mobile APKs	Build Android TV & Mobile APKs	2026-09-06T05:33:47.9343494Z e: file:///home/runner/work/tvmime/tvmime/tvApp/src/main/java/com/tvmime/tv/sv_ui/screens/provider/ProviderSetupScreen.kt:918:32 Unresolved reference: message
Compile TV & Mobile APKs	Build Android TV & Mobile APKs	2026-09-06T05:33:47.9345422Z e: file:///home/runner/work/tvmime/tvmime/tvApp/src/main/java/com/tvmime/tv/sv_ui/screens/provider/ProviderSetupScreen.kt:923:18 Unresolved reference: SurfaceDefaults
Compile TV & Mobile APKs	Build Android TV & Mobile APKs	2026-09-06T05:33:47.9347775Z e: file:///home/runner/work/tvmime/tvmime/tvApp/src/main/java/com/tvmime/tv/sv_ui/screens/provider/ProviderSetupScreen.kt:954:29 'when' expression must be exhaustive, add necessary 'else' branch
Compile TV & Mobile APKs	Build Android TV & Mobile APKs	2026-09-06T05:33:47.9380063Z e: file:///home/runner/work/tvmime/tvmime/tvApp/src/main/java/com/tvmime/tv/sv_ui/screens/provider/ProviderSetupScreen.kt:954:48 Unresolved reference: status
Compile TV & Mobile APKs	Build Android TV & Mobile APKs	2026-09-06T05:33:47.9382139Z e: file:///home/runner/work/tvmime/tvmime/tvApp/src/main/java/com/tvmime/tv/sv_ui/screens/provider/ProviderSetupScreen.kt:955:25 Unresolved reference: ProviderQrPairingStatus
Compile TV & Mobile APKs	Build Android TV & Mobile APKs	2026-09-06T05:33:47.9384194Z e: file:///home/runner/work/tvmime/tvmime/tvApp/src/main/java/com/tvmime/tv/sv_ui/screens/provider/ProviderSetupScreen.kt:956:25 Unresolved reference: ProviderQrPairingStatus
Compile TV & Mobile APKs	Build Android TV & Mobile APKs	2026-09-06T05:33:47.9386235Z e: file:///home/runner/work/tvmime/tvmime/tvApp/src/main/java/com/tvmime/tv/sv_ui/screens/provider/ProviderSetupScreen.kt:957:25 Unresolved reference: ProviderQrPairingStatus
Compile TV & Mobile APKs	Build Android TV & Mobile APKs	2026-09-06T05:33:47.9388232Z e: file:///home/runner/work/tvmime/tvmime/tvApp/src/main/java/com/tvmime/tv/sv_ui/screens/provider/ProviderSetupScreen.kt:958:25 Unresolved reference: ProviderQrPairingStatus
Compile TV & Mobile APKs	Build Android TV & Mobile APKs	2026-09-06T05:33:47.9390409Z e: file:///home/runner/work/tvmime/tvmime/tvApp/src/main/java/com/tvmime/tv/sv_ui/screens/provider/ProviderSetupScreen.kt:959:25 Unresolved reference: ProviderQrPairingStatus
Compile TV & Mobile APKs	Build Android TV & Mobile APKs	2026-09-06T05:33:47.9392315Z e: file:///home/runner/work/tvmime/tvmime/tvApp/src/main/java/com/tvmime/tv/sv_ui/screens/provider/ProviderSetupScreen.kt:961:55 Unresolved reference: status
Compile TV & Mobile APKs	Build Android TV & Mobile APKs	2026-09-06T05:33:47.9394201Z e: file:///home/runner/work/tvmime/tvmime/tvApp/src/main/java/com/tvmime/tv/sv_ui/screens/provider/ProviderSetupScreen.kt:961:65 Unresolved reference: ProviderQrPairingStatus
Compile TV & Mobile APKs	Build Android TV & Mobile APKs	2026-09-06T05:33:47.9396142Z e: file:///home/runner/work/tvmime/tvmime/tvApp/src/main/java/com/tvmime/tv/sv_ui/screens/provider/ProviderSetupScreen.kt:969:26 Unresolved reference: qrBitmap
Compile TV & Mobile APKs	Build Android TV & Mobile APKs	2026-09-06T05:33:47.9398263Z e: file:///home/runner/work/tvmime/tvmime/tvApp/src/main/java/com/tvmime/tv/sv_ui/screens/provider/ProviderSetupScreen.kt:969:42 Cannot infer a type for this parameter. Please specify it explicitly.
Compile TV & Mobile APKs	Build Android TV & Mobile APKs	2026-09-06T05:33:47.9400755Z e: file:///home/runner/work/tvmime/tvmime/tvApp/src/main/java/com/tvmime/tv/sv_ui/screens/provider/ProviderSetupScreen.kt:970:17 @Composable invocations can only happen from the context of a @Composable function
Compile TV & Mobile APKs	Build Android TV & Mobile APKs	2026-09-06T05:33:47.9402959Z e: file:///home/runner/work/tvmime/tvmime/tvApp/src/main/java/com/tvmime/tv/sv_ui/screens/provider/ProviderSetupScreen.kt:992:38 Unresolved reference: url
Compile TV & Mobile APKs	Build Android TV & Mobile APKs	2026-09-06T05:33:47.9404987Z e: file:///home/runner/work/tvmime/tvmime/tvApp/src/main/java/com/tvmime/tv/sv_ui/screens/provider/ProviderSetupScreen.kt:992:49 Cannot infer a type for this parameter. Please specify it explicitly.
Compile TV & Mobile APKs	Build Android TV & Mobile APKs	2026-09-06T05:33:47.9407130Z e: file:///home/runner/work/tvmime/tvmime/tvApp/src/main/java/com/tvmime/tv/sv_ui/screens/provider/ProviderSetupScreen.kt:993:29 Overload resolution ambiguity: 
Compile TV & Mobile APKs	Build Android TV & Mobile APKs	2026-09-06T05:33:47.9451712Z public fun Text(text: AnnotatedString, modifier: Modifier = ..., color: Color = ..., fontSize: TextUnit = ..., fontStyle: FontStyle? = ..., fontWeight: FontWeight? = ..., fontFamily: FontFamily? = ..., letterSpacing: TextUnit = ..., textDecoration: TextDecoration? = ..., textAlign: TextAlign? = ..., lineHeight: TextUnit = ..., overflow: TextOverflow = ..., softWrap: Boolean = ..., maxLines: Int = ..., inlineContent: Map<String, InlineTextContent> = ..., onTextLayout: (TextLayoutResult) -> Unit = ..., style: TextStyle = ...): Unit defined in androidx.tv.material3
Compile TV & Mobile APKs	Build Android TV & Mobile APKs	2026-09-06T05:33:47.9457352Z public fun Text(text: String, modifier: Modifier = ..., color: Color = ..., fontSize: TextUnit = ..., fontStyle: FontStyle? = ..., fontWeight: FontWeight? = ..., fontFamily: FontFamily? = ..., letterSpacing: TextUnit = ..., textDecoration: TextDecoration? = ..., textAlign: TextAlign? = ..., lineHeight: TextUnit = ..., overflow: TextOverflow = ..., softWrap: Boolean = ..., maxLines: Int = ..., onTextLayout: (TextLayoutResult) -> Unit = ..., style: TextStyle = ...): Unit defined in androidx.tv.material3
Compile TV & Mobile APKs	Build Android TV & Mobile APKs	2026-09-06T05:33:47.9461669Z e: file:///home/runner/work/tvmime/tvmime/tvApp/src/main/java/com/tvmime/tv/sv_ui/screens/provider/ProviderSetupScreen.kt:995:55 @Composable invocations can only happen from the context of a @Composable function
Compile TV & Mobile APKs	Build Android TV & Mobile APKs	2026-09-06T05:33:47.9463894Z e: file:///home/runner/work/tvmime/tvmime/tvApp/src/main/java/com/tvmime/tv/sv_ui/screens/provider/ProviderSetupScreen.kt:1084:30 Unresolved reference: rememberIsTelevisionDevice
Compile TV & Mobile APKs	Build Android TV & Mobile APKs	2026-09-06T05:33:47.9465852Z e: file:///home/runner/work/tvmime/tvmime/tvApp/src/main/java/com/tvmime/tv/sv_ui/screens/provider/ProviderSetupScreen.kt:1090:18 Unresolved reference: SurfaceDefaults
Compile TV & Mobile APKs	Build Android TV & Mobile APKs	2026-09-06T05:33:47.9467792Z e: file:///home/runner/work/tvmime/tvmime/tvApp/src/main/java/com/tvmime/tv/sv_ui/screens/provider/ProviderSetupScreen.kt:1124:29 Cannot find a parameter with this name: autoCorrectEnabled
Compile TV & Mobile APKs	Build Android TV & Mobile APKs	2026-09-06T05:33:47.9470096Z e: file:///home/runner/work/tvmime/tvmime/tvApp/src/main/java/com/tvmime/tv/sv_ui/screens/provider/ProviderSetupScreen.kt:1134:29 Cannot find a parameter with this name: autoCorrectEnabled
Compile TV & Mobile APKs	Build Android TV & Mobile APKs	2026-09-06T05:33:47.9472270Z e: file:///home/runner/work/tvmime/tvmime/tvApp/src/main/java/com/tvmime/tv/sv_ui/screens/provider/ProviderSetupScreen.kt:1145:29 Cannot find a parameter with this name: autoCorrectEnabled
Compile TV & Mobile APKs	Build Android TV & Mobile APKs	2026-09-06T05:33:47.9474461Z e: file:///home/runner/work/tvmime/tvmime/tvApp/src/main/java/com/tvmime/tv/sv_ui/screens/provider/ProviderSetupScreen.kt:1223:29 Cannot find a parameter with this name: autoCorrectEnabled
Compile TV & Mobile APKs	Build Android TV & Mobile APKs	2026-09-06T05:33:47.9476645Z e: file:///home/runner/work/tvmime/tvmime/tvApp/src/main/java/com/tvmime/tv/sv_ui/screens/provider/ProviderSetupScreen.kt:1237:29 Cannot find a parameter with this name: autoCorrectEnabled
Compile TV & Mobile APKs	Build Android TV & Mobile APKs	2026-09-06T05:33:47.9478685Z e: file:///home/runner/work/tvmime/tvmime/tvApp/src/main/java/com/tvmime/tv/sv_ui/screens/provider/ProviderSetupScreen.kt:1507:37 Unresolved reference: StalkerAdvancedOptions
Compile TV & Mobile APKs	Build Android TV & Mobile APKs	2026-09-06T05:33:47.9511146Z e: file:///home/runner/work/tvmime/tvmime/tvApp/src/main/java/com/tvmime/tv/sv_ui/screens/provider/ProviderSetupScreen.kt:1556:46 Unresolved reference: StalkerAdvancedOptions
Compile TV & Mobile APKs	Build Android TV & Mobile APKs	2026-09-06T05:33:47.9513361Z e: file:///home/runner/work/tvmime/tvmime/tvApp/src/main/java/com/tvmime/tv/sv_ui/screens/provider/ProviderSetupScreen.kt:1677:29 Cannot find a parameter with this name: autoCorrectEnabled
Compile TV & Mobile APKs	Build Android TV & Mobile APKs	2026-09-06T05:33:47.9515521Z e: file:///home/runner/work/tvmime/tvmime/tvApp/src/main/java/com/tvmime/tv/sv_ui/screens/provider/ProviderSetupScreen.kt:1695:29 Cannot find a parameter with this name: autoCorrectEnabled
Compile TV & Mobile APKs	Build Android TV & Mobile APKs	2026-09-06T05:33:47.9517621Z e: file:///home/runner/work/tvmime/tvmime/tvApp/src/main/java/com/tvmime/tv/sv_ui/screens/provider/ProviderSetupScreen.kt:1891:33 Cannot find a parameter with this name: autoCorrectEnabled
Compile TV & Mobile APKs	Build Android TV & Mobile APKs	2026-09-06T05:33:47.9519862Z e: file:///home/runner/work/tvmime/tvmime/tvApp/src/main/java/com/tvmime/tv/sv_ui/screens/provider/ProviderSetupScreen.kt:1907:33 Cannot find a parameter with this name: autoCorrectEnabled
Compile TV & Mobile APKs	Build Android TV & Mobile APKs	2026-09-06T05:33:47.9522228Z e: file:///home/runner/work/tvmime/tvmime/tvApp/src/main/java/com/tvmime/tv/sv_ui/screens/provider/ProviderSetupScreen.kt:1987:40 Unresolved reference: StalkerAdvancedOptions
Compile TV & Mobile APKs	Build Android TV & Mobile APKs	2026-09-06T05:33:47.9524225Z e: file:///home/runner/work/tvmime/tvmime/tvApp/src/main/java/com/tvmime/tv/sv_ui/screens/provider/ProviderSetupScreen.kt:1988:69 Unresolved reference: StalkerAdvancedOptions
Compile TV & Mobile APKs	Build Android TV & Mobile APKs	2026-09-06T05:33:47.9527468Z e: file:///home/runner/work/tvmime/tvmime/tvApp/src/main/java/com/tvmime/tv/sv_ui/screens/provider/ProviderSetupScreen.kt:1989:75 Unresolved reference: StalkerAdvancedOptions
Compile TV & Mobile APKs	Build Android TV & Mobile APKs	2026-09-06T05:33:47.9529469Z e: file:///home/runner/work/tvmime/tvmime/tvApp/src/main/java/com/tvmime/tv/sv_ui/screens/provider/ProviderSetupScreen.kt:1992:40 Unresolved reference: StalkerAdvancedOptions
Compile TV & Mobile APKs	Build Android TV & Mobile APKs	2026-09-06T05:33:47.9532076Z e: file:///home/runner/work/tvmime/tvmime/tvApp/src/main/java/com/tvmime/tv/sv_ui/screens/provider/ProviderSetupScreen.kt:1993:69 Unresolved reference: StalkerAdvancedOptions
Compile TV & Mobile APKs	Build Android TV & Mobile APKs	2026-09-06T05:33:47.9534045Z e: file:///home/runner/work/tvmime/tvmime/tvApp/src/main/java/com/tvmime/tv/sv_ui/screens/provider/ProviderSetupScreen.kt:1994:75 Unresolved reference: StalkerAdvancedOptions
Compile TV & Mobile APKs	Build Android TV & Mobile APKs	2026-09-06T05:33:47.9536176Z e: file:///home/runner/work/tvmime/tvmime/tvApp/src/main/java/com/tvmime/tv/sv_ui/screens/provider/ProviderSetupScreen.kt:2105:44 This foundation API is experimental and is likely to change or be removed in the future.
Compile TV & Mobile APKs	Build Android TV & Mobile APKs	2026-09-06T05:33:47.9538507Z e: file:///home/runner/work/tvmime/tvmime/tvApp/src/main/java/com/tvmime/tv/sv_ui/screens/provider/ProviderSetupScreen.kt:2105:55 This foundation API is experimental and is likely to change or be removed in the future.
Compile TV & Mobile APKs	Build Android TV & Mobile APKs	2026-09-06T05:33:47.9601628Z e: file:///home/runner/work/tvmime/tvmime/tvApp/src/main/java/com/tvmime/tv/sv_ui/screens/provider/ProviderSetupScreen.kt:2111:27 This foundation API is experimental and is likely to change or be removed in the future.
Compile TV & Mobile APKs	Build Android TV & Mobile APKs	2026-09-06T05:33:47.9604296Z e: file:///home/runner/work/tvmime/tvmime/tvApp/src/main/java/com/tvmime/tv/sv_ui/screens/provider/ProviderSetupScreen.kt:2111:60 This foundation API is experimental and is likely to change or be removed in the future.
Compile TV & Mobile APKs	Build Android TV & Mobile APKs	2026-09-06T05:33:47.9606748Z e: file:///home/runner/work/tvmime/tvmime/tvApp/src/main/java/com/tvmime/tv/sv_ui/screens/provider/ProviderSetupScreen.kt:2145:38 This foundation API is experimental and is likely to change or be removed in the future.
Compile TV & Mobile APKs	Build Android TV & Mobile APKs	2026-09-06T05:33:47.9609116Z e: file:///home/runner/work/tvmime/tvmime/tvApp/src/main/java/com/tvmime/tv/sv_ui/screens/provider/ProviderSetupScreen.kt:2145:61 This foundation API is experimental and is likely to change or be removed in the future.
Compile TV & Mobile APKs	Build Android TV & Mobile APKs	2026-09-06T05:33:47.9611433Z e: file:///home/runner/work/tvmime/tvmime/tvApp/src/main/java/com/tvmime/tv/sv_ui/screens/provider/ProviderSetupScreen.kt:2557:18 Unresolved reference: SurfaceDefaults
Compile TV & Mobile APKs	Build Android TV & Mobile APKs	2026-09-06T05:33:47.9613493Z e: file:///home/runner/work/tvmime/tvmime/tvApp/src/main/java/com/tvmime/tv/sv_ui/screens/provider/ProviderSetupScreen.kt:2765:30 Unresolved reference: rememberIsTelevisionDevice
Compile TV & Mobile APKs	Build Android TV & Mobile APKs	2026-09-06T05:33:47.9615535Z e: file:///home/runner/work/tvmime/tvmime/tvApp/src/main/java/com/tvmime/tv/sv_ui/screens/provider/ProviderSetupScreen.kt:2768:25 Not enough information to infer type variable T
Compile TV & Mobile APKs	Build Android TV & Mobile APKs	2026-09-06T05:33:47.9617933Z e: file:///home/runner/work/tvmime/tvmime/tvApp/src/main/java/com/tvmime/tv/sv_ui/screens/provider/ProviderSetupScreen.kt:2768:25 Property delegate must have a 'getValue(Nothing?, KProperty<*>)' method. None of the following functions is suitable: 
Compile TV & Mobile APKs	Build Android TV & Mobile APKs	2026-09-06T05:33:47.9630211Z public inline operator fun <T> State<???>.getValue(thisObj: Any?, property: KProperty<*>): ??? defined in androidx.compose.runtime
Compile TV & Mobile APKs	Build Android TV & Mobile APKs	2026-09-06T05:33:47.9632310Z e: file:///home/runner/work/tvmime/tvmime/tvApp/src/main/java/com/tvmime/tv/sv_ui/screens/provider/ProviderSetupScreen.kt:2781:34 This foundation API is experimental and is likely to change or be removed in the future.
Compile TV & Mobile APKs	Build Android TV & Mobile APKs	2026-09-06T05:33:47.9635146Z e: file:///home/runner/work/tvmime/tvmime/tvApp/src/main/java/com/tvmime/tv/sv_ui/screens/provider/ProviderSetupScreen.kt:2781:45 This foundation API is experimental and is likely to change or be removed in the future.
Compile TV & Mobile APKs	Build Android TV & Mobile APKs	2026-09-06T05:33:47.9637541Z e: file:///home/runner/work/tvmime/tvmime/tvApp/src/main/java/com/tvmime/tv/sv_ui/screens/provider/ProviderSetupScreen.kt:2801:31 This foundation API is experimental and is likely to change or be removed in the future.
Compile TV & Mobile APKs	Build Android TV & Mobile APKs	2026-09-06T05:33:47.9670363Z e: file:///home/runner/work/tvmime/tvmime/tvApp/src/main/java/com/tvmime/tv/sv_ui/screens/provider/ProviderSetupScreen.kt:2801:54 This foundation API is experimental and is likely to change or be removed in the future.
Compile TV & Mobile APKs	Build Android TV & Mobile APKs	2026-09-06T05:33:47.9680027Z e: file:///home/runner/work/tvmime/tvmime/tvApp/src/main/java/com/tvmime/tv/sv_ui/screens/provider/ProviderSetupScreen.kt:2803:31 This foundation API is experimental and is likely to change or be removed in the future.
Compile TV & Mobile APKs	Build Android TV & Mobile APKs	2026-09-06T05:33:47.9683000Z e: file:///home/runner/work/tvmime/tvmime/tvApp/src/main/java/com/tvmime/tv/sv_ui/screens/provider/ProviderSetupScreen.kt:2803:54 This foundation API is experimental and is likely to change or be removed in the future.
Compile TV & Mobile APKs	Build Android TV & Mobile APKs	2026-09-06T05:33:47.9685410Z e: file:///home/runner/work/tvmime/tvmime/tvApp/src/main/java/com/tvmime/tv/sv_ui/screens/provider/ProviderSetupScreen.kt:2810:27 This foundation API is experimental and is likely to change or be removed in the future.
Compile TV & Mobile APKs	Build Android TV & Mobile APKs	2026-09-06T05:33:47.9687795Z e: file:///home/runner/work/tvmime/tvmime/tvApp/src/main/java/com/tvmime/tv/sv_ui/screens/provider/ProviderSetupScreen.kt:2810:50 This foundation API is experimental and is likely to change or be removed in the future.
Compile TV & Mobile APKs	Build Android TV & Mobile APKs	2026-09-06T05:33:47.9690330Z e: file:///home/runner/work/tvmime/tvmime/tvApp/src/main/java/com/tvmime/tv/sv_ui/screens/provider/ProviderSetupScreen.kt:2843:27 This foundation API is experimental and is likely to change or be removed in the future.
Compile TV & Mobile APKs	Build Android TV & Mobile APKs	2026-09-06T05:33:47.9692739Z e: file:///home/runner/work/tvmime/tvmime/tvApp/src/main/java/com/tvmime/tv/sv_ui/screens/provider/ProviderSetupScreen.kt:2843:50 This foundation API is experimental and is likely to change or be removed in the future.
Compile TV & Mobile APKs	Build Android TV & Mobile APKs	2026-09-06T05:33:47.9695089Z e: file:///home/runner/work/tvmime/tvmime/tvApp/src/main/java/com/tvmime/tv/sv_ui/screens/provider/ProviderSetupScreen.kt:2878:14 This foundation API is experimental and is likely to change or be removed in the future.
Compile TV & Mobile APKs	Build Android TV & Mobile APKs	2026-09-06T05:33:47.9697497Z e: file:///home/runner/work/tvmime/tvmime/tvApp/src/main/java/com/tvmime/tv/sv_ui/screens/provider/ProviderSetupScreen.kt:2878:37 This foundation API is experimental and is likely to change or be removed in the future.
Compile TV & Mobile APKs	Build Android TV & Mobile APKs	2026-09-06T05:33:47.9720247Z e: file:///home/runner/work/tvmime/tvmime/tvApp/src/main/java/com/tvmime/tv/sv_ui/screens/provider/ProviderSetupScreen.kt:2905:47 This API is experimental and is likely to change in the future.
Compile TV & Mobile APKs	Build Android TV & Mobile APKs	2026-09-06T05:33:47.9722557Z e: file:///home/runner/work/tvmime/tvmime/tvApp/src/main/java/com/tvmime/tv/sv_ui/screens/provider/ProviderSetupScreen.kt:2906:100 This API is experimental and is likely to change in the future.
Compile TV & Mobile APKs	Build Android TV & Mobile APKs	2026-09-06T05:33:47.9724832Z e: file:///home/runner/work/tvmime/tvmime/tvApp/src/main/java/com/tvmime/tv/sv_ui/screens/provider/ProviderSetupScreen.kt:2951:43 This foundation API is experimental and is likely to change or be removed in the future.
Compile TV & Mobile APKs	Build Android TV & Mobile APKs	2026-09-06T05:33:47.9727246Z e: file:///home/runner/work/tvmime/tvmime/tvApp/src/main/java/com/tvmime/tv/sv_ui/screens/provider/ProviderSetupScreen.kt:2951:66 This foundation API is experimental and is likely to change or be removed in the future.
Compile TV & Mobile APKs	Build Android TV & Mobile APKs	2026-09-06T05:33:47.9729559Z e: file:///home/runner/work/tvmime/tvmime/tvApp/src/main/java/com/tvmime/tv/sv_ui/screens/provider/ProviderSetupScreen.kt:2999:59 This foundation API is experimental and is likely to change or be removed in the future.
Compile TV & Mobile APKs	Build Android TV & Mobile APKs	2026-09-06T05:33:47.9732343Z e: file:///home/runner/work/tvmime/tvmime/tvApp/src/main/java/com/tvmime/tv/sv_ui/screens/provider/ProviderSetupScreen.kt:2999:82 This foundation API is experimental and is likely to change or be removed in the future.
Compile TV & Mobile APKs	Build Android TV & Mobile APKs	2026-09-06T05:33:47.9734774Z e: file:///home/runner/work/tvmime/tvmime/tvApp/src/main/java/com/tvmime/tv/sv_ui/screens/provider/ProviderSetupViewModel.kt:12:29 Unresolved reference: security
Compile TV & Mobile APKs	Build Android TV & Mobile APKs	2026-09-06T05:33:47.9736624Z e: file:///home/runner/work/tvmime/tvmime/tvApp/src/main/java/com/tvmime/tv/sv_ui/screens/provider/ProviderSetupViewModel.kt:92:84 Unresolved reference: state
Compile TV & Mobile APKs	Build Android TV & Mobile APKs	2026-09-06T05:33:47.9738391Z e: file:///home/runner/work/tvmime/tvmime/tvApp/src/main/java/com/tvmime/tv/sv_ui/screens/provider/ProviderSetupViewModel.kt:142:38 Unresolved reference: startPairing
Compile TV & Mobile APKs	Build Android TV & Mobile APKs	2026-09-06T05:33:47.9740346Z e: file:///home/runner/work/tvmime/tvmime/tvApp/src/main/java/com/tvmime/tv/sv_ui/screens/provider/ProviderSetupViewModel.kt:148:38 Unresolved reference: stopPairing
Compile TV & Mobile APKs	Build Android TV & Mobile APKs	2026-09-06T05:33:47.9742110Z e: file:///home/runner/work/tvmime/tvmime/tvApp/src/main/java/com/tvmime/tv/sv_ui/screens/provider/ProviderSetupViewModel.kt:512:55 Unresolved reference: loginStalker
Compile TV & Mobile APKs	Build Android TV & Mobile APKs	2026-09-06T05:33:47.9744333Z e: file:///home/runner/work/tvmime/tvmime/tvApp/src/main/java/com/tvmime/tv/sv_ui/screens/provider/ProviderSetupViewModel.kt:514:32 Cannot infer a type for this parameter. Please specify it explicitly.
Compile TV & Mobile APKs	Build Android TV & Mobile APKs	2026-09-06T05:33:47.9746233Z e: file:///home/runner/work/tvmime/tvmime/tvApp/src/main/java/com/tvmime/tv/sv_ui/screens/provider/ProviderSetupViewModel.kt:612:55 Unresolved reference: loginXtream
Compile TV & Mobile APKs	Build Android TV & Mobile APKs	2026-09-06T05:33:47.9748145Z e: file:///home/runner/work/tvmime/tvmime/tvApp/src/main/java/com/tvmime/tv/sv_ui/screens/provider/ProviderSetupViewModel.kt:627:32 Cannot infer a type for this parameter. Please specify it explicitly.
Compile TV & Mobile APKs	Build Android TV & Mobile APKs	2026-09-06T05:33:47.9780314Z e: file:///home/runner/work/tvmime/tvmime/tvApp/src/main/java/com/tvmime/tv/sv_ui/screens/provider/ProviderSetupViewModel.kt:708:55 Unresolved reference: addM3u
Compile TV & Mobile APKs	Build Android TV & Mobile APKs	2026-09-06T05:33:47.9782635Z e: file:///home/runner/work/tvmime/tvmime/tvApp/src/main/java/com/tvmime/tv/sv_ui/screens/provider/ProviderSetupViewModel.kt:720:32 Cannot infer a type for this parameter. Please specify it explicitly.
Compile TV & Mobile APKs	Build Android TV & Mobile APKs	2026-09-06T05:33:47.9783586Z e: file:///home/runner/work/tvmime/tvmime/tvApp/src/main/java/com/tvmime/tv/sv_ui/screens/provider/ProviderSetupViewModel.kt:827:55 Unresolved reference: loginJellyfin
Compile TV & Mobile APKs	Build Android TV & Mobile APKs	2026-09-06T05:33:47.9784645Z e: file:///home/runner/work/tvmime/tvmime/tvApp/src/main/java/com/tvmime/tv/sv_ui/screens/provider/ProviderSetupViewModel.kt:835:32 Cannot infer a type for this parameter. Please specify it explicitly.
Compile TV & Mobile APKs	Build Android TV & Mobile APKs	2026-09-06T05:33:47.9785632Z e: file:///home/runner/work/tvmime/tvmime/tvApp/src/main/java/com/tvmime/tv/sv_ui/screens/provider/ProviderSetupViewModel.kt:913:55 Unresolved reference: loginJellyfinQuickConnect
Compile TV & Mobile APKs	Build Android TV & Mobile APKs	2026-09-06T05:33:47.9786700Z e: file:///home/runner/work/tvmime/tvmime/tvApp/src/main/java/com/tvmime/tv/sv_ui/screens/provider/ProviderSetupViewModel.kt:919:28 Cannot infer a type for this parameter. Please specify it explicitly.
Compile TV & Mobile APKs	Build Android TV & Mobile APKs	2026-09-06T05:33:47.9787765Z e: file:///home/runner/work/tvmime/tvmime/tvApp/src/main/java/com/tvmime/tv/sv_ui/screens/provider/ProviderSetupViewModel.kt:924:32 Cannot infer a type for this parameter. Please specify it explicitly.
Compile TV & Mobile APKs	Build Android TV & Mobile APKs	2026-09-06T05:33:47.9788753Z e: file:///home/runner/work/tvmime/tvmime/tvApp/src/main/java/com/tvmime/tv/sv_ui/screens/provider/ProviderSetupViewModel.kt:1161:30 Unresolved reference: CredentialDecryptionException
Compile TV & Mobile APKs	Build Android TV & Mobile APKs	2026-09-06T05:33:47.9790003Z e: file:///home/runner/work/tvmime/tvmime/tvApp/src/main/java/com/tvmime/tv/sv_ui/screens/provider/ProviderSetupViewModel.kt:1162:35 Unresolved reference: CredentialDecryptionException
Compile TV & Mobile APKs	Build Android TV & Mobile APKs	2026-09-06T05:33:47.9790997Z e: file:///home/runner/work/tvmime/tvmime/tvApp/src/main/java/com/tvmime/tv/sv_ui/screens/provider/ProviderSetupViewModel.kt:1163:24 Unresolved reference: CredentialDecryptionException
Compile TV & Mobile APKs	Build Android TV & Mobile APKs	2026-09-06T05:33:47.9791813Z e: file:///home/runner/work/tvmime/tvmime/tvApp/src/main/java/com/tvmime/tv/sv_ui/screens/provider/ProviderSetupViewModel.kt:1173:58 Unresolved reference: statusCode
Compile TV & Mobile APKs	Build Android TV & Mobile APKs	2026-09-06T05:33:47.9793104Z e: file:///home/runner/work/tvmime/tvmime/tvApp/src/main/java/com/tvmime/tv/sv_ui/screens/provider/ProviderSetupViewModel.kt:1176:58 Unresolved reference: statusCode
Compile TV & Mobile APKs	Build Android TV & Mobile APKs	2026-09-06T05:33:47.9793946Z e: file:///home/runner/work/tvmime/tvmime/tvApp/src/main/java/com/tvmime/tv/sv_ui/screens/provider/ProviderSetupViewModel.kt:1179:58 Unresolved reference: statusCode
Compile TV & Mobile APKs	Build Android TV & Mobile APKs	2026-09-06T05:33:47.9794902Z e: file:///home/runner/work/tvmime/tvmime/tvApp/src/main/java/com/tvmime/tv/sv_ui/screens/provider/ProviderSetupViewModel.kt:1247:30 Unresolved reference: CredentialDecryptionException
Compile TV & Mobile APKs	Build Android TV & Mobile APKs	2026-09-06T05:33:47.9795860Z e: file:///home/runner/work/tvmime/tvmime/tvApp/src/main/java/com/tvmime/tv/sv_ui/screens/provider/ProviderSetupViewModel.kt:1248:35 Unresolved reference: CredentialDecryptionException
Compile TV & Mobile APKs	Build Android TV & Mobile APKs	2026-09-06T05:33:47.9796827Z e: file:///home/runner/work/tvmime/tvmime/tvApp/src/main/java/com/tvmime/tv/sv_ui/screens/provider/ProviderSetupViewModel.kt:1249:24 Unresolved reference: CredentialDecryptionException
Compile TV & Mobile APKs	Build Android TV & Mobile APKs	2026-09-06T05:33:47.9798025Z e: file:///home/runner/work/tvmime/tvmime/tvApp/src/main/java/com/tvmime/tv/sv_ui/screens/provider/ProviderSetupViewModel.kt:1283:30 Unresolved reference: CredentialDecryptionException
Compile TV & Mobile APKs	Build Android TV & Mobile APKs	2026-09-06T05:33:47.9799028Z e: file:///home/runner/work/tvmime/tvmime/tvApp/src/main/java/com/tvmime/tv/sv_ui/screens/provider/ProviderSetupViewModel.kt:1284:35 Unresolved reference: CredentialDecryptionException
Compile TV & Mobile APKs	Build Android TV & Mobile APKs	2026-09-06T05:33:47.9800180Z e: file:///home/runner/work/tvmime/tvmime/tvApp/src/main/java/com/tvmime/tv/sv_ui/screens/provider/ProviderSetupViewModel.kt:1285:24 Unresolved reference: CredentialDecryptionException
Compile TV & Mobile APKs	Build Android TV & Mobile APKs	2026-09-06T05:33:47.9801154Z e: file:///home/runner/work/tvmime/tvmime/tvApp/src/main/java/com/tvmime/tv/sv_ui/screens/settings/SettingsAppUpdateActions.kt:9:35 Unresolved reference: AppUpdateActionState
Compile TV & Mobile APKs	Build Android TV & Mobile APKs	2026-09-06T05:33:47.9802116Z e: file:///home/runner/work/tvmime/tvmime/tvApp/src/main/java/com/tvmime/tv/sv_ui/screens/settings/SettingsAppUpdateActions.kt:11:35 Unresolved reference: AppUpdateCheckPolicy
Compile TV & Mobile APKs	Build Android TV & Mobile APKs	2026-09-06T05:33:47.9803077Z e: file:///home/runner/work/tvmime/tvmime/tvApp/src/main/java/com/tvmime/tv/sv_ui/screens/settings/SettingsAppUpdateActions.kt:26:9 Unresolved reference: AppUpdateCheckPolicy
Compile TV & Mobile APKs	Build Android TV & Mobile APKs	2026-09-06T05:33:47.9804117Z e: file:///home/runner/work/tvmime/tvmime/tvApp/src/main/java/com/tvmime/tv/sv_ui/screens/settings/SettingsAppUpdateActions.kt:38:35 Unresolved reference: setLastAppUpdateAttemptTimestamp
Compile TV & Mobile APKs	Build Android TV & Mobile APKs	2026-09-06T05:33:47.9805101Z e: file:///home/runner/work/tvmime/tvmime/tvApp/src/main/java/com/tvmime/tv/sv_ui/screens/settings/SettingsAppUpdateActions.kt:39:35 Unresolved reference: setLastAppUpdateOutcome
Compile TV & Mobile APKs	Build Android TV & Mobile APKs	2026-09-06T05:33:47.9806051Z e: file:///home/runner/work/tvmime/tvmime/tvApp/src/main/java/com/tvmime/tv/sv_ui/screens/settings/SettingsAppUpdateActions.kt:46:53 Unresolved reference: fetchLatestRelease
Compile TV & Mobile APKs	Build Android TV & Mobile APKs	2026-09-06T05:33:47.9807106Z e: file:///home/runner/work/tvmime/tvmime/tvApp/src/main/java/com/tvmime/tv/sv_ui/screens/settings/SettingsAppUpdateActions.kt:48:43 Unresolved reference: setLastAppUpdateFailureTimestamp
Compile TV & Mobile APKs	Build Android TV & Mobile APKs	2026-09-06T05:33:47.9808121Z e: file:///home/runner/work/tvmime/tvmime/tvApp/src/main/java/com/tvmime/tv/sv_ui/screens/settings/SettingsAppUpdateActions.kt:49:43 Unresolved reference: setLastAppUpdateOutcome
Compile TV & Mobile APKs	Build Android TV & Mobile APKs	2026-09-06T05:33:47.9809319Z e: file:///home/runner/work/tvmime/tvmime/tvApp/src/main/java/com/tvmime/tv/sv_ui/screens/settings/SettingsAppUpdateActions.kt:61:20 One type argument expected. Use 'Success<*>' if you don't want to pass type arguments
Compile TV & Mobile APKs	Build Android TV & Mobile APKs	2026-09-06T05:33:47.9840754Z e: file:///home/runner/work/tvmime/tvmime/tvApp/src/main/java/com/tvmime/tv/sv_ui/screens/settings/SettingsAppUpdateActions.kt:63:43 Unresolved reference: setCachedAppUpdateRelease
Compile TV & Mobile APKs	Build Android TV & Mobile APKs	2026-09-06T05:33:47.9841853Z e: file:///home/runner/work/tvmime/tvmime/tvApp/src/main/java/com/tvmime/tv/sv_ui/screens/settings/SettingsAppUpdateActions.kt:72:43 Unresolved reference: setLastAppUpdateCheckTimestamp
Compile TV & Mobile APKs	Build Android TV & Mobile APKs	2026-09-06T05:33:47.9842931Z e: file:///home/runner/work/tvmime/tvmime/tvApp/src/main/java/com/tvmime/tv/sv_ui/screens/settings/SettingsAppUpdateActions.kt:73:43 Unresolved reference: setLastAppUpdateFailureTimestamp
Compile TV & Mobile APKs	Build Android TV & Mobile APKs	2026-09-06T05:33:47.9844267Z e: file:///home/runner/work/tvmime/tvmime/tvApp/src/main/java/com/tvmime/tv/sv_ui/screens/settings/SettingsAppUpdateActions.kt:74:43 Unresolved reference: setLastAppUpdateOutcome
Compile TV & Mobile APKs	Build Android TV & Mobile APKs	2026-09-06T05:33:47.9845187Z e: file:///home/runner/work/tvmime/tvmime/tvApp/src/main/java/com/tvmime/tv/sv_ui/screens/settings/SettingsAppUpdateActions.kt:107:69 Unresolved reference: refreshState
Compile TV & Mobile APKs	Build Android TV & Mobile APKs	2026-09-06T05:33:47.9846146Z e: file:///home/runner/work/tvmime/tvmime/tvApp/src/main/java/com/tvmime/tv/sv_ui/screens/settings/SettingsAppUpdateActions.kt:112:66 Unresolved reference: AppUpdateActionState
Compile TV & Mobile APKs	Build Android TV & Mobile APKs	2026-09-06T05:33:47.9847071Z e: file:///home/runner/work/tvmime/tvmime/tvApp/src/main/java/com/tvmime/tv/sv_ui/screens/settings/SettingsAppUpdateActions.kt:134:51 Unresolved reference: startDownload
Compile TV & Mobile APKs	Build Android TV & Mobile APKs	2026-09-06T05:33:47.9848249Z e: file:///home/runner/work/tvmime/tvmime/tvApp/src/main/java/com/tvmime/tv/sv_ui/screens/settings/SettingsAppUpdateActions.kt:136:20 One type argument expected. Use 'Success<*>' if you don't want to pass type arguments
Compile TV & Mobile APKs	Build Android TV & Mobile APKs	2026-09-06T05:33:47.9849437Z e: file:///home/runner/work/tvmime/tvmime/tvApp/src/main/java/com/tvmime/tv/sv_ui/screens/settings/SettingsAppUpdateActions.kt:146:51 Unresolved reference: installDownloadedUpdate
Compile TV & Mobile APKs	Build Android TV & Mobile APKs	2026-09-06T05:33:47.9850790Z e: file:///home/runner/work/tvmime/tvmime/tvApp/src/main/java/com/tvmime/tv/sv_ui/screens/settings/SettingsAppUpdateActions.kt:148:20 One type argument expected. Use 'Success<*>' if you don't want to pass type arguments
Compile TV & Mobile APKs	Build Android TV & Mobile APKs	2026-09-06T05:33:47.9851762Z e: file:///home/runner/work/tvmime/tvmime/tvApp/src/main/java/com/tvmime/tv/sv_ui/screens/settings/SettingsAppUpdateFormatting.kt:4:35 Unresolved reference: AppUpdateActionState
Compile TV & Mobile APKs	Build Android TV & Mobile APKs	2026-09-06T05:33:47.9852778Z e: file:///home/runner/work/tvmime/tvmime/tvApp/src/main/java/com/tvmime/tv/sv_ui/screens/settings/SettingsAppUpdateFormatting.kt:5:35 Unresolved reference: AppUpdateDownloadStatus
Compile TV & Mobile APKs	Build Android TV & Mobile APKs	2026-09-06T05:33:47.9853792Z e: file:///home/runner/work/tvmime/tvmime/tvApp/src/main/java/com/tvmime/tv/sv_ui/screens/settings/SettingsAppUpdateFormatting.kt:17:34 Unresolved reference: AppUpdateDownloadStatus
Compile TV & Mobile APKs	Build Android TV & Mobile APKs	2026-09-06T05:33:47.9854781Z e: file:///home/runner/work/tvmime/tvmime/tvApp/src/main/java/com/tvmime/tv/sv_ui/screens/settings/SettingsAppUpdateFormatting.kt:18:39 Unresolved reference: AppUpdateActionState
Compile TV & Mobile APKs	Build Android TV & Mobile APKs	2026-09-06T05:33:47.9855791Z e: file:///home/runner/work/tvmime/tvmime/tvApp/src/main/java/com/tvmime/tv/sv_ui/screens/settings/SettingsAppUpdateFormatting.kt:21:39 Unresolved reference: AppUpdateActionState
Compile TV & Mobile APKs	Build Android TV & Mobile APKs	2026-09-06T05:33:47.9856755Z e: file:///home/runner/work/tvmime/tvmime/tvApp/src/main/java/com/tvmime/tv/sv_ui/screens/settings/SettingsAppUpdateFormatting.kt:38:42 Unresolved reference: AppUpdateActionState
Compile TV & Mobile APKs	Build Android TV & Mobile APKs	2026-09-06T05:33:47.9857817Z e: file:///home/runner/work/tvmime/tvmime/tvApp/src/main/java/com/tvmime/tv/sv_ui/screens/settings/SettingsAppUpdateFormatting.kt:42:12 'when' expression must be exhaustive, add necessary 'else' branch
Compile TV & Mobile APKs	Build Android TV & Mobile APKs	2026-09-06T05:33:47.9858786Z e: file:///home/runner/work/tvmime/tvmime/tvApp/src/main/java/com/tvmime/tv/sv_ui/screens/settings/SettingsAppUpdateFormatting.kt:43:9 Unresolved reference: AppUpdateActionState
Compile TV & Mobile APKs	Build Android TV & Mobile APKs	2026-09-06T05:33:47.9859884Z e: file:///home/runner/work/tvmime/tvmime/tvApp/src/main/java/com/tvmime/tv/sv_ui/screens/settings/SettingsAppUpdateFormatting.kt:44:9 Unresolved reference: AppUpdateActionState
Compile TV & Mobile APKs	Build Android TV & Mobile APKs	2026-09-06T05:33:47.9860791Z e: file:///home/runner/work/tvmime/tvmime/tvApp/src/main/java/com/tvmime/tv/sv_ui/screens/settings/SettingsAppUpdateFormatting.kt:45:9 Unresolved reference: AppUpdateActionState
Compile TV & Mobile APKs	Build Android TV & Mobile APKs	2026-09-06T05:33:47.9861685Z e: file:///home/runner/work/tvmime/tvmime/tvApp/src/main/java/com/tvmime/tv/sv_ui/screens/settings/SettingsAppUpdateFormatting.kt:46:9 Unresolved reference: AppUpdateActionState
Compile TV & Mobile APKs	Build Android TV & Mobile APKs	2026-09-06T05:33:47.9862604Z e: file:///home/runner/work/tvmime/tvmime/tvApp/src/main/java/com/tvmime/tv/sv_ui/screens/settings/SettingsAppUpdateFormatting.kt:47:9 Unresolved reference: AppUpdateActionState
Compile TV & Mobile APKs	Build Android TV & Mobile APKs	2026-09-06T05:33:47.9863893Z e: file:///home/runner/work/tvmime/tvmime/tvApp/src/main/java/com/tvmime/tv/sv_ui/screens/settings/SettingsAppUpdateModels.kt:3:35 Unresolved reference: AppUpdateActionState
Compile TV & Mobile APKs	Build Android TV & Mobile APKs	2026-09-06T05:33:47.9864803Z e: file:///home/runner/work/tvmime/tvmime/tvApp/src/main/java/com/tvmime/tv/sv_ui/screens/settings/SettingsAppUpdateModels.kt:4:35 Unresolved reference: AppUpdateDownloadState
Compile TV & Mobile APKs	Build Android TV & Mobile APKs	2026-09-06T05:33:47.9865715Z e: file:///home/runner/work/tvmime/tvmime/tvApp/src/main/java/com/tvmime/tv/sv_ui/screens/settings/SettingsAppUpdateModels.kt:5:35 Unresolved reference: AppUpdateDownloadStatus
Compile TV & Mobile APKs	Build Android TV & Mobile APKs	2026-09-06T05:33:47.9866601Z e: file:///home/runner/work/tvmime/tvmime/tvApp/src/main/java/com/tvmime/tv/sv_ui/screens/settings/SettingsAppUpdateModels.kt:6:35 Unresolved reference: GitHubReleaseInfo
Compile TV & Mobile APKs	Build Android TV & Mobile APKs	2026-09-06T05:33:47.9867481Z e: file:///home/runner/work/tvmime/tvmime/tvApp/src/main/java/com/tvmime/tv/sv_ui/screens/settings/SettingsAppUpdateModels.kt:7:35 Unresolved reference: isRemoteVersionNewer
Compile TV & Mobile APKs	Build Android TV & Mobile APKs	2026-09-06T05:33:47.9868675Z e: file:///home/runner/work/tvmime/tvmime/tvApp/src/main/java/com/tvmime/tv/sv_ui/screens/settings/SettingsAppUpdateModels.kt:8:35 Unresolved reference: latestAppUpdateAction
Compile TV & Mobile APKs	Build Android TV & Mobile APKs	2026-09-06T05:33:47.9869485Z e: file:///home/runner/work/tvmime/tvmime/tvApp/src/main/java/com/tvmime/tv/sv_ui/screens/settings/SettingsAppUpdateModels.kt:21:25 Unresolved reference: AppUpdateDownloadStatus
Compile TV & Mobile APKs	Build Android TV & Mobile APKs	2026-09-06T05:33:47.9880796Z e: file:///home/runner/work/tvmime/tvmime/tvApp/src/main/java/com/tvmime/tv/sv_ui/screens/settings/SettingsAppUpdateModels.kt:21:51 Unresolved reference: AppUpdateDownloadStatus
Compile TV & Mobile APKs	Build Android TV & Mobile APKs	2026-09-06T05:33:47.9881844Z e: file:///home/runner/work/tvmime/tvmime/tvApp/src/main/java/com/tvmime/tv/sv_ui/screens/settings/SettingsAppUpdateModels.kt:26:54 Unresolved reference: GitHubReleaseInfo
Compile TV & Mobile APKs	Build Android TV & Mobile APKs	2026-09-06T05:33:47.9882820Z e: file:///home/runner/work/tvmime/tvmime/tvApp/src/main/java/com/tvmime/tv/sv_ui/screens/settings/SettingsAppUpdateModels.kt:29:12 Unresolved reference: GitHubReleaseInfo
Compile TV & Mobile APKs	Build Android TV & Mobile APKs	2026-09-06T05:33:47.9883803Z e: file:///home/runner/work/tvmime/tvmime/tvApp/src/main/java/com/tvmime/tv/sv_ui/screens/settings/SettingsAppUpdateModels.kt:40:64 Unresolved reference: AppUpdateDownloadState
Compile TV & Mobile APKs	Build Android TV & Mobile APKs	2026-09-06T05:33:47.9884785Z e: file:///home/runner/work/tvmime/tvmime/tvApp/src/main/java/com/tvmime/tv/sv_ui/screens/settings/SettingsAppUpdateModels.kt:48:50 Unresolved reference: AppUpdateDownloadState
Compile TV & Mobile APKs	Build Android TV & Mobile APKs	2026-09-06T05:33:47.9885740Z e: file:///home/runner/work/tvmime/tvmime/tvApp/src/main/java/com/tvmime/tv/sv_ui/screens/settings/SettingsAppUpdateModels.kt:49:12 Unresolved reference: AppUpdateDownloadState
Compile TV & Mobile APKs	Build Android TV & Mobile APKs	2026-09-06T05:33:47.9886726Z e: file:///home/runner/work/tvmime/tvmime/tvApp/src/main/java/com/tvmime/tv/sv_ui/screens/settings/SettingsAppUpdateModels.kt:56:52 Unresolved reference: AppUpdateActionState
Compile TV & Mobile APKs	Build Android TV & Mobile APKs	2026-09-06T05:33:47.9887678Z e: file:///home/runner/work/tvmime/tvmime/tvApp/src/main/java/com/tvmime/tv/sv_ui/screens/settings/SettingsAppUpdateModels.kt:57:12 Unresolved reference: latestAppUpdateAction
Compile TV & Mobile APKs	Build Android TV & Mobile APKs	2026-09-06T05:33:47.9888713Z e: file:///home/runner/work/tvmime/tvmime/tvApp/src/main/java/com/tvmime/tv/sv_ui/screens/settings/SettingsAppUpdateModels.kt:75:29 Type mismatch: inferred type is Any but Boolean was expected
Compile TV & Mobile APKs	Build Android TV & Mobile APKs	2026-09-06T05:33:47.9889671Z e: file:///home/runner/work/tvmime/tvmime/tvApp/src/main/java/com/tvmime/tv/sv_ui/screens/settings/SettingsAppUpdateModels.kt:76:13 Unresolved reference: isRemoteVersionNewer
Compile TV & Mobile APKs	Build Android TV & Mobile APKs	2026-09-06T05:33:47.9890761Z e: file:///home/runner/work/tvmime/tvmime/tvApp/src/main/java/com/tvmime/tv/sv_ui/screens/settings/SettingsBackupAboutSections.kt:22:28 Unresolved reference: BuildConfig
Compile TV & Mobile APKs	Build Android TV & Mobile APKs	2026-09-06T05:33:47.9891733Z e: file:///home/runner/work/tvmime/tvmime/tvApp/src/main/java/com/tvmime/tv/sv_ui/screens/settings/SettingsBackupAboutSections.kt:24:35 Unresolved reference: AppUpdateActionState
Compile TV & Mobile APKs	Build Android TV & Mobile APKs	2026-09-06T05:33:47.9892736Z e: file:///home/runner/work/tvmime/tvmime/tvApp/src/main/java/com/tvmime/tv/sv_ui/screens/settings/SettingsBackupAboutSections.kt:398:62 Unresolved reference: AppUpdateDownloadStatus
Compile TV & Mobile APKs	Build Android TV & Mobile APKs	2026-09-06T05:33:47.9893964Z e: file:///home/runner/work/tvmime/tvmime/tvApp/src/main/java/com/tvmime/tv/sv_ui/screens/settings/SettingsBackupAboutSections.kt:409:87 Unresolved reference: BuildConfig
Compile TV & Mobile APKs	Build Android TV & Mobile APKs	2026-09-06T05:33:47.9894893Z e: file:///home/runner/work/tvmime/tvmime/tvApp/src/main/java/com/tvmime/tv/sv_ui/screens/settings/SettingsBackupAboutSections.kt:409:116 Unresolved reference: BuildConfig
Compile TV & Mobile APKs	Build Android TV & Mobile APKs	2026-09-06T05:33:47.9895877Z e: file:///home/runner/work/tvmime/tvmime/tvApp/src/main/java/com/tvmime/tv/sv_ui/screens/settings/SettingsBackupAboutSections.kt:457:25 Unresolved reference: AppUpdateActionState
Compile TV & Mobile APKs	Build Android TV & Mobile APKs	2026-09-06T05:33:47.9896840Z e: file:///home/runner/work/tvmime/tvmime/tvApp/src/main/java/com/tvmime/tv/sv_ui/screens/settings/SettingsBackupAboutSections.kt:458:25 Unresolved reference: AppUpdateActionState
Compile TV & Mobile APKs	Build Android TV & Mobile APKs	2026-09-06T05:33:47.9897812Z e: file:///home/runner/work/tvmime/tvmime/tvApp/src/main/java/com/tvmime/tv/sv_ui/screens/settings/SettingsBackupAboutSections.kt:459:25 Unresolved reference: AppUpdateActionState
Compile TV & Mobile APKs	Build Android TV & Mobile APKs	2026-09-06T05:33:47.9898989Z e: file:///home/runner/work/tvmime/tvmime/tvApp/src/main/java/com/tvmime/tv/sv_ui/screens/settings/SettingsBackupAboutSections.kt:460:25 Unresolved reference: AppUpdateActionState
Compile TV & Mobile APKs	Build Android TV & Mobile APKs	2026-09-06T05:33:47.9900079Z e: file:///home/runner/work/tvmime/tvmime/tvApp/src/main/java/com/tvmime/tv/sv_ui/screens/settings/SettingsBackupAboutSections.kt:461:25 Unresolved reference: AppUpdateActionState
Compile TV & Mobile APKs	Build Android TV & Mobile APKs	2026-09-06T05:33:47.9901014Z e: file:///home/runner/work/tvmime/tvmime/tvApp/src/main/java/com/tvmime/tv/sv_ui/screens/settings/SettingsBackupImportPreviewDialog.kt:31:28 Unresolved reference: device
Compile TV & Mobile APKs	Build Android TV & Mobile APKs	2026-09-06T05:33:47.9902089Z e: file:///home/runner/work/tvmime/tvmime/tvApp/src/main/java/com/tvmime/tv/sv_ui/screens/settings/SettingsBackupImportPreviewDialog.kt:61:30 Unresolved reference: rememberIsTelevisionDevice
Compile TV & Mobile APKs	Build Android TV & Mobile APKs	2026-09-06T05:33:47.9903038Z e: file:///home/runner/work/tvmime/tvmime/tvApp/src/main/java/com/tvmime/tv/sv_ui/screens/settings/SettingsCombinedM3uComponents.kt:35:30 Unresolved reference: SurfaceDefaults
Compile TV & Mobile APKs	Build Android TV & Mobile APKs	2026-09-06T05:33:47.9903990Z e: file:///home/runner/work/tvmime/tvmime/tvApp/src/main/java/com/tvmime/tv/sv_ui/screens/settings/SettingsCombinedM3uComponents.kt:71:18 Unresolved reference: SurfaceDefaults
Compile TV & Mobile APKs	Build Android TV & Mobile APKs	2026-09-06T05:33:47.9905097Z e: file:///home/runner/work/tvmime/tvmime/tvApp/src/main/java/com/tvmime/tv/sv_ui/screens/settings/SettingsCombinedM3uComponents.kt:122:21 The API of this layout is experimental and is likely to change in the future.
Compile TV & Mobile APKs	Build Android TV & Mobile APKs	2026-09-06T05:33:47.9905894Z e: file:///home/runner/work/tvmime/tvmime/tvApp/src/main/java/com/tvmime/tv/sv_ui/screens/settings/SettingsDerivedStateObservers.kt:44:25 Not enough information to infer type variable T4
Compile TV & Mobile APKs	Build Android TV & Mobile APKs	2026-09-06T05:33:47.9906472Z e: file:///home/runner/work/tvmime/tvmime/tvApp/src/main/java/com/tvmime/tv/sv_ui/screens/settings/SettingsDerivedStateObservers.kt:48:40 Unresolved reference: observeCountByProvider
Compile TV & Mobile APKs	Build Android TV & Mobile APKs	2026-09-06T05:33:47.9907116Z e: file:///home/runner/work/tvmime/tvmime/tvApp/src/main/java/com/tvmime/tv/sv_ui/screens/settings/SettingsDerivedStateObservers.kt:49:64 Cannot infer a type for this parameter. Please specify it explicitly.
Compile TV & Mobile APKs	Build Android TV & Mobile APKs	2026-09-06T05:33:47.9907700Z e: file:///home/runner/work/tvmime/tvmime/tvApp/src/main/java/com/tvmime/tv/sv_ui/screens/settings/SettingsDerivedStateObservers.kt:119:12 Not enough information to infer type variable T1
Compile TV & Mobile APKs	Build Android TV & Mobile APKs	2026-09-06T05:33:47.9908252Z e: file:///home/runner/work/tvmime/tvmime/tvApp/src/main/java/com/tvmime/tv/sv_ui/screens/settings/SettingsDerivedStateObservers.kt:120:31 Unresolved reference: getCategorySortMode
Compile TV & Mobile APKs	Build Android TV & Mobile APKs	2026-09-06T05:33:47.9908785Z e: file:///home/runner/work/tvmime/tvmime/tvApp/src/main/java/com/tvmime/tv/sv_ui/screens/settings/SettingsDerivedStateObservers.kt:121:31 Unresolved reference: getCategorySortMode
Compile TV & Mobile APKs	Build Android TV & Mobile APKs	2026-09-06T05:33:47.9909323Z e: file:///home/runner/work/tvmime/tvmime/tvApp/src/main/java/com/tvmime/tv/sv_ui/screens/settings/SettingsDerivedStateObservers.kt:122:31 Unresolved reference: getCategorySortMode
Compile TV & Mobile APKs	Build Android TV & Mobile APKs	2026-09-06T05:33:47.9910364Z e: file:///home/runner/work/tvmime/tvmime/tvApp/src/main/java/com/tvmime/tv/sv_ui/screens/settings/SettingsDerivedStateObservers.kt:123:9 Cannot infer a type for this parameter. Please specify it explicitly.
Compile TV & Mobile APKs	Build Android TV & Mobile APKs	2026-09-06T05:33:47.9911005Z e: file:///home/runner/work/tvmime/tvmime/tvApp/src/main/java/com/tvmime/tv/sv_ui/screens/settings/SettingsDerivedStateObservers.kt:123:19 Cannot infer a type for this parameter. Please specify it explicitly.
Compile TV & Mobile APKs	Build Android TV & Mobile APKs	2026-09-06T05:33:47.9911622Z e: file:///home/runner/work/tvmime/tvmime/tvApp/src/main/java/com/tvmime/tv/sv_ui/screens/settings/SettingsDerivedStateObservers.kt:123:30 Cannot infer a type for this parameter. Please specify it explicitly.
Compile TV & Mobile APKs	Build Android TV & Mobile APKs	2026-09-06T05:33:47.9912399Z e: file:///home/runner/work/tvmime/tvmime/tvApp/src/main/java/com/tvmime/tv/sv_ui/screens/settings/SettingsDerivedStateObservers.kt:136:12 Type mismatch: inferred type is Flow<Map<ContentType, Set<String>>> but Flow<Map<ContentType, Set<Long>>> was expected
Compile TV & Mobile APKs	Build Android TV & Mobile APKs	2026-09-06T05:33:47.9913192Z e: file:///home/runner/work/tvmime/tvmime/tvApp/src/main/java/com/tvmime/tv/sv_ui/screens/settings/SettingsDerivedStateObservers.kt:141:9 Type mismatch: inferred type is Set<String> but Set<Long> was expected
Compile TV & Mobile APKs	Build Android TV & Mobile APKs	2026-09-06T05:33:47.9913799Z e: file:///home/runner/work/tvmime/tvmime/tvApp/src/main/java/com/tvmime/tv/sv_ui/screens/settings/SettingsEpgSection.kt:200:9 The API of this layout is experimental and is likely to change in the future.
Compile TV & Mobile APKs	Build Android TV & Mobile APKs	2026-09-06T05:33:47.9914380Z e: file:///home/runner/work/tvmime/tvmime/tvApp/src/main/java/com/tvmime/tv/sv_ui/screens/settings/SettingsEpgSection.kt:209:9 The API of this layout is experimental and is likely to change in the future.
Compile TV & Mobile APKs	Build Android TV & Mobile APKs	2026-09-06T05:33:47.9914966Z e: file:///home/runner/work/tvmime/tvmime/tvApp/src/main/java/com/tvmime/tv/sv_ui/screens/settings/SettingsEpgSection.kt:305:13 The API of this layout is experimental and is likely to change in the future.
Compile TV & Mobile APKs	Build Android TV & Mobile APKs	2026-09-06T05:33:47.9915449Z e: file:///home/runner/work/tvmime/tvmime/tvApp/src/main/java/com/tvmime/tv/sv_ui/screens/settings/SettingsFormatting.kt:4:28 Unresolved reference: localization
Compile TV & Mobile APKs	Build Android TV & Mobile APKs	2026-09-06T05:33:47.9915921Z e: file:///home/runner/work/tvmime/tvmime/tvApp/src/main/java/com/tvmime/tv/sv_ui/screens/settings/SettingsFormatting.kt:5:28 Unresolved reference: localization
Compile TV & Mobile APKs	Build Android TV & Mobile APKs	2026-09-06T05:33:47.9916445Z e: file:///home/runner/work/tvmime/tvmime/tvApp/src/main/java/com/tvmime/tv/sv_ui/screens/settings/SettingsFormatting.kt:54:41 Unresolved reference: supportedAppLanguageTags
Compile TV & Mobile APKs	Build Android TV & Mobile APKs	2026-09-06T05:33:47.9917024Z e: file:///home/runner/work/tvmime/tvmime/tvApp/src/main/java/com/tvmime/tv/sv_ui/screens/settings/SettingsFormatting.kt:56:29 Cannot infer a type for this parameter. Please specify it explicitly.
Compile TV & Mobile APKs	Build Android TV & Mobile APKs	2026-09-06T05:33:47.9917527Z e: file:///home/runner/work/tvmime/tvmime/tvApp/src/main/java/com/tvmime/tv/sv_ui/screens/settings/SettingsFormatting.kt:62:30 Unresolved reference: localeForLanguageTag
Compile TV & Mobile APKs	Build Android TV & Mobile APKs	2026-09-06T05:33:47.9918101Z e: file:///home/runner/work/tvmime/tvmime/tvApp/src/main/java/com/tvmime/tv/sv_ui/screens/settings/SettingsFormatting.kt:64:41 Cannot infer a type for this parameter. Please specify it explicitly.
Compile TV & Mobile APKs	Build Android TV & Mobile APKs	2026-09-06T05:33:47.9918615Z e: file:///home/runner/work/tvmime/tvmime/tvApp/src/main/java/com/tvmime/tv/sv_ui/screens/settings/SettingsFormatting.kt:122:18 Unresolved reference: localeForLanguageTag
Compile TV & Mobile APKs	Build Android TV & Mobile APKs	2026-09-06T05:33:47.9919187Z e: file:///home/runner/work/tvmime/tvmime/tvApp/src/main/java/com/tvmime/tv/sv_ui/screens/settings/SettingsFormatting.kt:125:29 Cannot infer a type for this parameter. Please specify it explicitly.
Compile TV & Mobile APKs	Build Android TV & Mobile APKs	2026-09-06T05:33:47.9919984Z e: file:///home/runner/work/tvmime/tvmime/tvApp/src/main/java/com/tvmime/tv/sv_ui/screens/settings/SettingsGuideDefaultCategoryBindings.kt:48:17 Not enough information to infer type variable T4
Compile TV & Mobile APKs	Build Android TV & Mobile APKs	2026-09-06T05:33:47.9920581Z e: file:///home/runner/work/tvmime/tvmime/tvApp/src/main/java/com/tvmime/tv/sv_ui/screens/settings/SettingsGuideDefaultCategoryBindings.kt:52:43 Unresolved reference: getCategorySortMode
Compile TV & Mobile APKs	Build Android TV & Mobile APKs	2026-09-06T05:33:47.9921366Z e: file:///home/runner/work/tvmime/tvmime/tvApp/src/main/java/com/tvmime/tv/sv_ui/screens/settings/SettingsGuideDefaultCategoryBindings.kt:53:70 Cannot infer a type for this parameter. Please specify it explicitly.
Compile TV & Mobile APKs	Build Android TV & Mobile APKs	2026-09-06T05:33:47.9922031Z e: file:///home/runner/work/tvmime/tvmime/tvApp/src/main/java/com/tvmime/tv/sv_ui/screens/settings/SettingsGuideDefaultCategoryBindings.kt:56:45 Type mismatch: inferred type is Set<String> but Set<Long> was expected
Compile TV & Mobile APKs	Build Android TV & Mobile APKs	2026-09-06T05:33:47.9922584Z e: file:///home/runner/work/tvmime/tvmime/tvApp/src/main/java/com/tvmime/tv/sv_ui/screens/settings/SettingsObserverRegistrations.kt:4:35 Unresolved reference: isRemoteVersionNewer
Compile TV & Mobile APKs	Build Android TV & Mobile APKs	2026-09-06T05:33:47.9923139Z e: file:///home/runner/work/tvmime/tvmime/tvApp/src/main/java/com/tvmime/tv/sv_ui/screens/settings/SettingsObserverRegistrations.kt:35:9 Not enough information to infer type variable T1
Compile TV & Mobile APKs	Build Android TV & Mobile APKs	2026-09-06T05:33:47.9924119Z e: file:///home/runner/work/tvmime/tvmime/tvApp/src/main/java/com/tvmime/tv/sv_ui/screens/settings/SettingsObserverRegistrations.kt:36:35 Unresolved reference: autoCheckAppUpdates
Compile TV & Mobile APKs	Build Android TV & Mobile APKs	2026-09-06T05:33:47.9925190Z e: file:///home/runner/work/tvmime/tvmime/tvApp/src/main/java/com/tvmime/tv/sv_ui/screens/settings/SettingsObserverRegistrations.kt:37:35 Unresolved reference: lastAppUpdateCheckTimestamp
Compile TV & Mobile APKs	Build Android TV & Mobile APKs	2026-09-06T05:33:47.9926066Z e: file:///home/runner/work/tvmime/tvmime/tvApp/src/main/java/com/tvmime/tv/sv_ui/screens/settings/SettingsObserverRegistrations.kt:38:35 Unresolved reference: lastAppUpdateFailureTimestamp
Compile TV & Mobile APKs	Build Android TV & Mobile APKs	2026-09-06T05:33:47.9926911Z e: file:///home/runner/work/tvmime/tvmime/tvApp/src/main/java/com/tvmime/tv/sv_ui/screens/settings/SettingsObserverRegistrations.kt:39:35 Unresolved reference: autoDownloadAppUpdates
Compile TV & Mobile APKs	Build Android TV & Mobile APKs	2026-09-06T05:33:47.9927711Z e: file:///home/runner/work/tvmime/tvmime/tvApp/src/main/java/com/tvmime/tv/sv_ui/screens/settings/SettingsObserverRegistrations.kt:40:13 Cannot infer a type for this parameter. Please specify it explicitly.
Compile TV & Mobile APKs	Build Android TV & Mobile APKs	2026-09-06T05:33:47.9928587Z e: file:///home/runner/work/tvmime/tvmime/tvApp/src/main/java/com/tvmime/tv/sv_ui/screens/settings/SettingsObserverRegistrations.kt:40:31 Cannot infer a type for this parameter. Please specify it explicitly.
Compile TV & Mobile APKs	Build Android TV & Mobile APKs	2026-09-06T05:33:47.9929455Z e: file:///home/runner/work/tvmime/tvmime/tvApp/src/main/java/com/tvmime/tv/sv_ui/screens/settings/SettingsObserverRegistrations.kt:40:54 Cannot infer a type for this parameter. Please specify it explicitly.
Compile TV & Mobile APKs	Build Android TV & Mobile APKs	2026-09-06T05:33:47.9930376Z e: file:///home/runner/work/tvmime/tvmime/tvApp/src/main/java/com/tvmime/tv/sv_ui/screens/settings/SettingsObserverRegistrations.kt:40:73 Cannot infer a type for this parameter. Please specify it explicitly.
Compile TV & Mobile APKs	Build Android TV & Mobile APKs	2026-09-06T05:33:47.9931193Z e: file:///home/runner/work/tvmime/tvmime/tvApp/src/main/java/com/tvmime/tv/sv_ui/screens/settings/SettingsObserverRegistrations.kt:42:44 Cannot infer a type for this parameter. Please specify it explicitly.
Compile TV & Mobile APKs	Build Android TV & Mobile APKs	2026-09-06T05:33:47.9932030Z e: file:///home/runner/work/tvmime/tvmime/tvApp/src/main/java/com/tvmime/tv/sv_ui/screens/settings/SettingsObserverRegistrations.kt:50:46 Unresolved reference: isRemoteVersionNewer
Compile TV & Mobile APKs	Build Android TV & Mobile APKs	2026-09-06T05:33:47.9932697Z e: file:///home/runner/work/tvmime/tvmime/tvApp/src/main/java/com/tvmime/tv/sv_ui/screens/settings/SettingsObserverRegistrations.kt:58:28 Unresolved reference: downloadState
Compile TV & Mobile APKs	Build Android TV & Mobile APKs	2026-09-06T05:33:47.9933420Z e: file:///home/runner/work/tvmime/tvmime/tvApp/src/main/java/com/tvmime/tv/sv_ui/screens/settings/SettingsObserverRegistrations.kt:58:52 Cannot infer a type for this parameter. Please specify it explicitly.
Compile TV & Mobile APKs	Build Android TV & Mobile APKs	2026-09-06T05:33:47.9934071Z e: file:///home/runner/work/tvmime/tvmime/tvApp/src/main/java/com/tvmime/tv/sv_ui/screens/settings/SettingsObserverRegistrations.kt:66:28 Unresolved reference: refreshState
Compile TV & Mobile APKs	Build Android TV & Mobile APKs	2026-09-06T05:33:47.9934817Z e: file:///home/runner/work/tvmime/tvmime/tvApp/src/main/java/com/tvmime/tv/sv_ui/screens/settings/SettingsObserverRegistrations.kt:120:31 Unresolved reference: recordingWifiOnly
Compile TV & Mobile APKs	Build Android TV & Mobile APKs	2026-09-06T05:33:47.9935464Z e: file:///home/runner/work/tvmime/tvmime/tvApp/src/main/java/com/tvmime/tv/sv_ui/screens/settings/SettingsObserverRegistrations.kt:120:59 Cannot infer a type for this parameter. Please specify it explicitly.
Compile TV & Mobile APKs	Build Android TV & Mobile APKs	2026-09-06T05:33:47.9936257Z e: file:///home/runner/work/tvmime/tvmime/tvApp/src/main/java/com/tvmime/tv/sv_ui/screens/settings/SettingsObserverRegistrations.kt:126:31 Unresolved reference: recordingPaddingBeforeMinutes
Compile TV & Mobile APKs	Build Android TV & Mobile APKs	2026-09-06T05:33:47.9936877Z e: file:///home/runner/work/tvmime/tvmime/tvApp/src/main/java/com/tvmime/tv/sv_ui/screens/settings/SettingsObserverRegistrations.kt:126:71 Cannot infer a type for this parameter. Please specify it explicitly.
Compile TV & Mobile APKs	Build Android TV & Mobile APKs	2026-09-06T05:33:47.9937455Z e: file:///home/runner/work/tvmime/tvmime/tvApp/src/main/java/com/tvmime/tv/sv_ui/screens/settings/SettingsObserverRegistrations.kt:132:31 Unresolved reference: recordingPaddingAfterMinutes
Compile TV & Mobile APKs	Build Android TV & Mobile APKs	2026-09-06T05:33:47.9938061Z e: file:///home/runner/work/tvmime/tvmime/tvApp/src/main/java/com/tvmime/tv/sv_ui/screens/settings/SettingsObserverRegistrations.kt:132:70 Cannot infer a type for this parameter. Please specify it explicitly.
Compile TV & Mobile APKs	Build Android TV & Mobile APKs	2026-09-06T05:33:47.9938771Z e: file:///home/runner/work/tvmime/tvmime/tvApp/src/main/java/com/tvmime/tv/sv_ui/screens/settings/SettingsObserverRegistrations.kt:150:31 Unresolved reference: epgTimeShiftsByProvider
Compile TV & Mobile APKs	Build Android TV & Mobile APKs	2026-09-06T05:33:47.9939399Z e: file:///home/runner/work/tvmime/tvmime/tvApp/src/main/java/com/tvmime/tv/sv_ui/screens/settings/SettingsObserverRegistrations.kt:150:65 Cannot infer a type for this parameter. Please specify it explicitly.
Compile TV & Mobile APKs	Build Android TV & Mobile APKs	2026-09-06T05:33:47.9942694Z e: file:///home/runner/work/tvmime/tvmime/tvApp/src/main/java/com/tvmime/tv/sv_ui/screens/settings/SettingsObserverRegistrations.kt:186:31 Unresolved reference: lastMaintenanceSnapshot
Compile TV & Mobile APKs	Build Android TV & Mobile APKs	2026-09-06T05:33:47.9943377Z e: file:///home/runner/work/tvmime/tvmime/tvApp/src/main/java/com/tvmime/tv/sv_ui/screens/settings/SettingsObserverRegistrations.kt:186:65 Cannot infer a type for this parameter. Please specify it explicitly.
Compile TV & Mobile APKs	Build Android TV & Mobile APKs	2026-09-06T05:33:47.9943875Z e: file:///home/runner/work/tvmime/tvmime/tvApp/src/main/java/com/tvmime/tv/sv_ui/screens/settings/SettingsOperationalModels.kt:3:35 Unresolved reference: entity
Compile TV & Mobile APKs	Build Android TV & Mobile APKs	2026-09-06T05:33:47.9944444Z e: file:///home/runner/work/tvmime/tvmime/tvApp/src/main/java/com/tvmime/tv/sv_ui/screens/settings/SettingsOperationalModels.kt:4:41 Unresolved reference: DatabaseMaintenanceSnapshot
Compile TV & Mobile APKs	Build Android TV & Mobile APKs	2026-09-06T05:33:47.9945091Z e: file:///home/runner/work/tvmime/tvmime/tvApp/src/main/java/com/tvmime/tv/sv_ui/screens/settings/SettingsOperationalModels.kt:92:14 Unresolved reference: XtreamLiveOnboardingStateEntity
Compile TV & Mobile APKs	Build Android TV & Mobile APKs	2026-09-06T05:33:47.9946287Z e: file:///home/runner/work/tvmime/tvmime/tvApp/src/main/java/com/tvmime/tv/sv_ui/screens/settings/SettingsOperationalModels.kt:128:14 Unresolved reference: DatabaseMaintenanceSnapshot
Compile TV & Mobile APKs	Build Android TV & Mobile APKs	2026-09-06T05:33:47.9946830Z e: file:///home/runner/work/tvmime/tvmime/tvApp/src/main/java/com/tvmime/tv/sv_ui/screens/settings/SettingsProviderActions.kt:69:35 Unresolved reference: setLastActiveProviderId
Compile TV & Mobile APKs	Build Android TV & Mobile APKs	2026-09-06T05:33:47.9947351Z e: file:///home/runner/work/tvmime/tvmime/tvApp/src/main/java/com/tvmime/tv/sv_ui/screens/settings/SettingsProviderActions.kt:71:30 Unresolved reference: refreshWatchNext
Compile TV & Mobile APKs	Build Android TV & Mobile APKs	2026-09-06T05:33:47.9947886Z e: file:///home/runner/work/tvmime/tvmime/tvApp/src/main/java/com/tvmime/tv/sv_ui/screens/settings/SettingsProviderActions.kt:72:44 Unresolved reference: refreshRecommendations
Compile TV & Mobile APKs	Build Android TV & Mobile APKs	2026-09-06T05:33:47.9948416Z e: file:///home/runner/work/tvmime/tvmime/tvApp/src/main/java/com/tvmime/tv/sv_ui/screens/settings/SettingsProviderActions.kt:73:39 Unresolved reference: refreshTvInputCatalog
Compile TV & Mobile APKs	Build Android TV & Mobile APKs	2026-09-06T05:33:47.9948942Z e: file:///home/runner/work/tvmime/tvmime/tvApp/src/main/java/com/tvmime/tv/sv_ui/screens/settings/SettingsProviderActions.kt:105:56 Unresolved reference: refreshRecommendations
Compile TV & Mobile APKs	Build Android TV & Mobile APKs	2026-09-06T05:33:47.9949495Z e: file:///home/runner/work/tvmime/tvmime/tvApp/src/main/java/com/tvmime/tv/sv_ui/screens/settings/SettingsProviderActions.kt:336:63 Unresolved reference: getXtreamTextImportGeneration
Compile TV & Mobile APKs	Build Android TV & Mobile APKs	2026-09-06T05:33:47.9950346Z e: file:///home/runner/work/tvmime/tvmime/tvApp/src/main/java/com/tvmime/tv/sv_ui/screens/settings/SettingsProviderActions.kt:337:63 Unresolved reference: getXtreamTextImportAppliedGeneration
Compile TV & Mobile APKs	Build Android TV & Mobile APKs	2026-09-06T05:33:47.9951035Z e: file:///home/runner/work/tvmime/tvmime/tvApp/src/main/java/com/tvmime/tv/sv_ui/screens/settings/SettingsProviderActions.kt:338:44 Unresolved reference: it
Compile TV & Mobile APKs	Build Android TV & Mobile APKs	2026-09-06T05:33:47.9951765Z e: file:///home/runner/work/tvmime/tvmime/tvApp/src/main/java/com/tvmime/tv/sv_ui/screens/settings/SettingsProviderActions.kt:341:22 Unresolved reference. None of the following candidates is applicable because of receiver type mismatch: 
Compile TV & Mobile APKs	Build Android TV & Mobile APKs	2026-09-06T05:33:47.9952224Z public operator fun <T, R> DeepRecursiveFunction<TypeVariable(T), TypeVariable(R)>.invoke(value: TypeVariable(T)): TypeVariable(R) defined in kotlin
Compile TV & Mobile APKs	Build Android TV & Mobile APKs	2026-09-06T05:33:47.9952785Z e: file:///home/runner/work/tvmime/tvmime/tvApp/src/main/java/com/tvmime/tv/sv_ui/screens/settings/SettingsProviderActions.kt:343:17 Cannot find a parameter with this name: providerId
Compile TV & Mobile APKs	Build Android TV & Mobile APKs	2026-09-06T05:33:47.9953447Z e: file:///home/runner/work/tvmime/tvmime/tvApp/src/main/java/com/tvmime/tv/sv_ui/screens/settings/SettingsProviderActions.kt:344:17 Cannot find a parameter with this name: force
Compile TV & Mobile APKs	Build Android TV & Mobile APKs	2026-09-06T05:33:47.9954035Z e: file:///home/runner/work/tvmime/tvmime/tvApp/src/main/java/com/tvmime/tv/sv_ui/screens/settings/SettingsProviderActions.kt:345:17 Cannot find a parameter with this name: movieFastSyncOverride
Compile TV & Mobile APKs	Build Android TV & Mobile APKs	2026-09-06T05:33:47.9954601Z e: file:///home/runner/work/tvmime/tvmime/tvApp/src/main/java/com/tvmime/tv/sv_ui/screens/settings/SettingsProviderActions.kt:346:17 Cannot find a parameter with this name: epgSyncModeOverride
Compile TV & Mobile APKs	Build Android TV & Mobile APKs	2026-09-06T05:33:47.9955209Z e: file:///home/runner/work/tvmime/tvmime/tvApp/src/main/java/com/tvmime/tv/sv_ui/screens/settings/SettingsProviderActions.kt:348:28 Cannot infer a type for this parameter. Please specify it explicitly.
Compile TV & Mobile APKs	Build Android TV & Mobile APKs	2026-09-06T05:33:47.9955693Z e: file:///home/runner/work/tvmime/tvmime/tvApp/src/main/java/com/tvmime/tv/sv_ui/screens/settings/SettingsProviderActions.kt:358:43 Unresolved reference: Error
Compile TV & Mobile APKs	Build Android TV & Mobile APKs	2026-09-06T05:33:47.9956291Z e: file:///home/runner/work/tvmime/tvmime/tvApp/src/main/java/com/tvmime/tv/sv_ui/screens/settings/SettingsProviderActions.kt:359:55 Cannot infer a type for this parameter. Please specify it explicitly.
Compile TV & Mobile APKs	Build Android TV & Mobile APKs	2026-09-06T05:33:47.9956847Z e: file:///home/runner/work/tvmime/tvmime/tvApp/src/main/java/com/tvmime/tv/sv_ui/screens/settings/SettingsProviderActions.kt:360:39 Unresolved reference: markXtreamTextImportApplied
Compile TV & Mobile APKs	Build Android TV & Mobile APKs	2026-09-06T05:33:47.9957376Z e: file:///home/runner/work/tvmime/tvmime/tvApp/src/main/java/com/tvmime/tv/sv_ui/screens/settings/SettingsProviderActions.kt:376:43 Unresolved reference: refreshTvInputCatalog
Compile TV & Mobile APKs	Build Android TV & Mobile APKs	2026-09-06T05:33:47.9957924Z e: file:///home/runner/work/tvmime/tvmime/tvApp/src/main/java/com/tvmime/tv/sv_ui/screens/settings/SettingsProviderActions.kt:392:25 Unresolved reference: scheduleBackgroundEpgSync
Compile TV & Mobile APKs	Build Android TV & Mobile APKs	2026-09-06T05:33:47.9958414Z e: file:///home/runner/work/tvmime/tvmime/tvApp/src/main/java/com/tvmime/tv/sv_ui/screens/settings/SettingsProviderActions.kt:396:66 Unresolved reference: Success
Compile TV & Mobile APKs	Build Android TV & Mobile APKs	2026-09-06T05:33:47.9958899Z e: file:///home/runner/work/tvmime/tvmime/tvApp/src/main/java/com/tvmime/tv/sv_ui/screens/settings/SettingsProviderActions.kt:411:50 Unresolved reference: Error
Compile TV & Mobile APKs	Build Android TV & Mobile APKs	2026-09-06T05:33:47.9959370Z e: file:///home/runner/work/tvmime/tvmime/tvApp/src/main/java/com/tvmime/tv/sv_ui/screens/settings/SettingsProviderActions.kt:412:52 Unresolved reference: Success
Compile TV & Mobile APKs	Build Android TV & Mobile APKs	2026-09-06T05:33:47.9959971Z e: file:///home/runner/work/tvmime/tvmime/tvApp/src/main/java/com/tvmime/tv/sv_ui/screens/settings/SettingsProviderActions.kt:418:50 Unresolved reference: Error
Compile TV & Mobile APKs	Build Android TV & Mobile APKs	2026-09-06T05:33:47.9960597Z e: file:///home/runner/work/tvmime/tvmime/tvApp/src/main/java/com/tvmime/tv/sv_ui/screens/settings/SettingsProviderActions.kt:419:52 Unresolved reference: Success
Compile TV & Mobile APKs	Build Android TV & Mobile APKs	2026-09-06T05:33:47.9961235Z e: file:///home/runner/work/tvmime/tvmime/tvApp/src/main/java/com/tvmime/tv/sv_ui/screens/settings/SettingsProviderActions.kt:419:112 None of the following functions can be called with the arguments supplied: 
Compile TV & Mobile APKs	Build Android TV & Mobile APKs	2026-09-06T05:33:47.9961968Z public operator fun <K, V> Map<out TypeVariable(K), TypeVariable(V)>.plus(pairs: Array<out Pair<TypeVariable(K), TypeVariable(V)>>): Map<TypeVariable(K), TypeVariable(V)> defined in kotlin.collections
Compile TV & Mobile APKs	Build Android TV & Mobile APKs	2026-09-06T05:33:47.9962501Z public operator fun <K, V> Map<out TypeVariable(K), TypeVariable(V)>.plus(pair: Pair<TypeVariable(K), TypeVariable(V)>): Map<TypeVariable(K), TypeVariable(V)> defined in kotlin.collections
Compile TV & Mobile APKs	Build Android TV & Mobile APKs	2026-09-06T05:33:47.9963066Z public operator fun <K, V> Map<out TypeVariable(K), TypeVariable(V)>.plus(pairs: Iterable<Pair<TypeVariable(K), TypeVariable(V)>>): Map<TypeVariable(K), TypeVariable(V)> defined in kotlin.collections
Compile TV & Mobile APKs	Build Android TV & Mobile APKs	2026-09-06T05:33:47.9963599Z public operator fun <K, V> Map<out TypeVariable(K), TypeVariable(V)>.plus(map: Map<out TypeVariable(K), TypeVariable(V)>): Map<TypeVariable(K), TypeVariable(V)> defined in kotlin.collections
Compile TV & Mobile APKs	Build Android TV & Mobile APKs	2026-09-06T05:33:47.9964141Z public operator fun <K, V> Map<out TypeVariable(K), TypeVariable(V)>.plus(pairs: Sequence<Pair<TypeVariable(K), TypeVariable(V)>>): Map<TypeVariable(K), TypeVariable(V)> defined in kotlin.collections
Compile TV & Mobile APKs	Build Android TV & Mobile APKs	2026-09-06T05:33:47.9964857Z e: file:///home/runner/work/tvmime/tvmime/tvApp/src/main/java/com/tvmime/tv/sv_ui/screens/settings/SettingsProviderActions.kt:431:63 Unresolved reference: getXtreamTextImportGeneration
Compile TV & Mobile APKs	Build Android TV & Mobile APKs	2026-09-06T05:33:47.9965465Z e: file:///home/runner/work/tvmime/tvmime/tvApp/src/main/java/com/tvmime/tv/sv_ui/screens/settings/SettingsProviderActions.kt:432:63 Unresolved reference: getXtreamTextImportAppliedGeneration
Compile TV & Mobile APKs	Build Android TV & Mobile APKs	2026-09-06T05:33:47.9965969Z e: file:///home/runner/work/tvmime/tvmime/tvApp/src/main/java/com/tvmime/tv/sv_ui/screens/settings/SettingsProviderActions.kt:433:44 Unresolved reference: it
Compile TV & Mobile APKs	Build Android TV & Mobile APKs	2026-09-06T05:33:47.9966521Z e: file:///home/runner/work/tvmime/tvmime/tvApp/src/main/java/com/tvmime/tv/sv_ui/screens/settings/SettingsProviderActions.kt:436:25 Unresolved reference: rebuildXtreamIndex
Compile TV & Mobile APKs	Build Android TV & Mobile APKs	2026-09-06T05:33:47.9967133Z e: file:///home/runner/work/tvmime/tvmime/tvApp/src/main/java/com/tvmime/tv/sv_ui/screens/settings/SettingsProviderActions.kt:436:58 Cannot infer a type for this parameter. Please specify it explicitly.
Compile TV & Mobile APKs	Build Android TV & Mobile APKs	2026-09-06T05:33:47.9967856Z e: file:///home/runner/work/tvmime/tvmime/tvApp/src/main/java/com/tvmime/tv/sv_ui/screens/settings/SettingsProviderActions.kt:442:30 Unresolved reference. None of the following candidates is applicable because of receiver type mismatch: 
Compile TV & Mobile APKs	Build Android TV & Mobile APKs	2026-09-06T05:33:47.9968311Z public operator fun <T, R> DeepRecursiveFunction<TypeVariable(T), TypeVariable(R)>.invoke(value: TypeVariable(T)): TypeVariable(R) defined in kotlin
Compile TV & Mobile APKs	Build Android TV & Mobile APKs	2026-09-06T05:33:47.9968876Z e: file:///home/runner/work/tvmime/tvmime/tvApp/src/main/java/com/tvmime/tv/sv_ui/screens/settings/SettingsProviderActions.kt:444:21 Cannot find a parameter with this name: providerId
Compile TV & Mobile APKs	Build Android TV & Mobile APKs	2026-09-06T05:33:47.9969410Z e: file:///home/runner/work/tvmime/tvmime/tvApp/src/main/java/com/tvmime/tv/sv_ui/screens/settings/SettingsProviderActions.kt:445:21 Cannot find a parameter with this name: force
Compile TV & Mobile APKs	Build Android TV & Mobile APKs	2026-09-06T05:33:47.9970110Z e: file:///home/runner/work/tvmime/tvmime/tvApp/src/main/java/com/tvmime/tv/sv_ui/screens/settings/SettingsProviderActions.kt:446:21 Cannot find a parameter with this name: movieFastSyncOverride
Compile TV & Mobile APKs	Build Android TV & Mobile APKs	2026-09-06T05:33:47.9970682Z e: file:///home/runner/work/tvmime/tvmime/tvApp/src/main/java/com/tvmime/tv/sv_ui/screens/settings/SettingsProviderActions.kt:447:21 Cannot find a parameter with this name: epgSyncModeOverride
Compile TV & Mobile APKs	Build Android TV & Mobile APKs	2026-09-06T05:33:47.9971508Z e: file:///home/runner/work/tvmime/tvmime/tvApp/src/main/java/com/tvmime/tv/sv_ui/screens/settings/SettingsProviderActions.kt:449:32 Cannot infer a type for this parameter. Please specify it explicitly.
Compile TV & Mobile APKs	Build Android TV & Mobile APKs	2026-09-06T05:33:47.9972104Z e: file:///home/runner/work/tvmime/tvmime/tvApp/src/main/java/com/tvmime/tv/sv_ui/screens/settings/SettingsProviderActions.kt:455:13 'when' expression must be exhaustive, add necessary 'else' branch
Compile TV & Mobile APKs	Build Android TV & Mobile APKs	2026-09-06T05:33:47.9972584Z e: file:///home/runner/work/tvmime/tvmime/tvApp/src/main/java/com/tvmime/tv/sv_ui/screens/settings/SettingsProviderActions.kt:456:39 Unresolved reference: Success
Compile TV & Mobile APKs	Build Android TV & Mobile APKs	2026-09-06T05:33:47.9973206Z e: file:///home/runner/work/tvmime/tvmime/tvApp/src/main/java/com/tvmime/tv/sv_ui/screens/settings/SettingsProviderActions.kt:457:39 Unresolved reference: Error
Compile TV & Mobile APKs	Build Android TV & Mobile APKs	2026-09-06T05:33:47.9973801Z e: file:///home/runner/work/tvmime/tvmime/tvApp/src/main/java/com/tvmime/tv/sv_ui/screens/settings/SettingsProviderActions.kt:461:55 Cannot infer a type for this parameter. Please specify it explicitly.
Compile TV & Mobile APKs	Build Android TV & Mobile APKs	2026-09-06T05:33:47.9974359Z e: file:///home/runner/work/tvmime/tvmime/tvApp/src/main/java/com/tvmime/tv/sv_ui/screens/settings/SettingsProviderActions.kt:462:39 Unresolved reference: markXtreamTextImportApplied
Compile TV & Mobile APKs	Build Android TV & Mobile APKs	2026-09-06T05:33:47.9974883Z e: file:///home/runner/work/tvmime/tvmime/tvApp/src/main/java/com/tvmime/tv/sv_ui/screens/settings/SettingsProviderActions.kt:523:52 Unresolved reference: refreshWatchNext
Compile TV & Mobile APKs	Build Android TV & Mobile APKs	2026-09-06T05:33:47.9975410Z e: file:///home/runner/work/tvmime/tvmime/tvApp/src/main/java/com/tvmime/tv/sv_ui/screens/settings/SettingsProviderActions.kt:524:66 Unresolved reference: refreshRecommendations
Compile TV & Mobile APKs	Build Android TV & Mobile APKs	2026-09-06T05:33:47.9976072Z e: file:///home/runner/work/tvmime/tvmime/tvApp/src/main/java/com/tvmime/tv/sv_ui/screens/settings/SettingsProviderActions.kt:525:61 Unresolved reference: refreshTvInputCatalog
Compile TV & Mobile APKs	Build Android TV & Mobile APKs	2026-09-06T05:33:47.9976618Z e: file:///home/runner/work/tvmime/tvmime/tvApp/src/main/java/com/tvmime/tv/sv_ui/screens/settings/SettingsProviderUiComponents.kt:21:30 Unresolved reference: SurfaceDefaults
Compile TV & Mobile APKs	Build Android TV & Mobile APKs	2026-09-06T05:33:47.9977151Z e: file:///home/runner/work/tvmime/tvmime/tvApp/src/main/java/com/tvmime/tv/sv_ui/screens/settings/SettingsProviderUiComponents.kt:127:18 Unresolved reference: SurfaceDefaults
Compile TV & Mobile APKs	Build Android TV & Mobile APKs	2026-09-06T05:33:47.9977684Z e: file:///home/runner/work/tvmime/tvmime/tvApp/src/main/java/com/tvmime/tv/sv_ui/screens/settings/SettingsRecordingBrowserDialog.kt:37:30 Unresolved reference: SurfaceDefaults
Compile TV & Mobile APKs	Build Android TV & Mobile APKs	2026-09-06T05:33:47.9978217Z e: file:///home/runner/work/tvmime/tvmime/tvApp/src/main/java/com/tvmime/tv/sv_ui/screens/settings/SettingsRecordingBrowserDialog.kt:90:26 Unresolved reference: SurfaceDefaults
Compile TV & Mobile APKs	Build Android TV & Mobile APKs	2026-09-06T05:33:47.9978752Z e: file:///home/runner/work/tvmime/tvmime/tvApp/src/main/java/com/tvmime/tv/sv_ui/screens/settings/SettingsRecordingBrowserDialog.kt:192:22 Unresolved reference: SurfaceDefaults
Compile TV & Mobile APKs	Build Android TV & Mobile APKs	2026-09-06T05:33:47.9979283Z e: file:///home/runner/work/tvmime/tvmime/tvApp/src/main/java/com/tvmime/tv/sv_ui/screens/settings/SettingsRecordingBrowserDialog.kt:335:18 Unresolved reference: SurfaceDefaults
Compile TV & Mobile APKs	Build Android TV & Mobile APKs	2026-09-06T05:33:47.9979938Z e: file:///home/runner/work/tvmime/tvmime/tvApp/src/main/java/com/tvmime/tv/sv_ui/screens/settings/SettingsRecordingBrowserSidebarControls.kt:98:50 Unresolved reference: device
Compile TV & Mobile APKs	Build Android TV & Mobile APKs	2026-09-06T05:33:47.9980553Z e: file:///home/runner/work/tvmime/tvmime/tvApp/src/main/java/com/tvmime/tv/sv_ui/screens/settings/SettingsRecordingBrowserSidebarControls.kt:102:25 Not enough information to infer type variable T
Compile TV & Mobile APKs	Build Android TV & Mobile APKs	2026-09-06T05:33:47.9981387Z e: file:///home/runner/work/tvmime/tvmime/tvApp/src/main/java/com/tvmime/tv/sv_ui/screens/settings/SettingsRecordingBrowserSidebarControls.kt:102:25 Property delegate must have a 'getValue(Nothing?, KProperty<*>)' method. None of the following functions is suitable: 
Compile TV & Mobile APKs	Build Android TV & Mobile APKs	2026-09-06T05:33:47.9981772Z public inline operator fun <T> State<???>.getValue(thisObj: Any?, property: KProperty<*>): ??? defined in androidx.compose.runtime
Compile TV & Mobile APKs	Build Android TV & Mobile APKs	2026-09-06T05:33:47.9982311Z e: file:///home/runner/work/tvmime/tvmime/tvApp/src/main/java/com/tvmime/tv/sv_ui/screens/settings/SettingsRecordingDashboardCards.kt:25:30 Unresolved reference: SurfaceDefaults
Compile TV & Mobile APKs	Build Android TV & Mobile APKs	2026-09-06T05:33:47.9982855Z e: file:///home/runner/work/tvmime/tvmime/tvApp/src/main/java/com/tvmime/tv/sv_ui/screens/settings/SettingsRecordingDashboardCards.kt:188:18 Unresolved reference: SurfaceDefaults
Compile TV & Mobile APKs	Build Android TV & Mobile APKs	2026-09-06T05:33:47.9983382Z e: file:///home/runner/work/tvmime/tvmime/tvApp/src/main/java/com/tvmime/tv/sv_ui/screens/settings/SettingsRecordingItemComponents.kt:24:30 Unresolved reference: SurfaceDefaults
Compile TV & Mobile APKs	Build Android TV & Mobile APKs	2026-09-06T05:33:47.9984054Z e: file:///home/runner/work/tvmime/tvmime/tvApp/src/main/java/com/tvmime/tv/sv_ui/screens/settings/SettingsRecordingItemComponents.kt:56:18 Unresolved reference: SurfaceDefaults
Compile TV & Mobile APKs	Build Android TV & Mobile APKs	2026-09-06T05:33:47.9984567Z e: file:///home/runner/work/tvmime/tvmime/tvApp/src/main/java/com/tvmime/tv/sv_ui/screens/settings/SettingsRecordingSection.kt:5:28 Unresolved reference: MainActivity
Compile TV & Mobile APKs	Build Android TV & Mobile APKs	2026-09-06T05:33:47.9985053Z e: file:///home/runner/work/tvmime/tvmime/tvApp/src/main/java/com/tvmime/tv/sv_ui/screens/settings/SettingsRecordingSection.kt:6:28 Unresolved reference: navigation
Compile TV & Mobile APKs	Build Android TV & Mobile APKs	2026-09-06T05:33:47.9985559Z e: file:///home/runner/work/tvmime/tvmime/tvApp/src/main/java/com/tvmime/tv/sv_ui/screens/settings/SettingsRecordingSection.kt:59:19 Unresolved reference: MainActivity
Compile TV & Mobile APKs	Build Android TV & Mobile APKs	2026-09-06T05:33:47.9986043Z e: file:///home/runner/work/tvmime/tvmime/tvApp/src/main/java/com/tvmime/tv/sv_ui/screens/settings/SettingsRecordingSection.kt:74:21 Unresolved reference: Routes
Compile TV & Mobile APKs	Build Android TV & Mobile APKs	2026-09-06T05:33:47.9986614Z e: file:///home/runner/work/tvmime/tvmime/tvApp/src/main/java/com/tvmime/tv/sv_ui/screens/settings/SettingsScreen.kt:15:22 Unresolved reference: lifecycle
Compile TV & Mobile APKs	Build Android TV & Mobile APKs	2026-09-06T05:33:47.9987081Z e: file:///home/runner/work/tvmime/tvmime/tvApp/src/main/java/com/tvmime/tv/sv_ui/screens/settings/SettingsScreen.kt:23:17 Unresolved reference: documentfile
Compile TV & Mobile APKs	Build Android TV & Mobile APKs	2026-09-06T05:33:47.9987520Z e: file:///home/runner/work/tvmime/tvmime/tvApp/src/main/java/com/tvmime/tv/sv_ui/screens/settings/SettingsScreen.kt:24:28 Unresolved reference: backup
Compile TV & Mobile APKs	Build Android TV & Mobile APKs	2026-09-06T05:33:47.9987955Z e: file:///home/runner/work/tvmime/tvmime/tvApp/src/main/java/com/tvmime/tv/sv_ui/screens/settings/SettingsScreen.kt:25:28 Unresolved reference: device
Compile TV & Mobile APKs	Build Android TV & Mobile APKs	2026-09-06T05:33:47.9988384Z e: file:///home/runner/work/tvmime/tvmime/tvApp/src/main/java/com/tvmime/tv/sv_ui/screens/settings/SettingsScreen.kt:26:28 Unresolved reference: device
Compile TV & Mobile APKs	Build Android TV & Mobile APKs	2026-09-06T05:33:47.9988806Z e: file:///home/runner/work/tvmime/tvmime/tvApp/src/main/java/com/tvmime/tv/sv_ui/screens/settings/SettingsScreen.kt:27:28 Unresolved reference: device
Compile TV & Mobile APKs	Build Android TV & Mobile APKs	2026-09-06T05:33:47.9989245Z e: file:///home/runner/work/tvmime/tvmime/tvApp/src/main/java/com/tvmime/tv/sv_ui/screens/settings/SettingsScreen.kt:30:28 Unresolved reference: util
Compile TV & Mobile APKs	Build Android TV & Mobile APKs	2026-09-06T05:33:47.9989876Z e: file:///home/runner/work/tvmime/tvmime/tvApp/src/main/java/com/tvmime/tv/sv_ui/screens/settings/SettingsScreen.kt:63:36 Unresolved reference: hiltViewModel
Compile TV & Mobile APKs	Build Android TV & Mobile APKs	2026-09-06T05:33:47.9990429Z e: file:///home/runner/work/tvmime/tvmime/tvApp/src/main/java/com/tvmime/tv/sv_ui/screens/settings/SettingsScreen.kt:72:69 Unresolved reference: OfficialBuildVerifier
Compile TV & Mobile APKs	Build Android TV & Mobile APKs	2026-09-06T05:33:47.9990911Z e: file:///home/runner/work/tvmime/tvmime/tvApp/src/main/java/com/tvmime/tv/sv_ui/screens/settings/SettingsScreen.kt:95:31 Unresolved reference: BackupFileBridge
Compile TV & Mobile APKs	Build Android TV & Mobile APKs	2026-09-06T05:33:47.9991381Z e: file:///home/runner/work/tvmime/tvmime/tvApp/src/main/java/com/tvmime/tv/sv_ui/screens/settings/SettingsScreen.kt:109:26 Unresolved reference: BackupFileBridge
Compile TV & Mobile APKs	Build Android TV & Mobile APKs	2026-09-06T05:33:47.9991821Z e: file:///home/runner/work/tvmime/tvmime/tvApp/src/main/java/com/tvmime/tv/sv_ui/screens/settings/SettingsScreen.kt:112:26 Unresolved reference: it
Compile TV & Mobile APKs	Build Android TV & Mobile APKs	2026-09-06T05:33:47.9992248Z e: file:///home/runner/work/tvmime/tvmime/tvApp/src/main/java/com/tvmime/tv/sv_ui/screens/settings/SettingsScreen.kt:113:29 Unresolved reference: it
Compile TV & Mobile APKs	Build Android TV & Mobile APKs	2026-09-06T05:33:47.9992659Z e: file:///home/runner/work/tvmime/tvmime/tvApp/src/main/java/com/tvmime/tv/sv_ui/screens/settings/SettingsScreen.kt:115:25 Unresolved reference: it
Compile TV & Mobile APKs	Build Android TV & Mobile APKs	2026-09-06T05:33:47.9993121Z e: file:///home/runner/work/tvmime/tvmime/tvApp/src/main/java/com/tvmime/tv/sv_ui/screens/settings/SettingsScreen.kt:139:22 Unresolved reference: DocumentFile
Compile TV & Mobile APKs	Build Android TV & Mobile APKs	2026-09-06T05:33:47.9993590Z e: file:///home/runner/work/tvmime/tvmime/tvApp/src/main/java/com/tvmime/tv/sv_ui/screens/settings/SettingsScreen.kt:144:41 Unresolved reference: BackupFileBridge
Compile TV & Mobile APKs	Build Android TV & Mobile APKs	2026-09-06T05:33:47.9994051Z e: file:///home/runner/work/tvmime/tvmime/tvApp/src/main/java/com/tvmime/tv/sv_ui/screens/settings/SettingsScreen.kt:151:27 Unresolved reference: BackupFileBridge
Compile TV & Mobile APKs	Build Android TV & Mobile APKs	2026-09-06T05:33:47.9994651Z e: file:///home/runner/work/tvmime/tvmime/tvApp/src/main/java/com/tvmime/tv/sv_ui/screens/settings/SettingsScreen.kt:165:22 Unresolved reference: DocumentFile
Compile TV & Mobile APKs	Build Android TV & Mobile APKs	2026-09-06T05:33:47.9995067Z e: file:///home/runner/work/tvmime/tvmime/tvApp/src/main/java/com/tvmime/tv/sv_ui/screens/settings/SettingsScreen.kt:171:23 Unresolved reference: it
Compile TV & Mobile APKs	Build Android TV & Mobile APKs	2026-09-06T05:33:47.9995489Z e: file:///home/runner/work/tvmime/tvmime/tvApp/src/main/java/com/tvmime/tv/sv_ui/screens/settings/SettingsScreen.kt:171:36 Unresolved reference: it
Compile TV & Mobile APKs	Build Android TV & Mobile APKs	2026-09-06T05:33:47.9995909Z e: file:///home/runner/work/tvmime/tvmime/tvApp/src/main/java/com/tvmime/tv/sv_ui/screens/settings/SettingsScreen.kt:172:35 Unresolved reference: it
Compile TV & Mobile APKs	Build Android TV & Mobile APKs	2026-09-06T05:33:47.9996325Z e: file:///home/runner/work/tvmime/tvmime/tvApp/src/main/java/com/tvmime/tv/sv_ui/screens/settings/SettingsScreen.kt:175:26 Unresolved reference: it
Compile TV & Mobile APKs	Build Android TV & Mobile APKs	2026-09-06T05:33:47.9996745Z e: file:///home/runner/work/tvmime/tvmime/tvApp/src/main/java/com/tvmime/tv/sv_ui/screens/settings/SettingsScreen.kt:176:29 Unresolved reference: it
Compile TV & Mobile APKs	Build Android TV & Mobile APKs	2026-09-06T05:33:47.9997326Z e: file:///home/runner/work/tvmime/tvmime/tvApp/src/main/java/com/tvmime/tv/sv_ui/screens/settings/SettingsScreen.kt:178:25 Unresolved reference: it
Compile TV & Mobile APKs	Build Android TV & Mobile APKs	2026-09-06T05:33:47.9997796Z e: file:///home/runner/work/tvmime/tvmime/tvApp/src/main/java/com/tvmime/tv/sv_ui/screens/settings/SettingsScreen.kt:192:34 Unresolved reference: BackupFileBridge
Compile TV & Mobile APKs	Build Android TV & Mobile APKs	2026-09-06T05:33:47.9998266Z e: file:///home/runner/work/tvmime/tvmime/tvApp/src/main/java/com/tvmime/tv/sv_ui/screens/settings/SettingsScreen.kt:197:19 Unresolved reference: BackupFileBridge
Compile TV & Mobile APKs	Build Android TV & Mobile APKs	2026-09-06T05:33:47.9998728Z e: file:///home/runner/work/tvmime/tvmime/tvApp/src/main/java/com/tvmime/tv/sv_ui/screens/settings/SettingsScreen.kt:199:49 Unresolved reference: BackupFileBridge
Compile TV & Mobile APKs	Build Android TV & Mobile APKs	2026-09-06T05:33:47.9999194Z e: file:///home/runner/work/tvmime/tvmime/tvApp/src/main/java/com/tvmime/tv/sv_ui/screens/settings/SettingsScreen.kt:205:19 Unresolved reference: BackupFileBridge
Compile TV & Mobile APKs	Build Android TV & Mobile APKs	2026-09-06T05:33:47.9999669Z e: file:///home/runner/work/tvmime/tvmime/tvApp/src/main/java/com/tvmime/tv/sv_ui/screens/settings/SettingsScreen.kt:214:33 Unresolved reference: BackupFileBridge
Compile TV & Mobile APKs	Build Android TV & Mobile APKs	2026-09-06T05:33:48.0000385Z e: file:///home/runner/work/tvmime/tvmime/tvApp/src/main/java/com/tvmime/tv/sv_ui/screens/settings/SettingsScreen.kt:225:21 Unresolved reference: isFireTvDevice
Compile TV & Mobile APKs	Build Android TV & Mobile APKs	2026-09-06T05:33:48.0000896Z e: file:///home/runner/work/tvmime/tvmime/tvApp/src/main/java/com/tvmime/tv/sv_ui/screens/settings/SettingsScreen.kt:225:47 Unresolved reference: removableAppStorageDirs
Compile TV & Mobile APKs	Build Android TV & Mobile APKs	2026-09-06T05:33:48.0002313Z e: file:///home/runner/work/tvmime/tvmime/tvApp/src/main/java/com/tvmime/tv/sv_ui/screens/settings/SettingsScreen.kt:229:32 Type 'State<List<[Error type: Unresolved type for BackupFileBridge.BackupFileCandidate]>>' has no method 'setValue(Nothing?, KProperty<*>, [Error type: Error delegation type for remember { mutableStateOf<List<BackupFileBridge.BackupFileCandidate>>(emptyList()) }])' and thus it cannot serve as a delegate for var (read-write property)
Compile TV & Mobile APKs	Build Android TV & Mobile APKs	2026-09-06T05:33:48.0003035Z e: file:///home/runner/work/tvmime/tvmime/tvApp/src/main/java/com/tvmime/tv/sv_ui/screens/settings/SettingsScreen.kt:229:32 Property delegate must have a 'getValue(Nothing?, KProperty<*>)' method. None of the following functions is suitable: 
Compile TV & Mobile APKs	Build Android TV & Mobile APKs	2026-09-06T05:33:48.0003894Z public inline operator fun <T> State<List<[Error type: Unresolved type for BackupFileBridge.BackupFileCandidate]>>.getValue(thisObj: Any?, property: KProperty<*>): List<[Error type: Unresolved type for BackupFileBridge.BackupFileCandidate]> defined in androidx.compose.runtime
Compile TV & Mobile APKs	Build Android TV & Mobile APKs	2026-09-06T05:33:48.0004378Z e: file:///home/runner/work/tvmime/tvmime/tvApp/src/main/java/com/tvmime/tv/sv_ui/screens/settings/SettingsScreen.kt:229:63 Unresolved reference: BackupFileBridge
Compile TV & Mobile APKs	Build Android TV & Mobile APKs	2026-09-06T05:33:48.0004842Z e: file:///home/runner/work/tvmime/tvmime/tvApp/src/main/java/com/tvmime/tv/sv_ui/screens/settings/SettingsScreen.kt:234:17 Unresolved reference: BackupFileBridge
Compile TV & Mobile APKs	Build Android TV & Mobile APKs	2026-09-06T05:33:48.0005419Z e: file:///home/runner/work/tvmime/tvmime/tvApp/src/main/java/com/tvmime/tv/sv_ui/screens/settings/SettingsScreen.kt:235:31 Unresolved reference: it
Compile TV & Mobile APKs	Build Android TV & Mobile APKs	2026-09-06T05:33:48.0005885Z e: file:///home/runner/work/tvmime/tvmime/tvApp/src/main/java/com/tvmime/tv/sv_ui/screens/settings/SettingsScreen.kt:236:26 Unresolved reference: BackupFileBridge
Compile TV & Mobile APKs	Build Android TV & Mobile APKs	2026-09-06T05:33:48.0006345Z e: file:///home/runner/work/tvmime/tvmime/tvApp/src/main/java/com/tvmime/tv/sv_ui/screens/settings/SettingsScreen.kt:239:32 Unresolved reference: BackupFileBridge
Compile TV & Mobile APKs	Build Android TV & Mobile APKs	2026-09-06T05:33:48.0006771Z e: file:///home/runner/work/tvmime/tvmime/tvApp/src/main/java/com/tvmime/tv/sv_ui/screens/settings/SettingsScreen.kt:240:27 Unresolved reference: it
Compile TV & Mobile APKs	Build Android TV & Mobile APKs	2026-09-06T05:33:48.0007184Z e: file:///home/runner/work/tvmime/tvmime/tvApp/src/main/java/com/tvmime/tv/sv_ui/screens/settings/SettingsScreen.kt:241:35 Unresolved reference: it
Compile TV & Mobile APKs	Build Android TV & Mobile APKs	2026-09-06T05:33:48.0007652Z e: file:///home/runner/work/tvmime/tvmime/tvApp/src/main/java/com/tvmime/tv/sv_ui/screens/settings/SettingsScreen.kt:249:38 Unresolved reference: BackupFileBridge
Compile TV & Mobile APKs	Build Android TV & Mobile APKs	2026-09-06T05:33:48.0008361Z e: file:///home/runner/work/tvmime/tvmime/tvApp/src/main/java/com/tvmime/tv/sv_ui/screens/settings/SettingsScreen.kt:250:13 Unresolved reference: BackupFileBridge
Compile TV & Mobile APKs	Build Android TV & Mobile APKs	2026-09-06T05:33:48.0008827Z e: file:///home/runner/work/tvmime/tvmime/tvApp/src/main/java/com/tvmime/tv/sv_ui/screens/settings/SettingsScreen.kt:260:34 Unresolved reference: BackupFileBridge
Compile TV & Mobile APKs	Build Android TV & Mobile APKs	2026-09-06T05:33:48.0009302Z e: file:///home/runner/work/tvmime/tvmime/tvApp/src/main/java/com/tvmime/tv/sv_ui/screens/settings/SettingsScreen.kt:270:26 Unresolved reference: BackupFileBridge
Compile TV & Mobile APKs	Build Android TV & Mobile APKs	2026-09-06T05:33:48.0009858Z e: file:///home/runner/work/tvmime/tvmime/tvApp/src/main/java/com/tvmime/tv/sv_ui/screens/settings/SettingsScreen.kt:273:39 Unresolved reference: it
Compile TV & Mobile APKs	Build Android TV & Mobile APKs	2026-09-06T05:33:48.0010273Z e: file:///home/runner/work/tvmime/tvmime/tvApp/src/main/java/com/tvmime/tv/sv_ui/screens/settings/SettingsScreen.kt:274:29 Unresolved reference: it
Compile TV & Mobile APKs	Build Android TV & Mobile APKs	2026-09-06T05:33:48.0010711Z e: file:///home/runner/work/tvmime/tvmime/tvApp/src/main/java/com/tvmime/tv/sv_ui/screens/settings/SettingsScreen.kt:276:25 Unresolved reference: it
Compile TV & Mobile APKs	Build Android TV & Mobile APKs	2026-09-06T05:33:48.0011183Z e: file:///home/runner/work/tvmime/tvmime/tvApp/src/main/java/com/tvmime/tv/sv_ui/screens/settings/SettingsScreen.kt:290:37 Unresolved reference: latestReportFile
Compile TV & Mobile APKs	Build Android TV & Mobile APKs	2026-09-06T05:33:48.0011674Z e: file:///home/runner/work/tvmime/tvmime/tvApp/src/main/java/com/tvmime/tv/sv_ui/screens/settings/SettingsScreen.kt:296:36 Unresolved reference: providerUriForFile
Compile TV & Mobile APKs	Build Android TV & Mobile APKs	2026-09-06T05:33:48.0012143Z e: file:///home/runner/work/tvmime/tvmime/tvApp/src/main/java/com/tvmime/tv/sv_ui/screens/settings/SettingsScreen.kt:297:62 Unresolved reference: buildShareIntent
Compile TV & Mobile APKs	Build Android TV & Mobile APKs	2026-09-06T05:33:48.0012601Z e: file:///home/runner/work/tvmime/tvmime/tvApp/src/main/java/com/tvmime/tv/sv_ui/screens/settings/SettingsScreen.kt:318:31 Unresolved reference: DocumentFile
Compile TV & Mobile APKs	Build Android TV & Mobile APKs	2026-09-06T05:33:48.0013152Z e: file:///home/runner/work/tvmime/tvmime/tvApp/src/main/java/com/tvmime/tv/sv_ui/screens/settings/SettingsScreen.kt:409:37 Unresolved reference: isTelevisionDevice
Compile TV & Mobile APKs	Build Android TV & Mobile APKs	2026-09-06T05:33:48.0013638Z e: file:///home/runner/work/tvmime/tvmime/tvApp/src/main/java/com/tvmime/tv/sv_ui/screens/settings/SettingsScreen.kt:440:37 Unresolved reference: isTelevisionDevice
Compile TV & Mobile APKs	Build Android TV & Mobile APKs	2026-09-06T05:33:48.0014211Z e: file:///home/runner/work/tvmime/tvmime/tvApp/src/main/java/com/tvmime/tv/sv_ui/screens/settings/SettingsScreen.kt:513:47 Cannot infer a type for this parameter. Please specify it explicitly.
Compile TV & Mobile APKs	Build Android TV & Mobile APKs	2026-09-06T05:33:48.0014828Z e: file:///home/runner/work/tvmime/tvmime/tvApp/src/main/java/com/tvmime/tv/sv_ui/screens/settings/SettingsScreen.kt:517:32 @Composable invocations can only happen from the context of a @Composable function
Compile TV & Mobile APKs	Build Android TV & Mobile APKs	2026-09-06T05:33:48.0015249Z e: file:///home/runner/work/tvmime/tvmime/tvApp/src/main/java/com/tvmime/tv/sv_ui/screens/settings/SettingsScreen.kt:523:36 Unresolved reference: it
Compile TV & Mobile APKs	Build Android TV & Mobile APKs	2026-09-06T05:33:48.0015718Z e: file:///home/runner/work/tvmime/tvmime/tvApp/src/main/java/com/tvmime/tv/sv_ui/screens/settings/SettingsScreen.kt:569:50 Unresolved reference: BackupFileBridge
Compile TV & Mobile APKs	Build Android TV & Mobile APKs	2026-09-06T05:33:48.0016359Z e: file:///home/runner/work/tvmime/tvmime/tvApp/src/main/java/com/tvmime/tv/sv_ui/screens/settings/SettingsScreenOverlays.kt:22:39 Unresolved reference: MainActivity
Compile TV & Mobile APKs	Build Android TV & Mobile APKs	2026-09-06T05:33:48.0016832Z e: file:///home/runner/work/tvmime/tvmime/tvApp/src/main/java/com/tvmime/tv/sv_ui/screens/settings/SettingsScreenState.kt:7:28 Unresolved reference: MainActivity
Compile TV & Mobile APKs	Build Android TV & Mobile APKs	2026-09-06T05:33:48.0017288Z e: file:///home/runner/work/tvmime/tvmime/tvApp/src/main/java/com/tvmime/tv/sv_ui/screens/settings/SettingsScreenState.kt:10:28 Unresolved reference: util
Compile TV & Mobile APKs	Build Android TV & Mobile APKs	2026-09-06T05:33:48.0017792Z e: file:///home/runner/work/tvmime/tvmime/tvApp/src/main/java/com/tvmime/tv/sv_ui/screens/settings/SettingsScreenState.kt:63:26 Unresolved reference: OfficialBuildStatus
Compile TV & Mobile APKs	Build Android TV & Mobile APKs	2026-09-06T05:33:48.0018274Z e: file:///home/runner/work/tvmime/tvmime/tvApp/src/main/java/com/tvmime/tv/sv_ui/screens/settings/SettingsScreenState.kt:229:42 Unresolved reference: MainActivity
Compile TV & Mobile APKs	Build Android TV & Mobile APKs	2026-09-06T05:33:48.0018889Z e: file:///home/runner/work/tvmime/tvmime/tvApp/src/main/java/com/tvmime/tv/sv_ui/screens/settings/SettingsScreenState.kt:232:24 Unresolved reference: MainActivity
Compile TV & Mobile APKs	Build Android TV & Mobile APKs	2026-09-06T05:33:48.0019391Z e: file:///home/runner/work/tvmime/tvmime/tvApp/src/main/java/com/tvmime/tv/sv_ui/screens/settings/SettingsScreenState.kt:275:13 Unresolved reference: OfficialBuildStatus
Compile TV & Mobile APKs	Build Android TV & Mobile APKs	2026-09-06T05:33:48.0020072Z e: file:///home/runner/work/tvmime/tvmime/tvApp/src/main/java/com/tvmime/tv/sv_ui/screens/settings/SettingsScreenState.kt:277:13 'when' expression must be exhaustive, add necessary 'else' branch
Compile TV & Mobile APKs	Build Android TV & Mobile APKs	2026-09-06T05:33:48.0020590Z e: file:///home/runner/work/tvmime/tvmime/tvApp/src/main/java/com/tvmime/tv/sv_ui/screens/settings/SettingsScreenState.kt:278:5 Unresolved reference: OfficialBuildStatus
Compile TV & Mobile APKs	Build Android TV & Mobile APKs	2026-09-06T05:33:48.0021078Z e: file:///home/runner/work/tvmime/tvmime/tvApp/src/main/java/com/tvmime/tv/sv_ui/screens/settings/SettingsScreenState.kt:279:5 Unresolved reference: OfficialBuildStatus
Compile TV & Mobile APKs	Build Android TV & Mobile APKs	2026-09-06T05:33:48.0021577Z e: file:///home/runner/work/tvmime/tvmime/tvApp/src/main/java/com/tvmime/tv/sv_ui/screens/settings/SettingsScreenState.kt:280:5 Unresolved reference: OfficialBuildStatus
Compile TV & Mobile APKs	Build Android TV & Mobile APKs	2026-09-06T05:33:48.0022102Z e: file:///home/runner/work/tvmime/tvmime/tvApp/src/main/java/com/tvmime/tv/sv_ui/screens/settings/SettingsSelectionDialogComponents.kt:50:50 Unresolved reference: device
Compile TV & Mobile APKs	Build Android TV & Mobile APKs	2026-09-06T05:33:48.0022618Z e: file:///home/runner/work/tvmime/tvmime/tvApp/src/main/java/com/tvmime/tv/sv_ui/screens/settings/SettingsSharedUiComponents.kt:43:30 Unresolved reference: SurfaceDefaults
Compile TV & Mobile APKs	Build Android TV & Mobile APKs	2026-09-06T05:33:48.0023130Z e: file:///home/runner/work/tvmime/tvmime/tvApp/src/main/java/com/tvmime/tv/sv_ui/screens/settings/SettingsSharedUiComponents.kt:65:18 Unresolved reference: SurfaceDefaults
Compile TV & Mobile APKs	Build Android TV & Mobile APKs	2026-09-06T05:33:48.0023617Z e: file:///home/runner/work/tvmime/tvmime/tvApp/src/main/java/com/tvmime/tv/sv_ui/screens/settings/SettingsSharedUiComponents.kt:183:50 Unresolved reference: device
Compile TV & Mobile APKs	Build Android TV & Mobile APKs	2026-09-06T05:33:48.0024296Z e: file:///home/runner/work/tvmime/tvmime/tvApp/src/main/java/com/tvmime/tv/sv_ui/screens/settings/SettingsSharedUiComponents.kt:186:34 This foundation API is experimental and is likely to change or be removed in the future.
Compile TV & Mobile APKs	Build Android TV & Mobile APKs	2026-09-06T05:33:48.0024965Z e: file:///home/runner/work/tvmime/tvmime/tvApp/src/main/java/com/tvmime/tv/sv_ui/screens/settings/SettingsSharedUiComponents.kt:186:45 This foundation API is experimental and is likely to change or be removed in the future.
Compile TV & Mobile APKs	Build Android TV & Mobile APKs	2026-09-06T05:33:48.0025526Z e: file:///home/runner/work/tvmime/tvmime/tvApp/src/main/java/com/tvmime/tv/sv_ui/screens/settings/SettingsSharedUiComponents.kt:190:25 Not enough information to infer type variable T
Compile TV & Mobile APKs	Build Android TV & Mobile APKs	2026-09-06T05:33:48.0026284Z e: file:///home/runner/work/tvmime/tvmime/tvApp/src/main/java/com/tvmime/tv/sv_ui/screens/settings/SettingsSharedUiComponents.kt:190:25 Property delegate must have a 'getValue(Nothing?, KProperty<*>)' method. None of the following functions is suitable: 
Compile TV & Mobile APKs	Build Android TV & Mobile APKs	2026-09-06T05:33:48.0026794Z public inline operator fun <T> State<???>.getValue(thisObj: Any?, property: KProperty<*>): ??? defined in androidx.compose.runtime
Compile TV & Mobile APKs	Build Android TV & Mobile APKs	2026-09-06T05:33:48.0027461Z e: file:///home/runner/work/tvmime/tvmime/tvApp/src/main/java/com/tvmime/tv/sv_ui/screens/settings/SettingsSharedUiComponents.kt:201:27 This foundation API is experimental and is likely to change or be removed in the future.
Compile TV & Mobile APKs	Build Android TV & Mobile APKs	2026-09-06T05:33:48.0028120Z e: file:///home/runner/work/tvmime/tvmime/tvApp/src/main/java/com/tvmime/tv/sv_ui/screens/settings/SettingsSharedUiComponents.kt:201:50 This foundation API is experimental and is likely to change or be removed in the future.
Compile TV & Mobile APKs	Build Android TV & Mobile APKs	2026-09-06T05:33:48.0028776Z e: file:///home/runner/work/tvmime/tvmime/tvApp/src/main/java/com/tvmime/tv/sv_ui/screens/settings/SettingsSharedUiComponents.kt:210:27 This foundation API is experimental and is likely to change or be removed in the future.
Compile TV & Mobile APKs	Build Android TV & Mobile APKs	2026-09-06T05:33:48.0029428Z e: file:///home/runner/work/tvmime/tvmime/tvApp/src/main/java/com/tvmime/tv/sv_ui/screens/settings/SettingsSharedUiComponents.kt:210:50 This foundation API is experimental and is likely to change or be removed in the future.
Compile TV & Mobile APKs	Build Android TV & Mobile APKs	2026-09-06T05:33:48.0030669Z e: file:///home/runner/work/tvmime/tvmime/tvApp/src/main/java/com/tvmime/tv/sv_ui/screens/settings/SettingsSharedUiComponents.kt:266:14 This foundation API is experimental and is likely to change or be removed in the future.
Compile TV & Mobile APKs	Build Android TV & Mobile APKs	2026-09-06T05:33:48.0031724Z e: file:///home/runner/work/tvmime/tvmime/tvApp/src/main/java/com/tvmime/tv/sv_ui/screens/settings/SettingsSharedUiComponents.kt:266:37 This foundation API is experimental and is likely to change or be removed in the future.
Compile TV & Mobile APKs	Build Android TV & Mobile APKs	2026-09-06T05:33:48.0032711Z e: file:///home/runner/work/tvmime/tvmime/tvApp/src/main/java/com/tvmime/tv/sv_ui/screens/settings/SettingsSharedUiComponents.kt:290:51 This API is experimental and is likely to change in the future.
Compile TV & Mobile APKs	Build Android TV & Mobile APKs	2026-09-06T05:33:48.0033667Z e: file:///home/runner/work/tvmime/tvmime/tvApp/src/main/java/com/tvmime/tv/sv_ui/screens/settings/SettingsSharedUiComponents.kt:291:52 This API is experimental and is likely to change in the future.
Compile TV & Mobile APKs	Build Android TV & Mobile APKs	2026-09-06T05:33:48.0034603Z e: file:///home/runner/work/tvmime/tvmime/tvApp/src/main/java/com/tvmime/tv/sv_ui/screens/settings/SettingsStateBindings.kt:37:12 Not enough information to infer type variable T3
Compile TV & Mobile APKs	Build Android TV & Mobile APKs	2026-09-06T05:33:48.0035496Z e: file:///home/runner/work/tvmime/tvmime/tvApp/src/main/java/com/tvmime/tv/sv_ui/screens/settings/SettingsStateBindings.kt:40:31 Unresolved reference: parentalControlLevel
Compile TV & Mobile APKs	Build Android TV & Mobile APKs	2026-09-06T05:33:48.0036318Z e: file:///home/runner/work/tvmime/tvmime/tvApp/src/main/java/com/tvmime/tv/sv_ui/screens/settings/SettingsStateBindings.kt:41:31 Unresolved reference: hasParentalPin
Compile TV & Mobile APKs	Build Android TV & Mobile APKs	2026-09-06T05:33:48.0037270Z e: file:///home/runner/work/tvmime/tvmime/tvApp/src/main/java/com/tvmime/tv/sv_ui/screens/settings/SettingsStateBindings.kt:42:30 Cannot infer a type for this parameter. Please specify it explicitly.
Compile TV & Mobile APKs	Build Android TV & Mobile APKs	2026-09-06T05:33:48.0038178Z e: file:///home/runner/work/tvmime/tvmime/tvApp/src/main/java/com/tvmime/tv/sv_ui/screens/settings/SettingsStateBindings.kt:42:37 Cannot infer a type for this parameter. Please specify it explicitly.
Compile TV & Mobile APKs	Build Android TV & Mobile APKs	2026-09-06T05:33:48.0038992Z e: file:///home/runner/work/tvmime/tvmime/tvApp/src/main/java/com/tvmime/tv/sv_ui/screens/settings/SettingsStateBindings.kt:127:37 Unresolved reference: appLanguage
Compile TV & Mobile APKs	Build Android TV & Mobile APKs	2026-09-06T05:33:48.0041198Z e: file:///home/runner/work/tvmime/tvmime/tvApp/src/main/java/com/tvmime/tv/sv_ui/screens/settings/SettingsStateBindings.kt:127:52 Cannot infer a type for this parameter. Please specify it explicitly.
Compile TV & Mobile APKs	Build Android TV & Mobile APKs	2026-09-06T05:33:48.0042168Z e: file:///home/runner/work/tvmime/tvmime/tvApp/src/main/java/com/tvmime/tv/sv_ui/screens/settings/SettingsStateBindings.kt:127:62 Cannot infer a type for this parameter. Please specify it explicitly.
Compile TV & Mobile APKs	Build Android TV & Mobile APKs	2026-09-06T05:33:48.0043167Z e: file:///home/runner/work/tvmime/tvmime/tvApp/src/main/java/com/tvmime/tv/sv_ui/screens/settings/SettingsStateBindings.kt:129:62 Cannot infer a type for this parameter. Please specify it explicitly.
Compile TV & Mobile APKs	Build Android TV & Mobile APKs	2026-09-06T05:33:48.0044339Z e: file:///home/runner/work/tvmime/tvmime/tvApp/src/main/java/com/tvmime/tv/sv_ui/screens/settings/SettingsStateBindings.kt:129:72 Cannot infer a type for this parameter. Please specify it explicitly.
Compile TV & Mobile APKs	Build Android TV & Mobile APKs	2026-09-06T05:33:48.0045198Z e: file:///home/runner/work/tvmime/tvmime/tvApp/src/main/java/com/tvmime/tv/sv_ui/screens/settings/SettingsStateBindings.kt:131:64 Cannot infer a type for this parameter. Please specify it explicitly.
Compile TV & Mobile APKs	Build Android TV & Mobile APKs	2026-09-06T05:33:48.0046045Z e: file:///home/runner/work/tvmime/tvmime/tvApp/src/main/java/com/tvmime/tv/sv_ui/screens/settings/SettingsStateBindings.kt:131:74 Cannot infer a type for this parameter. Please specify it explicitly.
Compile TV & Mobile APKs	Build Android TV & Mobile APKs	2026-09-06T05:33:48.0046809Z e: file:///home/runner/work/tvmime/tvmime/tvApp/src/main/java/com/tvmime/tv/sv_ui/screens/settings/SettingsStateBindings.kt:133:37 Unresolved reference: appHomeDashboardShelves
Compile TV & Mobile APKs	Build Android TV & Mobile APKs	2026-09-06T05:33:48.0047653Z e: file:///home/runner/work/tvmime/tvmime/tvApp/src/main/java/com/tvmime/tv/sv_ui/screens/settings/SettingsStateBindings.kt:133:64 Cannot infer a type for this parameter. Please specify it explicitly.
Compile TV & Mobile APKs	Build Android TV & Mobile APKs	2026-09-06T05:33:48.0048777Z e: file:///home/runner/work/tvmime/tvmime/tvApp/src/main/java/com/tvmime/tv/sv_ui/screens/settings/SettingsStateBindings.kt:133:74 Cannot infer a type for this parameter. Please specify it explicitly.
Compile TV & Mobile APKs	Build Android TV & Mobile APKs	2026-09-06T05:33:48.0049507Z e: file:///home/runner/work/tvmime/tvmime/tvApp/src/main/java/com/tvmime/tv/sv_ui/screens/settings/SettingsStateBindings.kt:135:37 Unresolved reference: appTimeFormat
Compile TV & Mobile APKs	Build Android TV & Mobile APKs	2026-09-06T05:33:48.0050568Z e: file:///home/runner/work/tvmime/tvmime/tvApp/src/main/java/com/tvmime/tv/sv_ui/screens/settings/SettingsStateBindings.kt:135:54 Cannot infer a type for this parameter. Please specify it explicitly.
Compile TV & Mobile APKs	Build Android TV & Mobile APKs	2026-09-06T05:33:48.0051412Z e: file:///home/runner/work/tvmime/tvmime/tvApp/src/main/java/com/tvmime/tv/sv_ui/screens/settings/SettingsStateBindings.kt:135:64 Cannot infer a type for this parameter. Please specify it explicitly.
Compile TV & Mobile APKs	Build Android TV & Mobile APKs	2026-09-06T05:33:48.0052242Z e: file:///home/runner/work/tvmime/tvmime/tvApp/src/main/java/com/tvmime/tv/sv_ui/screens/settings/SettingsStateBindings.kt:137:63 Cannot infer a type for this parameter. Please specify it explicitly.
Compile TV & Mobile APKs	Build Android TV & Mobile APKs	2026-09-06T05:33:48.0053089Z e: file:///home/runner/work/tvmime/tvmime/tvApp/src/main/java/com/tvmime/tv/sv_ui/screens/settings/SettingsStateBindings.kt:137:73 Cannot infer a type for this parameter. Please specify it explicitly.
Compile TV & Mobile APKs	Build Android TV & Mobile APKs	2026-09-06T05:33:48.0053923Z e: file:///home/runner/work/tvmime/tvmime/tvApp/src/main/java/com/tvmime/tv/sv_ui/screens/settings/SettingsStateBindings.kt:139:66 Cannot infer a type for this parameter. Please specify it explicitly.
Compile TV & Mobile APKs	Build Android TV & Mobile APKs	2026-09-06T05:33:48.0054754Z e: file:///home/runner/work/tvmime/tvmime/tvApp/src/main/java/com/tvmime/tv/sv_ui/screens/settings/SettingsStateBindings.kt:139:76 Cannot infer a type for this parameter. Please specify it explicitly.
Compile TV & Mobile APKs	Build Android TV & Mobile APKs	2026-09-06T05:33:48.0055584Z e: file:///home/runner/work/tvmime/tvmime/tvApp/src/main/java/com/tvmime/tv/sv_ui/screens/settings/SettingsStateBindings.kt:141:75 Cannot infer a type for this parameter. Please specify it explicitly.
Compile TV & Mobile APKs	Build Android TV & Mobile APKs	2026-09-06T05:33:48.0056421Z e: file:///home/runner/work/tvmime/tvmime/tvApp/src/main/java/com/tvmime/tv/sv_ui/screens/settings/SettingsStateBindings.kt:141:85 Cannot infer a type for this parameter. Please specify it explicitly.
Compile TV & Mobile APKs	Build Android TV & Mobile APKs	2026-09-06T05:33:48.0057180Z e: file:///home/runner/work/tvmime/tvmime/tvApp/src/main/java/com/tvmime/tv/sv_ui/screens/settings/SettingsStateBindings.kt:143:37 Unresolved reference: playerAudioDecoderMode
Compile TV & Mobile APKs	Build Android TV & Mobile APKs	2026-09-06T05:33:48.0058008Z e: file:///home/runner/work/tvmime/tvmime/tvApp/src/main/java/com/tvmime/tv/sv_ui/screens/settings/SettingsStateBindings.kt:143:63 Cannot infer a type for this parameter. Please specify it explicitly.
Compile TV & Mobile APKs	Build Android TV & Mobile APKs	2026-09-06T05:33:48.0058828Z e: file:///home/runner/work/tvmime/tvmime/tvApp/src/main/java/com/tvmime/tv/sv_ui/screens/settings/SettingsStateBindings.kt:143:73 Cannot infer a type for this parameter. Please specify it explicitly.
Compile TV & Mobile APKs	Build Android TV & Mobile APKs	2026-09-06T05:33:48.0059654Z e: file:///home/runner/work/tvmime/tvmime/tvApp/src/main/java/com/tvmime/tv/sv_ui/screens/settings/SettingsStateBindings.kt:145:63 Cannot infer a type for this parameter. Please specify it explicitly.
Compile TV & Mobile APKs	Build Android TV & Mobile APKs	2026-09-06T05:33:48.0060853Z e: file:///home/runner/work/tvmime/tvmime/tvApp/src/main/java/com/tvmime/tv/sv_ui/screens/settings/SettingsStateBindings.kt:145:73 Cannot infer a type for this parameter. Please specify it explicitly.
Compile TV & Mobile APKs	Build Android TV & Mobile APKs	2026-09-06T05:33:48.0061683Z e: file:///home/runner/work/tvmime/tvmime/tvApp/src/main/java/com/tvmime/tv/sv_ui/screens/settings/SettingsStateBindings.kt:147:65 Cannot infer a type for this parameter. Please specify it explicitly.
Compile TV & Mobile APKs	Build Android TV & Mobile APKs	2026-09-06T05:33:48.0062505Z e: file:///home/runner/work/tvmime/tvmime/tvApp/src/main/java/com/tvmime/tv/sv_ui/screens/settings/SettingsStateBindings.kt:147:75 Cannot infer a type for this parameter. Please specify it explicitly.
Compile TV & Mobile APKs	Build Android TV & Mobile APKs	2026-09-06T05:33:48.0063274Z e: file:///home/runner/work/tvmime/tvmime/tvApp/src/main/java/com/tvmime/tv/sv_ui/screens/settings/SettingsStateBindings.kt:149:37 Unresolved reference: playerAudioOutputPreference
Compile TV & Mobile APKs	Build Android TV & Mobile APKs	2026-09-06T05:33:48.0064282Z e: file:///home/runner/work/tvmime/tvmime/tvApp/src/main/java/com/tvmime/tv/sv_ui/screens/settings/SettingsStateBindings.kt:149:68 Cannot infer a type for this parameter. Please specify it explicitly.
Compile TV & Mobile APKs	Build Android TV & Mobile APKs	2026-09-06T05:33:48.0065112Z e: file:///home/runner/work/tvmime/tvmime/tvApp/src/main/java/com/tvmime/tv/sv_ui/screens/settings/SettingsStateBindings.kt:149:78 Cannot infer a type for this parameter. Please specify it explicitly.
Compile TV & Mobile APKs	Build Android TV & Mobile APKs	2026-09-06T05:33:48.0065908Z e: file:///home/runner/work/tvmime/tvmime/tvApp/src/main/java/com/tvmime/tv/sv_ui/screens/settings/SettingsStateBindings.kt:151:37 Unresolved reference: playerCompatibilityMemoryEnabled
Compile TV & Mobile APKs	Build Android TV & Mobile APKs	2026-09-06T05:33:48.0066734Z e: file:///home/runner/work/tvmime/tvmime/tvApp/src/main/java/com/tvmime/tv/sv_ui/screens/settings/SettingsStateBindings.kt:151:73 Cannot infer a type for this parameter. Please specify it explicitly.
Compile TV & Mobile APKs	Build Android TV & Mobile APKs	2026-09-06T05:33:48.0067567Z e: file:///home/runner/work/tvmime/tvmime/tvApp/src/main/java/com/tvmime/tv/sv_ui/screens/settings/SettingsStateBindings.kt:151:83 Cannot infer a type for this parameter. Please specify it explicitly.
Compile TV & Mobile APKs	Build Android TV & Mobile APKs	2026-09-06T05:33:48.0068391Z e: file:///home/runner/work/tvmime/tvmime/tvApp/src/main/java/com/tvmime/tv/sv_ui/screens/settings/SettingsStateBindings.kt:153:58 Cannot infer a type for this parameter. Please specify it explicitly.
Compile TV & Mobile APKs	Build Android TV & Mobile APKs	2026-09-06T05:33:48.0069219Z e: file:///home/runner/work/tvmime/tvmime/tvApp/src/main/java/com/tvmime/tv/sv_ui/screens/settings/SettingsStateBindings.kt:153:68 Cannot infer a type for this parameter. Please specify it explicitly.
Compile TV & Mobile APKs	Build Android TV & Mobile APKs	2026-09-06T05:33:48.0070198Z e: file:///home/runner/work/tvmime/tvmime/tvApp/src/main/java/com/tvmime/tv/sv_ui/screens/settings/SettingsStateBindings.kt:155:66 Cannot infer a type for this parameter. Please specify it explicitly.
Compile TV & Mobile APKs	Build Android TV & Mobile APKs	2026-09-06T05:33:48.0071027Z e: file:///home/runner/work/tvmime/tvmime/tvApp/src/main/java/com/tvmime/tv/sv_ui/screens/settings/SettingsStateBindings.kt:155:76 Cannot infer a type for this parameter. Please specify it explicitly.
Compile TV & Mobile APKs	Build Android TV & Mobile APKs	2026-09-06T05:33:48.0071856Z e: file:///home/runner/work/tvmime/tvmime/tvApp/src/main/java/com/tvmime/tv/sv_ui/screens/settings/SettingsStateBindings.kt:157:60 Cannot infer a type for this parameter. Please specify it explicitly.
Compile TV & Mobile APKs	Build Android TV & Mobile APKs	2026-09-06T05:33:48.0072678Z e: file:///home/runner/work/tvmime/tvmime/tvApp/src/main/java/com/tvmime/tv/sv_ui/screens/settings/SettingsStateBindings.kt:157:70 Cannot infer a type for this parameter. Please specify it explicitly.
Compile TV & Mobile APKs	Build Android TV & Mobile APKs	2026-09-06T05:33:48.0073494Z e: file:///home/runner/work/tvmime/tvmime/tvApp/src/main/java/com/tvmime/tv/sv_ui/screens/settings/SettingsStateBindings.kt:159:67 Cannot infer a type for this parameter. Please specify it explicitly.
Compile TV & Mobile APKs	Build Android TV & Mobile APKs	2026-09-06T05:33:48.0074323Z e: file:///home/runner/work/tvmime/tvmime/tvApp/src/main/java/com/tvmime/tv/sv_ui/screens/settings/SettingsStateBindings.kt:159:77 Cannot infer a type for this parameter. Please specify it explicitly.
Compile TV & Mobile APKs	Build Android TV & Mobile APKs	2026-09-06T05:33:48.0075095Z e: file:///home/runner/work/tvmime/tvmime/tvApp/src/main/java/com/tvmime/tv/sv_ui/screens/settings/SettingsStateBindings.kt:161:37 Unresolved reference: playerAudioVideoSyncEnabled
Compile TV & Mobile APKs	Build Android TV & Mobile APKs	2026-09-06T05:33:48.0076080Z e: file:///home/runner/work/tvmime/tvmime/tvApp/src/main/java/com/tvmime/tv/sv_ui/screens/settings/SettingsStateBindings.kt:161:68 Cannot infer a type for this parameter. Please specify it explicitly.
Compile TV & Mobile APKs	Build Android TV & Mobile APKs	2026-09-06T05:33:48.0076905Z e: file:///home/runner/work/tvmime/tvmime/tvApp/src/main/java/com/tvmime/tv/sv_ui/screens/settings/SettingsStateBindings.kt:161:78 Cannot infer a type for this parameter. Please specify it explicitly.
Compile TV & Mobile APKs	Build Android TV & Mobile APKs	2026-09-06T05:33:48.0078015Z e: file:///home/runner/work/tvmime/tvmime/tvApp/src/main/java/com/tvmime/tv/sv_ui/screens/settings/SettingsStateBindings.kt:163:37 Unresolved reference: playerAudioVideoOffsetMs
Compile TV & Mobile APKs	Build Android TV & Mobile APKs	2026-09-06T05:33:48.0078840Z e: file:///home/runner/work/tvmime/tvmime/tvApp/src/main/java/com/tvmime/tv/sv_ui/screens/settings/SettingsStateBindings.kt:163:65 Cannot infer a type for this parameter. Please specify it explicitly.
Compile TV & Mobile APKs	Build Android TV & Mobile APKs	2026-09-06T05:33:48.0079965Z e: file:///home/runner/work/tvmime/tvmime/tvApp/src/main/java/com/tvmime/tv/sv_ui/screens/settings/SettingsStateBindings.kt:163:75 Cannot infer a type for this parameter. Please specify it explicitly.
Compile TV & Mobile APKs	Build Android TV & Mobile APKs	2026-09-06T05:33:48.0080724Z e: file:///home/runner/work/tvmime/tvmime/tvApp/src/main/java/com/tvmime/tv/sv_ui/screens/settings/SettingsStateBindings.kt:165:37 Unresolved reference: multiViewCenterTwoSlotLayout
Compile TV & Mobile APKs	Build Android TV & Mobile APKs	2026-09-06T05:33:48.0081551Z e: file:///home/runner/work/tvmime/tvmime/tvApp/src/main/java/com/tvmime/tv/sv_ui/screens/settings/SettingsStateBindings.kt:165:69 Cannot infer a type for this parameter. Please specify it explicitly.
Compile TV & Mobile APKs	Build Android TV & Mobile APKs	2026-09-06T05:33:48.0082389Z e: file:///home/runner/work/tvmime/tvmime/tvApp/src/main/java/com/tvmime/tv/sv_ui/screens/settings/SettingsStateBindings.kt:165:79 Cannot infer a type for this parameter. Please specify it explicitly.
Compile TV & Mobile APKs	Build Android TV & Mobile APKs	2026-09-06T05:33:48.0083205Z e: file:///home/runner/work/tvmime/tvmime/tvApp/src/main/java/com/tvmime/tv/sv_ui/screens/settings/SettingsStateBindings.kt:167:37 Unresolved reference: multiViewRespectProviderConnectionLimit
Compile TV & Mobile APKs	Build Android TV & Mobile APKs	2026-09-06T05:33:48.0084043Z e: file:///home/runner/work/tvmime/tvmime/tvApp/src/main/java/com/tvmime/tv/sv_ui/screens/settings/SettingsStateBindings.kt:167:80 Cannot infer a type for this parameter. Please specify it explicitly.
Compile TV & Mobile APKs	Build Android TV & Mobile APKs	2026-09-06T05:33:48.0084863Z e: file:///home/runner/work/tvmime/tvmime/tvApp/src/main/java/com/tvmime/tv/sv_ui/screens/settings/SettingsStateBindings.kt:167:90 Cannot infer a type for this parameter. Please specify it explicitly.
Compile TV & Mobile APKs	Build Android TV & Mobile APKs	2026-09-06T05:33:48.0085678Z e: file:///home/runner/work/tvmime/tvmime/tvApp/src/main/java/com/tvmime/tv/sv_ui/screens/settings/SettingsStateBindings.kt:169:69 Cannot infer a type for this parameter. Please specify it explicitly.
Compile TV & Mobile APKs	Build Android TV & Mobile APKs	2026-09-06T05:33:48.0086497Z e: file:///home/runner/work/tvmime/tvmime/tvApp/src/main/java/com/tvmime/tv/sv_ui/screens/settings/SettingsStateBindings.kt:169:79 Cannot infer a type for this parameter. Please specify it explicitly.
Compile TV & Mobile APKs	Build Android TV & Mobile APKs	2026-09-06T05:33:48.0087329Z e: file:///home/runner/work/tvmime/tvmime/tvApp/src/main/java/com/tvmime/tv/sv_ui/screens/settings/SettingsStateBindings.kt:171:72 Cannot infer a type for this parameter. Please specify it explicitly.
Compile TV & Mobile APKs	Build Android TV & Mobile APKs	2026-09-06T05:33:48.0088146Z e: file:///home/runner/work/tvmime/tvmime/tvApp/src/main/java/com/tvmime/tv/sv_ui/screens/settings/SettingsStateBindings.kt:171:82 Cannot infer a type for this parameter. Please specify it explicitly.
Compile TV & Mobile APKs	Build Android TV & Mobile APKs	2026-09-06T05:33:48.0088970Z e: file:///home/runner/work/tvmime/tvmime/tvApp/src/main/java/com/tvmime/tv/sv_ui/screens/settings/SettingsStateBindings.kt:173:67 Cannot infer a type for this parameter. Please specify it explicitly.
Compile TV & Mobile APKs	Build Android TV & Mobile APKs	2026-09-06T05:33:48.0089936Z e: file:///home/runner/work/tvmime/tvmime/tvApp/src/main/java/com/tvmime/tv/sv_ui/screens/settings/SettingsStateBindings.kt:173:77 Cannot infer a type for this parameter. Please specify it explicitly.
Compile TV & Mobile APKs	Build Android TV & Mobile APKs	2026-09-06T05:33:48.0090762Z e: file:///home/runner/work/tvmime/tvmime/tvApp/src/main/java/com/tvmime/tv/sv_ui/screens/settings/SettingsStateBindings.kt:175:72 Cannot infer a type for this parameter. Please specify it explicitly.
Compile TV & Mobile APKs	Build Android TV & Mobile APKs	2026-09-06T05:33:48.0091768Z e: file:///home/runner/work/tvmime/tvmime/tvApp/src/main/java/com/tvmime/tv/sv_ui/screens/settings/SettingsStateBindings.kt:175:82 Cannot infer a type for this parameter. Please specify it explicitly.
Compile TV & Mobile APKs	Build Android TV & Mobile APKs	2026-09-06T05:33:48.0092602Z e: file:///home/runner/work/tvmime/tvmime/tvApp/src/main/java/com/tvmime/tv/sv_ui/screens/settings/SettingsStateBindings.kt:177:64 Cannot infer a type for this parameter. Please specify it explicitly.
Compile TV & Mobile APKs	Build Android TV & Mobile APKs	2026-09-06T05:33:48.0093418Z e: file:///home/runner/work/tvmime/tvmime/tvApp/src/main/java/com/tvmime/tv/sv_ui/screens/settings/SettingsStateBindings.kt:177:74 Cannot infer a type for this parameter. Please specify it explicitly.
Compile TV & Mobile APKs	Build Android TV & Mobile APKs	2026-09-06T05:33:48.0094235Z e: file:///home/runner/work/tvmime/tvmime/tvApp/src/main/java/com/tvmime/tv/sv_ui/screens/settings/SettingsStateBindings.kt:179:64 Cannot infer a type for this parameter. Please specify it explicitly.
Compile TV & Mobile APKs	Build Android TV & Mobile APKs	2026-09-06T05:33:48.0095203Z e: file:///home/runner/work/tvmime/tvmime/tvApp/src/main/java/com/tvmime/tv/sv_ui/screens/settings/SettingsStateBindings.kt:179:74 Cannot infer a type for this parameter. Please specify it explicitly.
Compile TV & Mobile APKs	Build Android TV & Mobile APKs	2026-09-06T05:33:48.0096023Z e: file:///home/runner/work/tvmime/tvmime/tvApp/src/main/java/com/tvmime/tv/sv_ui/screens/settings/SettingsStateBindings.kt:181:70 Cannot infer a type for this parameter. Please specify it explicitly.
Compile TV & Mobile APKs	Build Android TV & Mobile APKs	2026-09-06T05:33:48.0096844Z e: file:///home/runner/work/tvmime/tvmime/tvApp/src/main/java/com/tvmime/tv/sv_ui/screens/settings/SettingsStateBindings.kt:181:80 Cannot infer a type for this parameter. Please specify it explicitly.
Compile TV & Mobile APKs	Build Android TV & Mobile APKs	2026-09-06T05:33:48.0097662Z e: file:///home/runner/work/tvmime/tvmime/tvApp/src/main/java/com/tvmime/tv/sv_ui/screens/settings/SettingsStateBindings.kt:183:69 Cannot infer a type for this parameter. Please specify it explicitly.
Compile TV & Mobile APKs	Build Android TV & Mobile APKs	2026-09-06T05:33:48.0098484Z e: file:///home/runner/work/tvmime/tvmime/tvApp/src/main/java/com/tvmime/tv/sv_ui/screens/settings/SettingsStateBindings.kt:183:79 Cannot infer a type for this parameter. Please specify it explicitly.
Compile TV & Mobile APKs	Build Android TV & Mobile APKs	2026-09-06T05:33:48.0099330Z e: file:///home/runner/work/tvmime/tvmime/tvApp/src/main/java/com/tvmime/tv/sv_ui/screens/settings/SettingsStateBindings.kt:185:70 Cannot infer a type for this parameter. Please specify it explicitly.
Compile TV & Mobile APKs	Build Android TV & Mobile APKs	2026-09-06T05:33:48.0100306Z e: file:///home/runner/work/tvmime/tvmime/tvApp/src/main/java/com/tvmime/tv/sv_ui/screens/settings/SettingsStateBindings.kt:185:80 Cannot infer a type for this parameter. Please specify it explicitly.
Compile TV & Mobile APKs	Build Android TV & Mobile APKs	2026-09-06T05:33:48.0101131Z e: file:///home/runner/work/tvmime/tvmime/tvApp/src/main/java/com/tvmime/tv/sv_ui/screens/settings/SettingsStateBindings.kt:187:65 Cannot infer a type for this parameter. Please specify it explicitly.
Compile TV & Mobile APKs	Build Android TV & Mobile APKs	2026-09-06T05:33:48.0101951Z e: file:///home/runner/work/tvmime/tvmime/tvApp/src/main/java/com/tvmime/tv/sv_ui/screens/settings/SettingsStateBindings.kt:187:75 Cannot infer a type for this parameter. Please specify it explicitly.
Compile TV & Mobile APKs	Build Android TV & Mobile APKs	2026-09-06T05:33:48.0102774Z e: file:///home/runner/work/tvmime/tvmime/tvApp/src/main/java/com/tvmime/tv/sv_ui/screens/settings/SettingsStateBindings.kt:189:69 Cannot infer a type for this parameter. Please specify it explicitly.
Compile TV & Mobile APKs	Build Android TV & Mobile APKs	2026-09-06T05:33:48.0103593Z e: file:///home/runner/work/tvmime/tvmime/tvApp/src/main/java/com/tvmime/tv/sv_ui/screens/settings/SettingsStateBindings.kt:189:79 Cannot infer a type for this parameter. Please specify it explicitly.
Compile TV & Mobile APKs	Build Android TV & Mobile APKs	2026-09-06T05:33:48.0104413Z e: file:///home/runner/work/tvmime/tvmime/tvApp/src/main/java/com/tvmime/tv/sv_ui/screens/settings/SettingsStateBindings.kt:191:63 Cannot infer a type for this parameter. Please specify it explicitly.
Compile TV & Mobile APKs	Build Android TV & Mobile APKs	2026-09-06T05:33:48.0105229Z e: file:///home/runner/work/tvmime/tvmime/tvApp/src/main/java/com/tvmime/tv/sv_ui/screens/settings/SettingsStateBindings.kt:191:73 Cannot infer a type for this parameter. Please specify it explicitly.
Compile TV & Mobile APKs	Build Android TV & Mobile APKs	2026-09-06T05:33:48.0106238Z e: file:///home/runner/work/tvmime/tvmime/tvApp/src/main/java/com/tvmime/tv/sv_ui/screens/settings/SettingsStateBindings.kt:193:68 Cannot infer a type for this parameter. Please specify it explicitly.
Compile TV & Mobile APKs	Build Android TV & Mobile APKs	2026-09-06T05:33:48.0107059Z e: file:///home/runner/work/tvmime/tvmime/tvApp/src/main/java/com/tvmime/tv/sv_ui/screens/settings/SettingsStateBindings.kt:193:78 Cannot infer a type for this parameter. Please specify it explicitly.
Compile TV & Mobile APKs	Build Android TV & Mobile APKs	2026-09-06T05:33:48.0107943Z e: file:///home/runner/work/tvmime/tvmime/tvApp/src/main/java/com/tvmime/tv/sv_ui/screens/settings/SettingsStateBindings.kt:195:63 Cannot infer a type for this parameter. Please specify it explicitly.
Compile TV & Mobile APKs	Build Android TV & Mobile APKs	2026-09-06T05:33:48.0108825Z e: file:///home/runner/work/tvmime/tvmime/tvApp/src/main/java/com/tvmime/tv/sv_ui/screens/settings/SettingsStateBindings.kt:195:73 Cannot infer a type for this parameter. Please specify it explicitly.
Compile TV & Mobile APKs	Build Android TV & Mobile APKs	2026-09-06T05:33:48.0109655Z e: file:///home/runner/work/tvmime/tvmime/tvApp/src/main/java/com/tvmime/tv/sv_ui/screens/settings/SettingsStateBindings.kt:197:37 Unresolved reference: defaultStopPlaybackTimerMinutes
Compile TV & Mobile APKs	Build Android TV & Mobile APKs	2026-09-06T05:33:48.0110918Z e: file:///home/runner/work/tvmime/tvmime/tvApp/src/main/java/com/tvmime/tv/sv_ui/screens/settings/SettingsStateBindings.kt:197:72 Cannot infer a type for this parameter. Please specify it explicitly.
Compile TV & Mobile APKs	Build Android TV & Mobile APKs	2026-09-06T05:33:48.0112019Z e: file:///home/runner/work/tvmime/tvmime/tvApp/src/main/java/com/tvmime/tv/sv_ui/screens/settings/SettingsStateBindings.kt:197:82 Cannot infer a type for this parameter. Please specify it explicitly.
Compile TV & Mobile APKs	Build Android TV & Mobile APKs	2026-09-06T05:33:48.0112853Z e: file:///home/runner/work/tvmime/tvmime/tvApp/src/main/java/com/tvmime/tv/sv_ui/screens/settings/SettingsStateBindings.kt:199:37 Unresolved reference: defaultIdleStandbyTimerMinutes
Compile TV & Mobile APKs	Build Android TV & Mobile APKs	2026-09-06T05:33:48.0113781Z e: file:///home/runner/work/tvmime/tvmime/tvApp/src/main/java/com/tvmime/tv/sv_ui/screens/settings/SettingsStateBindings.kt:199:71 Cannot infer a type for this parameter. Please specify it explicitly.
Compile TV & Mobile APKs	Build Android TV & Mobile APKs	2026-09-06T05:33:48.0114706Z e: file:///home/runner/work/tvmime/tvmime/tvApp/src/main/java/com/tvmime/tv/sv_ui/screens/settings/SettingsStateBindings.kt:199:81 Cannot infer a type for this parameter. Please specify it explicitly.
Compile TV & Mobile APKs	Build Android TV & Mobile APKs	2026-09-06T05:33:48.0115582Z e: file:///home/runner/work/tvmime/tvmime/tvApp/src/main/java/com/tvmime/tv/sv_ui/screens/settings/SettingsStateBindings.kt:201:37 Unresolved reference: lastSpeedTestMegabits
Compile TV & Mobile APKs	Build Android TV & Mobile APKs	2026-09-06T05:33:48.0116609Z e: file:///home/runner/work/tvmime/tvmime/tvApp/src/main/java/com/tvmime/tv/sv_ui/screens/settings/SettingsStateBindings.kt:201:62 Cannot infer a type for this parameter. Please specify it explicitly.
Compile TV & Mobile APKs	Build Android TV & Mobile APKs	2026-09-06T05:33:48.0117599Z e: file:///home/runner/work/tvmime/tvmime/tvApp/src/main/java/com/tvmime/tv/sv_ui/screens/settings/SettingsStateBindings.kt:201:72 Cannot infer a type for this parameter. Please specify it explicitly.
Compile TV & Mobile APKs	Build Android TV & Mobile APKs	2026-09-06T05:33:48.0118492Z e: file:///home/runner/work/tvmime/tvmime/tvApp/src/main/java/com/tvmime/tv/sv_ui/screens/settings/SettingsStateBindings.kt:203:37 Unresolved reference: lastSpeedTestTimestamp
Compile TV & Mobile APKs	Build Android TV & Mobile APKs	2026-09-06T05:33:48.0119434Z e: file:///home/runner/work/tvmime/tvmime/tvApp/src/main/java/com/tvmime/tv/sv_ui/screens/settings/SettingsStateBindings.kt:203:63 Cannot infer a type for this parameter. Please specify it explicitly.
Compile TV & Mobile APKs	Build Android TV & Mobile APKs	2026-09-06T05:33:48.0120677Z e: file:///home/runner/work/tvmime/tvmime/tvApp/src/main/java/com/tvmime/tv/sv_ui/screens/settings/SettingsStateBindings.kt:203:73 Cannot infer a type for this parameter. Please specify it explicitly.
Compile TV & Mobile APKs	Build Android TV & Mobile APKs	2026-09-06T05:33:48.0121435Z e: file:///home/runner/work/tvmime/tvmime/tvApp/src/main/java/com/tvmime/tv/sv_ui/screens/settings/SettingsStateBindings.kt:205:37 Unresolved reference: lastSpeedTestTransport
Compile TV & Mobile APKs	Build Android TV & Mobile APKs	2026-09-06T05:33:48.0122334Z e: file:///home/runner/work/tvmime/tvmime/tvApp/src/main/java/com/tvmime/tv/sv_ui/screens/settings/SettingsStateBindings.kt:205:63 Cannot infer a type for this parameter. Please specify it explicitly.
Compile TV & Mobile APKs	Build Android TV & Mobile APKs	2026-09-06T05:33:48.0124600Z e: file:///home/runner/work/tvmime/tvmime/tvApp/src/main/java/com/tvmime/tv/sv_ui/screens/settings/SettingsStateBindings.kt:205:73 Cannot infer a type for this parameter. Please specify it explicitly.
Compile TV & Mobile APKs	Build Android TV & Mobile APKs	2026-09-06T05:33:48.0125804Z e: file:///home/runner/work/tvmime/tvmime/tvApp/src/main/java/com/tvmime/tv/sv_ui/screens/settings/SettingsStateBindings.kt:207:37 Unresolved reference: lastSpeedTestRecommendedHeight
Compile TV & Mobile APKs	Build Android TV & Mobile APKs	2026-09-06T05:33:48.0126684Z e: file:///home/runner/work/tvmime/tvmime/tvApp/src/main/java/com/tvmime/tv/sv_ui/screens/settings/SettingsStateBindings.kt:207:71 Cannot infer a type for this parameter. Please specify it explicitly.
Compile TV & Mobile APKs	Build Android TV & Mobile APKs	2026-09-06T05:33:48.0127737Z e: file:///home/runner/work/tvmime/tvmime/tvApp/src/main/java/com/tvmime/tv/sv_ui/screens/settings/SettingsStateBindings.kt:207:81 Cannot infer a type for this parameter. Please specify it explicitly.
Compile TV & Mobile APKs	Build Android TV & Mobile APKs	2026-09-06T05:33:48.0128595Z e: file:///home/runner/work/tvmime/tvmime/tvApp/src/main/java/com/tvmime/tv/sv_ui/screens/settings/SettingsStateBindings.kt:209:37 Unresolved reference: lastSpeedTestEstimated
Compile TV & Mobile APKs	Build Android TV & Mobile APKs	2026-09-06T05:33:48.0129996Z e: file:///home/runner/work/tvmime/tvmime/tvApp/src/main/java/com/tvmime/tv/sv_ui/screens/settings/SettingsStateBindings.kt:209:63 Cannot infer a type for this parameter. Please specify it explicitly.
Compile TV & Mobile APKs	Build Android TV & Mobile APKs	2026-09-06T05:33:48.0130970Z e: file:///home/runner/work/tvmime/tvmime/tvApp/src/main/java/com/tvmime/tv/sv_ui/screens/settings/SettingsStateBindings.kt:209:73 Cannot infer a type for this parameter. Please specify it explicitly.
Compile TV & Mobile APKs	Build Android TV & Mobile APKs	2026-09-06T05:33:48.0131894Z e: file:///home/runner/work/tvmime/tvmime/tvApp/src/main/java/com/tvmime/tv/sv_ui/screens/settings/SettingsStateBindings.kt:211:37 Unresolved reference: isIncognitoMode
Compile TV & Mobile APKs	Build Android TV & Mobile APKs	2026-09-06T05:33:48.0132809Z e: file:///home/runner/work/tvmime/tvmime/tvApp/src/main/java/com/tvmime/tv/sv_ui/screens/settings/SettingsStateBindings.kt:211:56 Cannot infer a type for this parameter. Please specify it explicitly.
Compile TV & Mobile APKs	Build Android TV & Mobile APKs	2026-09-06T05:33:48.0133702Z e: file:///home/runner/work/tvmime/tvmime/tvApp/src/main/java/com/tvmime/tv/sv_ui/screens/settings/SettingsStateBindings.kt:211:66 Cannot infer a type for this parameter. Please specify it explicitly.
Compile TV & Mobile APKs	Build Android TV & Mobile APKs	2026-09-06T05:33:48.0134563Z e: file:///home/runner/work/tvmime/tvmime/tvApp/src/main/java/com/tvmime/tv/sv_ui/screens/settings/SettingsStateBindings.kt:213:37 Unresolved reference: useXtreamTextClassification
Compile TV & Mobile APKs	Build Android TV & Mobile APKs	2026-09-06T05:33:48.0135469Z e: file:///home/runner/work/tvmime/tvmime/tvApp/src/main/java/com/tvmime/tv/sv_ui/screens/settings/SettingsStateBindings.kt:213:68 Cannot infer a type for this parameter. Please specify it explicitly.
Compile TV & Mobile APKs	Build Android TV & Mobile APKs	2026-09-06T05:33:48.0136424Z e: file:///home/runner/work/tvmime/tvmime/tvApp/src/main/java/com/tvmime/tv/sv_ui/screens/settings/SettingsStateBindings.kt:213:78 Cannot infer a type for this parameter. Please specify it explicitly.
Compile TV & Mobile APKs	Build Android TV & Mobile APKs	2026-09-06T05:33:48.0137296Z e: file:///home/runner/work/tvmime/tvmime/tvApp/src/main/java/com/tvmime/tv/sv_ui/screens/settings/SettingsStateBindings.kt:215:37 Unresolved reference: xtreamBase64TextCompatibility
Compile TV & Mobile APKs	Build Android TV & Mobile APKs	2026-09-06T05:33:48.0138250Z e: file:///home/runner/work/tvmime/tvmime/tvApp/src/main/java/com/tvmime/tv/sv_ui/screens/settings/SettingsStateBindings.kt:215:70 Cannot infer a type for this parameter. Please specify it explicitly.
Compile TV & Mobile APKs	Build Android TV & Mobile APKs	2026-09-06T05:33:48.0139246Z e: file:///home/runner/work/tvmime/tvmime/tvApp/src/main/java/com/tvmime/tv/sv_ui/screens/settings/SettingsStateBindings.kt:215:80 Cannot infer a type for this parameter. Please specify it explicitly.
Compile TV & Mobile APKs	Build Android TV & Mobile APKs	2026-09-06T05:33:48.0140332Z e: file:///home/runner/work/tvmime/tvmime/tvApp/src/main/java/com/tvmime/tv/sv_ui/screens/settings/SettingsStateBindings.kt:217:37 Unresolved reference: liveTvChannelMode
Compile TV & Mobile APKs	Build Android TV & Mobile APKs	2026-09-06T05:33:48.0141393Z e: file:///home/runner/work/tvmime/tvmime/tvApp/src/main/java/com/tvmime/tv/sv_ui/screens/settings/SettingsStateBindings.kt:217:58 Cannot infer a type for this parameter. Please specify it explicitly.
Compile TV & Mobile APKs	Build Android TV & Mobile APKs	2026-09-06T05:33:48.0142360Z e: file:///home/runner/work/tvmime/tvmime/tvApp/src/main/java/com/tvmime/tv/sv_ui/screens/settings/SettingsStateBindings.kt:217:68 Cannot infer a type for this parameter. Please specify it explicitly.
Compile TV & Mobile APKs	Build Android TV & Mobile APKs	2026-09-06T05:33:48.0143534Z e: file:///home/runner/work/tvmime/tvmime/tvApp/src/main/java/com/tvmime/tv/sv_ui/screens/settings/SettingsStateBindings.kt:219:37 Unresolved reference: showLiveSourceSwitcher
Compile TV & Mobile APKs	Build Android TV & Mobile APKs	2026-09-06T05:33:48.0144526Z e: file:///home/runner/work/tvmime/tvmime/tvApp/src/main/java/com/tvmime/tv/sv_ui/screens/settings/SettingsStateBindings.kt:219:63 Cannot infer a type for this parameter. Please specify it explicitly.
Compile TV & Mobile APKs	Build Android TV & Mobile APKs	2026-09-06T05:33:48.0145280Z e: file:///home/runner/work/tvmime/tvmime/tvApp/src/main/java/com/tvmime/tv/sv_ui/screens/settings/SettingsStateBindings.kt:219:73 Cannot infer a type for this parameter. Please specify it explicitly.
Compile TV & Mobile APKs	Build Android TV & Mobile APKs	2026-09-06T05:33:48.0146133Z e: file:///home/runner/work/tvmime/tvmime/tvApp/src/main/java/com/tvmime/tv/sv_ui/screens/settings/SettingsStateBindings.kt:221:62 Cannot infer a type for this parameter. Please specify it explicitly.
Compile TV & Mobile APKs	Build Android TV & Mobile APKs	2026-09-06T05:33:48.0147130Z e: file:///home/runner/work/tvmime/tvmime/tvApp/src/main/java/com/tvmime/tv/sv_ui/screens/settings/SettingsStateBindings.kt:221:72 Cannot infer a type for this parameter. Please specify it explicitly.
Compile TV & Mobile APKs	Build Android TV & Mobile APKs	2026-09-06T05:33:48.0148344Z e: file:///home/runner/work/tvmime/tvmime/tvApp/src/main/java/com/tvmime/tv/sv_ui/screens/settings/SettingsStateBindings.kt:223:37 Unresolved reference: showAllChannelsCategory
Compile TV & Mobile APKs	Build Android TV & Mobile APKs	2026-09-06T05:33:48.0149044Z e: file:///home/runner/work/tvmime/tvmime/tvApp/src/main/java/com/tvmime/tv/sv_ui/screens/settings/SettingsStateBindings.kt:223:64 Cannot infer a type for this parameter. Please specify it explicitly.
Compile TV & Mobile APKs	Build Android TV & Mobile APKs	2026-09-06T05:33:48.0149908Z e: file:///home/runner/work/tvmime/tvmime/tvApp/src/main/java/com/tvmime/tv/sv_ui/screens/settings/SettingsStateBindings.kt:223:74 Cannot infer a type for this parameter. Please specify it explicitly.
Compile TV & Mobile APKs	Build Android TV & Mobile APKs	2026-09-06T05:33:48.0150582Z e: file:///home/runner/work/tvmime/tvmime/tvApp/src/main/java/com/tvmime/tv/sv_ui/screens/settings/SettingsStateBindings.kt:225:37 Unresolved reference: showRecentChannelsCategory
Compile TV & Mobile APKs	Build Android TV & Mobile APKs	2026-09-06T05:33:48.0151441Z e: file:///home/runner/work/tvmime/tvmime/tvApp/src/main/java/com/tvmime/tv/sv_ui/screens/settings/SettingsStateBindings.kt:225:67 Cannot infer a type for this parameter. Please specify it explicitly.
Compile TV & Mobile APKs	Build Android TV & Mobile APKs	2026-09-06T05:33:48.0152506Z e: file:///home/runner/work/tvmime/tvmime/tvApp/src/main/java/com/tvmime/tv/sv_ui/screens/settings/SettingsStateBindings.kt:225:77 Cannot infer a type for this parameter. Please specify it explicitly.
Compile TV & Mobile APKs	Build Android TV & Mobile APKs	2026-09-06T05:33:48.0153363Z e: file:///home/runner/work/tvmime/tvmime/tvApp/src/main/java/com/tvmime/tv/sv_ui/screens/settings/SettingsStateBindings.kt:227:66 Cannot infer a type for this parameter. Please specify it explicitly.
Compile TV & Mobile APKs	Build Android TV & Mobile APKs	2026-09-06T05:33:48.0154254Z e: file:///home/runner/work/tvmime/tvmime/tvApp/src/main/java/com/tvmime/tv/sv_ui/screens/settings/SettingsStateBindings.kt:227:76 Cannot infer a type for this parameter. Please specify it explicitly.
Compile TV & Mobile APKs	Build Android TV & Mobile APKs	2026-09-06T05:33:48.0155053Z e: file:///home/runner/work/tvmime/tvmime/tvApp/src/main/java/com/tvmime/tv/sv_ui/screens/settings/SettingsStateBindings.kt:229:37 Unresolved reference: liveTvCategoryFilters
Compile TV & Mobile APKs	Build Android TV & Mobile APKs	2026-09-06T05:33:48.0155992Z e: file:///home/runner/work/tvmime/tvmime/tvApp/src/main/java/com/tvmime/tv/sv_ui/screens/settings/SettingsStateBindings.kt:229:62 Cannot infer a type for this parameter. Please specify it explicitly.
Compile TV & Mobile APKs	Build Android TV & Mobile APKs	2026-09-06T05:33:48.0157020Z e: file:///home/runner/work/tvmime/tvmime/tvApp/src/main/java/com/tvmime/tv/sv_ui/screens/settings/SettingsStateBindings.kt:229:72 Cannot infer a type for this parameter. Please specify it explicitly.
Compile TV & Mobile APKs	Build Android TV & Mobile APKs	2026-09-06T05:33:48.0180604Z e: file:///home/runner/work/tvmime/tvmime/tvApp/src/main/java/com/tvmime/tv/sv_ui/screens/settings/SettingsStateBindings.kt:231:37 Unresolved reference: liveTvQuickFilterVisibility
Compile TV & Mobile APKs	Build Android TV & Mobile APKs	2026-09-06T05:33:48.0181715Z e: file:///home/runner/work/tvmime/tvmime/tvApp/src/main/java/com/tvmime/tv/sv_ui/screens/settings/SettingsStateBindings.kt:231:68 Cannot infer a type for this parameter. Please specify it explicitly.
Compile TV & Mobile APKs	Build Android TV & Mobile APKs	2026-09-06T05:33:48.0182793Z e: file:///home/runner/work/tvmime/tvmime/tvApp/src/main/java/com/tvmime/tv/sv_ui/screens/settings/SettingsStateBindings.kt:231:78 Cannot infer a type for this parameter. Please specify it explicitly.
Compile TV & Mobile APKs	Build Android TV & Mobile APKs	2026-09-06T05:33:48.0183963Z e: file:///home/runner/work/tvmime/tvmime/tvApp/src/main/java/com/tvmime/tv/sv_ui/screens/settings/SettingsStateBindings.kt:235:37 Unresolved reference: hideDecorativeLiveRows
Compile TV & Mobile APKs	Build Android TV & Mobile APKs	2026-09-06T05:33:48.0184973Z e: file:///home/runner/work/tvmime/tvmime/tvApp/src/main/java/com/tvmime/tv/sv_ui/screens/settings/SettingsStateBindings.kt:235:63 Cannot infer a type for this parameter. Please specify it explicitly.
Compile TV & Mobile APKs	Build Android TV & Mobile APKs	2026-09-06T05:33:48.0186044Z e: file:///home/runner/work/tvmime/tvmime/tvApp/src/main/java/com/tvmime/tv/sv_ui/screens/settings/SettingsStateBindings.kt:235:73 Cannot infer a type for this parameter. Please specify it explicitly.
Compile TV & Mobile APKs	Build Android TV & Mobile APKs	2026-09-06T05:33:48.0186956Z e: file:///home/runner/work/tvmime/tvmime/tvApp/src/main/java/com/tvmime/tv/sv_ui/screens/settings/SettingsStateBindings.kt:237:37 Unresolved reference: liveChannelNumberingMode
Compile TV & Mobile APKs	Build Android TV & Mobile APKs	2026-09-06T05:33:48.0188203Z e: file:///home/runner/work/tvmime/tvmime/tvApp/src/main/java/com/tvmime/tv/sv_ui/screens/settings/SettingsStateBindings.kt:237:65 Cannot infer a type for this parameter. Please specify it explicitly.
Compile TV & Mobile APKs	Build Android TV & Mobile APKs	2026-09-06T05:33:48.0189176Z e: file:///home/runner/work/tvmime/tvmime/tvApp/src/main/java/com/tvmime/tv/sv_ui/screens/settings/SettingsStateBindings.kt:237:75 Cannot infer a type for this parameter. Please specify it explicitly.
Compile TV & Mobile APKs	Build Android TV & Mobile APKs	2026-09-06T05:33:48.0190309Z e: file:///home/runner/work/tvmime/tvmime/tvApp/src/main/java/com/tvmime/tv/sv_ui/screens/settings/SettingsStateBindings.kt:239:37 Unresolved reference: liveChannelGroupingMode
Compile TV & Mobile APKs	Build Android TV & Mobile APKs	2026-09-06T05:33:48.0191356Z e: file:///home/runner/work/tvmime/tvmime/tvApp/src/main/java/com/tvmime/tv/sv_ui/screens/settings/SettingsStateBindings.kt:239:64 Cannot infer a type for this parameter. Please specify it explicitly.
Compile TV & Mobile APKs	Build Android TV & Mobile APKs	2026-09-06T05:33:48.0192398Z e: file:///home/runner/work/tvmime/tvmime/tvApp/src/main/java/com/tvmime/tv/sv_ui/screens/settings/SettingsStateBindings.kt:239:74 Cannot infer a type for this parameter. Please specify it explicitly.
Compile TV & Mobile APKs	Build Android TV & Mobile APKs	2026-09-06T05:33:48.0193368Z e: file:///home/runner/work/tvmime/tvmime/tvApp/src/main/java/com/tvmime/tv/sv_ui/screens/settings/SettingsStateBindings.kt:241:37 Unresolved reference: groupedChannelLabelMode
Compile TV & Mobile APKs	Build Android TV & Mobile APKs	2026-09-06T05:33:48.0194398Z e: file:///home/runner/work/tvmime/tvmime/tvApp/src/main/java/com/tvmime/tv/sv_ui/screens/settings/SettingsStateBindings.kt:241:64 Cannot infer a type for this parameter. Please specify it explicitly.
Compile TV & Mobile APKs	Build Android TV & Mobile APKs	2026-09-06T05:33:48.0195408Z e: file:///home/runner/work/tvmime/tvmime/tvApp/src/main/java/com/tvmime/tv/sv_ui/screens/settings/SettingsStateBindings.kt:241:74 Cannot infer a type for this parameter. Please specify it explicitly.
Compile TV & Mobile APKs	Build Android TV & Mobile APKs	2026-09-06T05:33:48.0196299Z e: file:///home/runner/work/tvmime/tvmime/tvApp/src/main/java/com/tvmime/tv/sv_ui/screens/settings/SettingsStateBindings.kt:243:37 Unresolved reference: liveVariantPreferenceMode
Compile TV & Mobile APKs	Build Android TV & Mobile APKs	2026-09-06T05:33:48.0197335Z e: file:///home/runner/work/tvmime/tvmime/tvApp/src/main/java/com/tvmime/tv/sv_ui/screens/settings/SettingsStateBindings.kt:243:66 Cannot infer a type for this parameter. Please specify it explicitly.
Compile TV & Mobile APKs	Build Android TV & Mobile APKs	2026-09-06T05:33:48.0198333Z e: file:///home/runner/work/tvmime/tvmime/tvApp/src/main/java/com/tvmime/tv/sv_ui/screens/settings/SettingsStateBindings.kt:243:76 Cannot infer a type for this parameter. Please specify it explicitly.
Compile TV & Mobile APKs	Build Android TV & Mobile APKs	2026-09-06T05:33:48.0199142Z e: file:///home/runner/work/tvmime/tvmime/tvApp/src/main/java/com/tvmime/tv/sv_ui/screens/settings/SettingsStateBindings.kt:245:37 Unresolved reference: vodViewMode
Compile TV & Mobile APKs	Build Android TV & Mobile APKs	2026-09-06T05:33:48.0230614Z e: file:///home/runner/work/tvmime/tvmime/tvApp/src/main/java/com/tvmime/tv/sv_ui/screens/settings/SettingsStateBindings.kt:245:52 Cannot infer a type for this parameter. Please specify it explicitly.
Compile TV & Mobile APKs	Build Android TV & Mobile APKs	2026-09-06T05:33:48.0231811Z e: file:///home/runner/work/tvmime/tvmime/tvApp/src/main/java/com/tvmime/tv/sv_ui/screens/settings/SettingsStateBindings.kt:245:62 Cannot infer a type for this parameter. Please specify it explicitly.
Compile TV & Mobile APKs	Build Android TV & Mobile APKs	2026-09-06T05:33:48.0233191Z e: file:///home/runner/work/tvmime/tvmime/tvApp/src/main/java/com/tvmime/tv/sv_ui/screens/settings/SettingsStateBindings.kt:247:37 Unresolved reference: vodCategoryLoadMode
Compile TV & Mobile APKs	Build Android TV & Mobile APKs	2026-09-06T05:33:48.0234278Z e: file:///home/runner/work/tvmime/tvmime/tvApp/src/main/java/com/tvmime/tv/sv_ui/screens/settings/SettingsStateBindings.kt:247:60 Cannot infer a type for this parameter. Please specify it explicitly.
Compile TV & Mobile APKs	Build Android TV & Mobile APKs	2026-09-06T05:33:48.0235373Z e: file:///home/runner/work/tvmime/tvmime/tvApp/src/main/java/com/tvmime/tv/sv_ui/screens/settings/SettingsStateBindings.kt:247:70 Cannot infer a type for this parameter. Please specify it explicitly.
Compile TV & Mobile APKs	Build Android TV & Mobile APKs	2026-09-06T05:33:48.0236239Z e: file:///home/runner/work/tvmime/tvmime/tvApp/src/main/java/com/tvmime/tv/sv_ui/screens/settings/SettingsStateBindings.kt:249:37 Unresolved reference: vodInfiniteScroll
Compile TV & Mobile APKs	Build Android TV & Mobile APKs	2026-09-06T05:33:48.0237254Z e: file:///home/runner/work/tvmime/tvmime/tvApp/src/main/java/com/tvmime/tv/sv_ui/screens/settings/SettingsStateBindings.kt:249:58 Cannot infer a type for this parameter. Please specify it explicitly.
Compile TV & Mobile APKs	Build Android TV & Mobile APKs	2026-09-06T05:33:48.0238638Z e: file:///home/runner/work/tvmime/tvmime/tvApp/src/main/java/com/tvmime/tv/sv_ui/screens/settings/SettingsStateBindings.kt:249:68 Cannot infer a type for this parameter. Please specify it explicitly.
Compile TV & Mobile APKs	Build Android TV & Mobile APKs	2026-09-06T05:33:48.0239540Z e: file:///home/runner/work/tvmime/tvmime/tvApp/src/main/java/com/tvmime/tv/sv_ui/screens/settings/SettingsStateBindings.kt:251:37 Unresolved reference: vodDuplicateHandlingMode
Compile TV & Mobile APKs	Build Android TV & Mobile APKs	2026-09-06T05:33:48.0240794Z e: file:///home/runner/work/tvmime/tvmime/tvApp/src/main/java/com/tvmime/tv/sv_ui/screens/settings/SettingsStateBindings.kt:251:65 Cannot infer a type for this parameter. Please specify it explicitly.
Compile TV & Mobile APKs	Build Android TV & Mobile APKs	2026-09-06T05:33:48.0241838Z e: file:///home/runner/work/tvmime/tvmime/tvApp/src/main/java/com/tvmime/tv/sv_ui/screens/settings/SettingsStateBindings.kt:251:75 Cannot infer a type for this parameter. Please specify it explicitly.
Compile TV & Mobile APKs	Build Android TV & Mobile APKs	2026-09-06T05:33:48.0242799Z e: file:///home/runner/work/tvmime/tvmime/tvApp/src/main/java/com/tvmime/tv/sv_ui/screens/settings/SettingsStateBindings.kt:253:37 Unresolved reference: vodVariantPreferenceMode
Compile TV & Mobile APKs	Build Android TV & Mobile APKs	2026-09-06T05:33:48.0243791Z e: file:///home/runner/work/tvmime/tvmime/tvApp/src/main/java/com/tvmime/tv/sv_ui/screens/settings/SettingsStateBindings.kt:253:65 Cannot infer a type for this parameter. Please specify it explicitly.
Compile TV & Mobile APKs	Build Android TV & Mobile APKs	2026-09-06T05:33:48.0244757Z e: file:///home/runner/work/tvmime/tvmime/tvApp/src/main/java/com/tvmime/tv/sv_ui/screens/settings/SettingsStateBindings.kt:253:75 Cannot infer a type for this parameter. Please specify it explicitly.
Compile TV & Mobile APKs	Build Android TV & Mobile APKs	2026-09-06T05:33:48.0245694Z e: file:///home/runner/work/tvmime/tvmime/tvApp/src/main/java/com/tvmime/tv/sv_ui/screens/settings/SettingsStateBindings.kt:255:37 Unresolved reference: guideDefaultCategoryId
Compile TV & Mobile APKs	Build Android TV & Mobile APKs	2026-09-06T05:33:48.0246693Z e: file:///home/runner/work/tvmime/tvmime/tvApp/src/main/java/com/tvmime/tv/sv_ui/screens/settings/SettingsStateBindings.kt:255:63 Cannot infer a type for this parameter. Please specify it explicitly.
Compile TV & Mobile APKs	Build Android TV & Mobile APKs	2026-09-06T05:33:48.0247738Z e: file:///home/runner/work/tvmime/tvmime/tvApp/src/main/java/com/tvmime/tv/sv_ui/screens/settings/SettingsStateBindings.kt:255:73 Cannot infer a type for this parameter. Please specify it explicitly.
Compile TV & Mobile APKs	Build Android TV & Mobile APKs	2026-09-06T05:33:48.0248786Z e: file:///home/runner/work/tvmime/tvmime/tvApp/src/main/java/com/tvmime/tv/sv_ui/screens/settings/SettingsStateBindings.kt:257:69 Cannot infer a type for this parameter. Please specify it explicitly.
Compile TV & Mobile APKs	Build Android TV & Mobile APKs	2026-09-06T05:33:48.0249993Z e: file:///home/runner/work/tvmime/tvmime/tvApp/src/main/java/com/tvmime/tv/sv_ui/screens/settings/SettingsStateBindings.kt:257:79 Cannot infer a type for this parameter. Please specify it explicitly.
Compile TV & Mobile APKs	Build Android TV & Mobile APKs	2026-09-06T05:33:48.0250954Z e: file:///home/runner/work/tvmime/tvmime/tvApp/src/main/java/com/tvmime/tv/sv_ui/screens/settings/SettingsStateBindings.kt:259:54 Cannot infer a type for this parameter. Please specify it explicitly.
Compile TV & Mobile APKs	Build Android TV & Mobile APKs	2026-09-06T05:33:48.0252220Z e: file:///home/runner/work/tvmime/tvmime/tvApp/src/main/java/com/tvmime/tv/sv_ui/screens/settings/SettingsStateBindings.kt:259:64 Cannot infer a type for this parameter. Please specify it explicitly.
Compile TV & Mobile APKs	Build Android TV & Mobile APKs	2026-09-06T05:33:48.0253129Z e: file:///home/runner/work/tvmime/tvmime/tvApp/src/main/java/com/tvmime/tv/sv_ui/screens/settings/SettingsStateBindings.kt:261:37 Unresolved reference: autoPlayNextEpisode
Compile TV & Mobile APKs	Build Android TV & Mobile APKs	2026-09-06T05:33:48.0254078Z e: file:///home/runner/work/tvmime/tvmime/tvApp/src/main/java/com/tvmime/tv/sv_ui/screens/settings/SettingsStateBindings.kt:261:60 Cannot infer a type for this parameter. Please specify it explicitly.
Compile TV & Mobile APKs	Build Android TV & Mobile APKs	2026-09-06T05:33:48.0255017Z e: file:///home/runner/work/tvmime/tvmime/tvApp/src/main/java/com/tvmime/tv/sv_ui/screens/settings/SettingsStateBindings.kt:261:70 Cannot infer a type for this parameter. Please specify it explicitly.
Compile TV & Mobile APKs	Build Android TV & Mobile APKs	2026-09-06T05:33:48.0255892Z e: file:///home/runner/work/tvmime/tvmime/tvApp/src/main/java/com/tvmime/tv/sv_ui/screens/settings/SettingsStateBindings.kt:263:37 Unresolved reference: autoCheckAppUpdates
Compile TV & Mobile APKs	Build Android TV & Mobile APKs	2026-09-06T05:33:48.0257158Z e: file:///home/runner/work/tvmime/tvmime/tvApp/src/main/java/com/tvmime/tv/sv_ui/screens/settings/SettingsStateBindings.kt:263:60 Cannot infer a type for this parameter. Please specify it explicitly.
Compile TV & Mobile APKs	Build Android TV & Mobile APKs	2026-09-06T05:33:48.0258079Z e: file:///home/runner/work/tvmime/tvmime/tvApp/src/main/java/com/tvmime/tv/sv_ui/screens/settings/SettingsStateBindings.kt:263:70 Cannot infer a type for this parameter. Please specify it explicitly.
Compile TV & Mobile APKs	Build Android TV & Mobile APKs	2026-09-06T05:33:48.0258912Z e: file:///home/runner/work/tvmime/tvmime/tvApp/src/main/java/com/tvmime/tv/sv_ui/screens/settings/SettingsStateBindings.kt:265:37 Unresolved reference: autoDownloadAppUpdates
Compile TV & Mobile APKs	Build Android TV & Mobile APKs	2026-09-06T05:33:48.0290254Z e: file:///home/runner/work/tvmime/tvmime/tvApp/src/main/java/com/tvmime/tv/sv_ui/screens/settings/SettingsStateBindings.kt:265:63 Cannot infer a type for this parameter. Please specify it explicitly.
Compile TV & Mobile APKs	Build Android TV & Mobile APKs	2026-09-06T05:33:48.0291483Z e: file:///home/runner/work/tvmime/tvmime/tvApp/src/main/java/com/tvmime/tv/sv_ui/screens/settings/SettingsStateBindings.kt:265:73 Cannot infer a type for this parameter. Please specify it explicitly.
Compile TV & Mobile APKs	Build Android TV & Mobile APKs	2026-09-06T05:33:48.0292459Z e: file:///home/runner/work/tvmime/tvmime/tvApp/src/main/java/com/tvmime/tv/sv_ui/screens/settings/SettingsStateBindings.kt:267:37 Unresolved reference: lastAppUpdateCheckTimestamp
Compile TV & Mobile APKs	Build Android TV & Mobile APKs	2026-09-06T05:33:48.0293466Z e: file:///home/runner/work/tvmime/tvmime/tvApp/src/main/java/com/tvmime/tv/sv_ui/screens/settings/SettingsStateBindings.kt:267:68 Cannot infer a type for this parameter. Please specify it explicitly.
Compile TV & Mobile APKs	Build Android TV & Mobile APKs	2026-09-06T05:33:48.0294443Z e: file:///home/runner/work/tvmime/tvmime/tvApp/src/main/java/com/tvmime/tv/sv_ui/screens/settings/SettingsStateBindings.kt:267:78 Cannot infer a type for this parameter. Please specify it explicitly.
Compile TV & Mobile APKs	Build Android TV & Mobile APKs	2026-09-06T05:33:48.0295364Z e: file:///home/runner/work/tvmime/tvmime/tvApp/src/main/java/com/tvmime/tv/sv_ui/screens/settings/SettingsStateBindings.kt:269:37 Unresolved reference: cachedAppUpdateVersionName
Compile TV & Mobile APKs	Build Android TV & Mobile APKs	2026-09-06T05:33:48.0296340Z e: file:///home/runner/work/tvmime/tvmime/tvApp/src/main/java/com/tvmime/tv/sv_ui/screens/settings/SettingsStateBindings.kt:269:67 Cannot infer a type for this parameter. Please specify it explicitly.
Compile TV & Mobile APKs	Build Android TV & Mobile APKs	2026-09-06T05:33:48.0297375Z e: file:///home/runner/work/tvmime/tvmime/tvApp/src/main/java/com/tvmime/tv/sv_ui/screens/settings/SettingsStateBindings.kt:269:77 Cannot infer a type for this parameter. Please specify it explicitly.
Compile TV & Mobile APKs	Build Android TV & Mobile APKs	2026-09-06T05:33:48.0298338Z e: file:///home/runner/work/tvmime/tvmime/tvApp/src/main/java/com/tvmime/tv/sv_ui/screens/settings/SettingsStateBindings.kt:271:37 Unresolved reference: cachedAppUpdateVersionCode
Compile TV & Mobile APKs	Build Android TV & Mobile APKs	2026-09-06T05:33:48.0299407Z e: file:///home/runner/work/tvmime/tvmime/tvApp/src/main/java/com/tvmime/tv/sv_ui/screens/settings/SettingsStateBindings.kt:271:67 Cannot infer a type for this parameter. Please specify it explicitly.
Compile TV & Mobile APKs	Build Android TV & Mobile APKs	2026-09-06T05:33:48.0300653Z e: file:///home/runner/work/tvmime/tvmime/tvApp/src/main/java/com/tvmime/tv/sv_ui/screens/settings/SettingsStateBindings.kt:271:77 Cannot infer a type for this parameter. Please specify it explicitly.
Compile TV & Mobile APKs	Build Android TV & Mobile APKs	2026-09-06T05:33:48.0301884Z e: file:///home/runner/work/tvmime/tvmime/tvApp/src/main/java/com/tvmime/tv/sv_ui/screens/settings/SettingsStateBindings.kt:273:37 Unresolved reference: cachedAppUpdateReleaseUrl
Compile TV & Mobile APKs	Build Android TV & Mobile APKs	2026-09-06T05:33:48.0302785Z e: file:///home/runner/work/tvmime/tvmime/tvApp/src/main/java/com/tvmime/tv/sv_ui/screens/settings/SettingsStateBindings.kt:273:66 Cannot infer a type for this parameter. Please specify it explicitly.
Compile TV & Mobile APKs	Build Android TV & Mobile APKs	2026-09-06T05:33:48.0303703Z e: file:///home/runner/work/tvmime/tvmime/tvApp/src/main/java/com/tvmime/tv/sv_ui/screens/settings/SettingsStateBindings.kt:273:76 Cannot infer a type for this parameter. Please specify it explicitly.
Compile TV & Mobile APKs	Build Android TV & Mobile APKs	2026-09-06T05:33:48.0304551Z e: file:///home/runner/work/tvmime/tvmime/tvApp/src/main/java/com/tvmime/tv/sv_ui/screens/settings/SettingsStateBindings.kt:275:37 Unresolved reference: cachedAppUpdateDownloadUrl
Compile TV & Mobile APKs	Build Android TV & Mobile APKs	2026-09-06T05:33:48.0305850Z e: file:///home/runner/work/tvmime/tvmime/tvApp/src/main/java/com/tvmime/tv/sv_ui/screens/settings/SettingsStateBindings.kt:275:67 Cannot infer a type for this parameter. Please specify it explicitly.
Compile TV & Mobile APKs	Build Android TV & Mobile APKs	2026-09-06T05:33:48.0306777Z e: file:///home/runner/work/tvmime/tvmime/tvApp/src/main/java/com/tvmime/tv/sv_ui/screens/settings/SettingsStateBindings.kt:275:77 Cannot infer a type for this parameter. Please specify it explicitly.
Compile TV & Mobile APKs	Build Android TV & Mobile APKs	2026-09-06T05:33:48.0307635Z e: file:///home/runner/work/tvmime/tvmime/tvApp/src/main/java/com/tvmime/tv/sv_ui/screens/settings/SettingsStateBindings.kt:277:37 Unresolved reference: cachedAppUpdateDownloadSha256
Compile TV & Mobile APKs	Build Android TV & Mobile APKs	2026-09-06T05:33:48.0308485Z e: file:///home/runner/work/tvmime/tvmime/tvApp/src/main/java/com/tvmime/tv/sv_ui/screens/settings/SettingsStateBindings.kt:277:70 Cannot infer a type for this parameter. Please specify it explicitly.
Compile TV & Mobile APKs	Build Android TV & Mobile APKs	2026-09-06T05:33:48.0309357Z e: file:///home/runner/work/tvmime/tvmime/tvApp/src/main/java/com/tvmime/tv/sv_ui/screens/settings/SettingsStateBindings.kt:277:80 Cannot infer a type for this parameter. Please specify it explicitly.
Compile TV & Mobile APKs	Build Android TV & Mobile APKs	2026-09-06T05:33:48.0310389Z e: file:///home/runner/work/tvmime/tvmime/tvApp/src/main/java/com/tvmime/tv/sv_ui/screens/settings/SettingsStateBindings.kt:279:37 Unresolved reference: cachedAppUpdateReleaseNotes
Compile TV & Mobile APKs	Build Android TV & Mobile APKs	2026-09-06T05:33:48.0311311Z e: file:///home/runner/work/tvmime/tvmime/tvApp/src/main/java/com/tvmime/tv/sv_ui/screens/settings/SettingsStateBindings.kt:279:68 Cannot infer a type for this parameter. Please specify it explicitly.
Compile TV & Mobile APKs	Build Android TV & Mobile APKs	2026-09-06T05:33:48.0312239Z e: file:///home/runner/work/tvmime/tvmime/tvApp/src/main/java/com/tvmime/tv/sv_ui/screens/settings/SettingsStateBindings.kt:279:78 Cannot infer a type for this parameter. Please specify it explicitly.
Compile TV & Mobile APKs	Build Android TV & Mobile APKs	2026-09-06T05:33:48.0313141Z e: file:///home/runner/work/tvmime/tvmime/tvApp/src/main/java/com/tvmime/tv/sv_ui/screens/settings/SettingsStateBindings.kt:281:37 Unresolved reference: cachedAppUpdatePublishedAt
Compile TV & Mobile APKs	Build Android TV & Mobile APKs	2026-09-06T05:33:48.0314052Z e: file:///home/runner/work/tvmime/tvmime/tvApp/src/main/java/com/tvmime/tv/sv_ui/screens/settings/SettingsStateBindings.kt:281:67 Cannot infer a type for this parameter. Please specify it explicitly.
Compile TV & Mobile APKs	Build Android TV & Mobile APKs	2026-09-06T05:33:48.0314973Z e: file:///home/runner/work/tvmime/tvmime/tvApp/src/main/java/com/tvmime/tv/sv_ui/screens/settings/SettingsStateBindings.kt:281:77 Cannot infer a type for this parameter. Please specify it explicitly.
Compile TV & Mobile APKs	Build Android TV & Mobile APKs	2026-09-06T05:33:48.0315835Z e: file:///home/runner/work/tvmime/tvmime/tvApp/src/main/java/com/tvmime/tv/sv_ui/screens/settings/SettingsSyncActions.kt:6:36 Unresolved reference: TvInputCatalogRefreshWorker
Compile TV & Mobile APKs	Build Android TV & Mobile APKs	2026-09-06T05:33:48.0316610Z e: file:///home/runner/work/tvmime/tvmime/tvApp/src/main/java/com/tvmime/tv/sv_ui/screens/settings/SettingsSyncActions.kt:113:64 Unresolved reference: EPG
Compile TV & Mobile APKs	Build Android TV & Mobile APKs	2026-09-06T05:33:48.0317360Z e: file:///home/runner/work/tvmime/tvmime/tvApp/src/main/java/com/tvmime/tv/sv_ui/screens/settings/SettingsSyncActions.kt:114:67 Unresolved reference: MOVIES
Compile TV & Mobile APKs	Build Android TV & Mobile APKs	2026-09-06T05:33:48.0318105Z e: file:///home/runner/work/tvmime/tvmime/tvApp/src/main/java/com/tvmime/tv/sv_ui/screens/settings/SettingsSyncActions.kt:115:67 Unresolved reference: SERIES
Compile TV & Mobile APKs	Build Android TV & Mobile APKs	2026-09-06T05:33:48.0319149Z e: file:///home/runner/work/tvmime/tvmime/tvApp/src/main/java/com/tvmime/tv/sv_ui/screens/settings/SettingsSyncActions.kt:117:38 Unresolved reference: retrySection
Compile TV & Mobile APKs	Build Android TV & Mobile APKs	2026-09-06T05:33:48.0330535Z e: file:///home/runner/work/tvmime/tvmime/tvApp/src/main/java/com/tvmime/tv/sv_ui/screens/settings/SettingsSyncActions.kt:117:74 Cannot infer a type for this parameter. Please specify it explicitly.
Compile TV & Mobile APKs	Build Android TV & Mobile APKs	2026-09-06T05:33:48.0331469Z e: file:///home/runner/work/tvmime/tvmime/tvApp/src/main/java/com/tvmime/tv/sv_ui/screens/settings/SettingsSyncActions.kt:198:67 Unresolved reference: LIVE
Compile TV & Mobile APKs	Build Android TV & Mobile APKs	2026-09-06T05:33:48.0332333Z e: file:///home/runner/work/tvmime/tvmime/tvApp/src/main/java/com/tvmime/tv/sv_ui/screens/settings/SettingsSyncActions.kt:199:71 Unresolved reference: MOVIES
Compile TV & Mobile APKs	Build Android TV & Mobile APKs	2026-09-06T05:33:48.0333168Z e: file:///home/runner/work/tvmime/tvmime/tvApp/src/main/java/com/tvmime/tv/sv_ui/screens/settings/SettingsSyncActions.kt:200:71 Unresolved reference: SERIES
Compile TV & Mobile APKs	Build Android TV & Mobile APKs	2026-09-06T05:33:48.0334225Z e: file:///home/runner/work/tvmime/tvmime/tvApp/src/main/java/com/tvmime/tv/sv_ui/screens/settings/SettingsSyncActions.kt:201:68 Unresolved reference: EPG
Compile TV & Mobile APKs	Build Android TV & Mobile APKs	2026-09-06T05:33:48.0335395Z e: file:///home/runner/work/tvmime/tvmime/tvApp/src/main/java/com/tvmime/tv/sv_ui/screens/settings/SettingsSyncActions.kt:216:48 Unresolved reference: retrySection
Compile TV & Mobile APKs	Build Android TV & Mobile APKs	2026-09-06T05:33:48.0336437Z e: file:///home/runner/work/tvmime/tvmime/tvApp/src/main/java/com/tvmime/tv/sv_ui/screens/settings/SettingsSyncActions.kt:216:84 Cannot infer a type for this parameter. Please specify it explicitly.
Compile TV & Mobile APKs	Build Android TV & Mobile APKs	2026-09-06T05:33:48.0337325Z e: file:///home/runner/work/tvmime/tvmime/tvApp/src/main/java/com/tvmime/tv/sv_ui/screens/settings/SettingsSyncActions.kt:236:17 Unresolved reference: TvInputCatalogRefreshWorker
Compile TV & Mobile APKs	Build Android TV & Mobile APKs	2026-09-06T05:33:48.0338130Z e: file:///home/runner/work/tvmime/tvmime/tvApp/src/main/java/com/tvmime/tv/sv_ui/screens/settings/SettingsTimeoutValueDialog.kt:112:50 Unresolved reference: device
Compile TV & Mobile APKs	Build Android TV & Mobile APKs	2026-09-06T05:33:48.0339127Z e: file:///home/runner/work/tvmime/tvmime/tvApp/src/main/java/com/tvmime/tv/sv_ui/screens/settings/SettingsTimeoutValueDialog.kt:117:25 Not enough information to infer type variable T
Compile TV & Mobile APKs	Build Android TV & Mobile APKs	2026-09-06T05:33:48.0340603Z e: file:///home/runner/work/tvmime/tvmime/tvApp/src/main/java/com/tvmime/tv/sv_ui/screens/settings/SettingsTimeoutValueDialog.kt:117:25 Property delegate must have a 'getValue(Nothing?, KProperty<*>)' method. None of the following functions is suitable: 
Compile TV & Mobile APKs	Build Android TV & Mobile APKs	2026-09-06T05:33:48.0341244Z public inline operator fun <T> State<???>.getValue(thisObj: Any?, property: KProperty<*>): ??? defined in androidx.compose.runtime
Compile TV & Mobile APKs	Build Android TV & Mobile APKs	2026-09-06T05:33:48.0342226Z e: file:///home/runner/work/tvmime/tvmime/tvApp/src/main/java/com/tvmime/tv/sv_ui/screens/settings/SettingsTimeoutValueDialog.kt:187:51 This API is experimental and is likely to change in the future.
Compile TV & Mobile APKs	Build Android TV & Mobile APKs	2026-09-06T05:33:48.0343197Z e: file:///home/runner/work/tvmime/tvmime/tvApp/src/main/java/com/tvmime/tv/sv_ui/screens/settings/SettingsTimeoutValueDialog.kt:188:52 This API is experimental and is likely to change in the future.
Compile TV & Mobile APKs	Build Android TV & Mobile APKs	2026-09-06T05:33:48.0344031Z e: file:///home/runner/work/tvmime/tvmime/tvApp/src/main/java/com/tvmime/tv/sv_ui/screens/settings/SettingsViewModel.kt:9:28 Unresolved reference: BuildConfig
Compile TV & Mobile APKs	Build Android TV & Mobile APKs	2026-09-06T05:33:48.0344902Z e: file:///home/runner/work/tvmime/tvmime/tvApp/src/main/java/com/tvmime/tv/sv_ui/screens/settings/SettingsViewModel.kt:19:35 Unresolved reference: isRemoteVersionNewer
Compile TV & Mobile APKs	Build Android TV & Mobile APKs	2026-09-06T05:33:48.0345663Z e: file:///home/runner/work/tvmime/tvmime/tvApp/src/main/java/com/tvmime/tv/sv_ui/screens/settings/SettingsViewModel.kt:23:35 Unresolved reference: entity
Compile TV & Mobile APKs	Build Android TV & Mobile APKs	2026-09-06T05:33:48.0346547Z e: file:///home/runner/work/tvmime/tvmime/tvApp/src/main/java/com/tvmime/tv/sv_ui/screens/settings/SettingsViewModel.kt:139:31 Unresolved reference: playerLiveStreamFormatMode
Compile TV & Mobile APKs	Build Android TV & Mobile APKs	2026-09-06T05:33:48.0347344Z e: file:///home/runner/work/tvmime/tvmime/tvApp/src/main/java/com/tvmime/tv/sv_ui/screens/settings/SettingsViewModel.kt:256:39 Unresolved reference: latestReport
Compile TV & Mobile APKs	Build Android TV & Mobile APKs	2026-09-06T05:33:48.0348486Z e: file:///home/runner/work/tvmime/tvmime/tvApp/src/main/java/com/tvmime/tv/sv_ui/screens/settings/SettingsViewModel.kt:277:40 Unresolved reference: deleteLatestReport
Compile TV & Mobile APKs	Build Android TV & Mobile APKs	2026-09-06T05:33:48.0349320Z e: file:///home/runner/work/tvmime/tvmime/tvApp/src/main/java/com/tvmime/tv/sv_ui/screens/settings/SettingsViewModel.kt:291:49 Unresolved reference: CrashReportSummary
Compile TV & Mobile APKs	Build Android TV & Mobile APKs	2026-09-06T05:33:48.0350305Z e: file:///home/runner/work/tvmime/tvmime/tvApp/src/main/java/com/tvmime/tv/sv_ui/screens/settings/SettingsViewModel.kt:319:31 Unresolved reference: observeAll
Compile TV & Mobile APKs	Build Android TV & Mobile APKs	2026-09-06T05:33:48.0351257Z e: file:///home/runner/work/tvmime/tvmime/tvApp/src/main/java/com/tvmime/tv/sv_ui/screens/settings/SettingsViewModel.kt:319:54 Cannot infer a type for this parameter. Please specify it explicitly.
Compile TV & Mobile APKs	Build Android TV & Mobile APKs	2026-09-06T05:33:48.0352040Z e: file:///home/runner/work/tvmime/tvmime/tvApp/src/main/java/com/tvmime/tv/sv_ui/screens/settings/SettingsViewModel.kt:321:32 Unresolved reference: it
Compile TV & Mobile APKs	Build Android TV & Mobile APKs	2026-09-06T05:33:48.0353261Z e: file:///home/runner/work/tvmime/tvmime/tvApp/src/main/java/com/tvmime/tv/sv_ui/screens/settings/SettingsViewModel.kt:322:34 Cannot infer a type for this parameter. Please specify it explicitly.
Compile TV & Mobile APKs	Build Android TV & Mobile APKs	2026-09-06T05:33:48.0354280Z e: file:///home/runner/work/tvmime/tvmime/tvApp/src/main/java/com/tvmime/tv/sv_ui/screens/settings/SettingsViewModel.kt:323:51 Cannot infer a type for this parameter. Please specify it explicitly.
Compile TV & Mobile APKs	Build Android TV & Mobile APKs	2026-09-06T05:33:48.0355050Z e: file:///home/runner/work/tvmime/tvmime/tvApp/src/main/java/com/tvmime/tv/sv_ui/screens/settings/SettingsViewModel.kt:325:37 Unresolved reference: it
Compile TV & Mobile APKs	Build Android TV & Mobile APKs	2026-09-06T05:33:48.0355865Z e: file:///home/runner/work/tvmime/tvmime/tvApp/src/main/java/com/tvmime/tv/sv_ui/screens/settings/SettingsViewModel.kt:336:68 Overload resolution ambiguity: 
Compile TV & Mobile APKs	Build Android TV & Mobile APKs	2026-09-06T05:33:48.0356887Z public operator fun <K, V> Map<out TypeVariable(K), TypeVariable(V)>.plus(pairs: Array<out Pair<TypeVariable(K), TypeVariable(V)>>): Map<TypeVariable(K), TypeVariable(V)> defined in kotlin.collections
Compile TV & Mobile APKs	Build Android TV & Mobile APKs	2026-09-06T05:33:48.0357801Z public operator fun <K, V> Map<out TypeVariable(K), TypeVariable(V)>.plus(pair: Pair<TypeVariable(K), TypeVariable(V)>): Map<TypeVariable(K), TypeVariable(V)> defined in kotlin.collections
Compile TV & Mobile APKs	Build Android TV & Mobile APKs	2026-09-06T05:33:48.0358784Z public operator fun <K, V> Map<out TypeVariable(K), TypeVariable(V)>.plus(pairs: Iterable<Pair<TypeVariable(K), TypeVariable(V)>>): Map<TypeVariable(K), TypeVariable(V)> defined in kotlin.collections
Compile TV & Mobile APKs	Build Android TV & Mobile APKs	2026-09-06T05:33:48.0359685Z public operator fun <K, V> Map<out TypeVariable(K), TypeVariable(V)>.plus(map: Map<out TypeVariable(K), TypeVariable(V)>): Map<TypeVariable(K), TypeVariable(V)> defined in kotlin.collections
Compile TV & Mobile APKs	Build Android TV & Mobile APKs	2026-09-06T05:33:48.0391126Z public operator fun <K, V> Map<out TypeVariable(K), TypeVariable(V)>.plus(pairs: Sequence<Pair<TypeVariable(K), TypeVariable(V)>>): Map<TypeVariable(K), TypeVariable(V)> defined in kotlin.collections
Compile TV & Mobile APKs	Build Android TV & Mobile APKs	2026-09-06T05:33:48.0392274Z e: file:///home/runner/work/tvmime/tvmime/tvApp/src/main/java/com/tvmime/tv/sv_ui/screens/settings/SettingsViewModel.kt:338:39 Cannot infer a type for this parameter. Please specify it explicitly.
Compile TV & Mobile APKs	Build Android TV & Mobile APKs	2026-09-06T05:33:48.0393323Z e: file:///home/runner/work/tvmime/tvmime/tvApp/src/main/java/com/tvmime/tv/sv_ui/screens/settings/SettingsViewModel.kt:339:43 Cannot infer a type for this parameter. Please specify it explicitly.
Compile TV & Mobile APKs	Build Android TV & Mobile APKs	2026-09-06T05:33:48.0394122Z e: file:///home/runner/work/tvmime/tvmime/tvApp/src/main/java/com/tvmime/tv/sv_ui/screens/settings/SettingsViewModel.kt:343:40 Unresolved reference: it
Compile TV & Mobile APKs	Build Android TV & Mobile APKs	2026-09-06T05:33:48.0394918Z e: file:///home/runner/work/tvmime/tvmime/tvApp/src/main/java/com/tvmime/tv/sv_ui/screens/settings/SettingsViewModel.kt:343:54 Unresolved reference: it
Compile TV & Mobile APKs	Build Android TV & Mobile APKs	2026-09-06T05:33:48.0395923Z e: file:///home/runner/work/tvmime/tvmime/tvApp/src/main/java/com/tvmime/tv/sv_ui/screens/settings/SettingsViewModel.kt:344:42 Cannot infer a type for this parameter. Please specify it explicitly.
Compile TV & Mobile APKs	Build Android TV & Mobile APKs	2026-09-06T05:33:48.0397117Z e: file:///home/runner/work/tvmime/tvmime/tvApp/src/main/java/com/tvmime/tv/sv_ui/screens/settings/SettingsViewModel.kt:370:37 Unresolved reference: observeIncomplete
Compile TV & Mobile APKs	Build Android TV & Mobile APKs	2026-09-06T05:33:48.0398170Z e: file:///home/runner/work/tvmime/tvmime/tvApp/src/main/java/com/tvmime/tv/sv_ui/screens/settings/SettingsViewModel.kt:370:67 Cannot infer a type for this parameter. Please specify it explicitly.
Compile TV & Mobile APKs	Build Android TV & Mobile APKs	2026-09-06T05:33:48.0399195Z e: file:///home/runner/work/tvmime/tvmime/tvApp/src/main/java/com/tvmime/tv/sv_ui/screens/settings/SettingsViewModel.kt:375:39 Cannot infer a type for this parameter. Please specify it explicitly.
Compile TV & Mobile APKs	Build Android TV & Mobile APKs	2026-09-06T05:33:48.0400320Z e: file:///home/runner/work/tvmime/tvmime/tvApp/src/main/java/com/tvmime/tv/sv_ui/screens/settings/SettingsViewModel.kt:376:42 Cannot infer a type for this parameter. Please specify it explicitly.
Compile TV & Mobile APKs	Build Android TV & Mobile APKs	2026-09-06T05:33:48.0401327Z e: file:///home/runner/work/tvmime/tvmime/tvApp/src/main/java/com/tvmime/tv/sv_ui/screens/settings/SettingsViewModel.kt:378:39 Cannot infer a type for this parameter. Please specify it explicitly.
Compile TV & Mobile APKs	Build Android TV & Mobile APKs	2026-09-06T05:33:48.0402576Z e: file:///home/runner/work/tvmime/tvmime/tvApp/src/main/java/com/tvmime/tv/sv_ui/screens/settings/SettingsViewModel.kt:379:42 Cannot infer a type for this parameter. Please specify it explicitly.
Compile TV & Mobile APKs	Build Android TV & Mobile APKs	2026-09-06T05:33:48.0403497Z e: file:///home/runner/work/tvmime/tvmime/tvApp/src/main/java/com/tvmime/tv/sv_ui/screens/settings/SettingsViewModel.kt:386:17 Unresolved reference: XtreamIndexJobEntity
Compile TV & Mobile APKs	Build Android TV & Mobile APKs	2026-09-06T05:33:48.0404457Z e: file:///home/runner/work/tvmime/tvmime/tvApp/src/main/java/com/tvmime/tv/sv_ui/screens/settings/SettingsViewModel.kt:456:35 Unresolved reference: setParentalControlLevel
Compile TV & Mobile APKs	Build Android TV & Mobile APKs	2026-09-06T05:33:48.0405339Z e: file:///home/runner/work/tvmime/tvmime/tvApp/src/main/java/com/tvmime/tv/sv_ui/screens/settings/SettingsViewModel.kt:462:35 Unresolved reference: setAppLanguage
Compile TV & Mobile APKs	Build Android TV & Mobile APKs	2026-09-06T05:33:48.0406273Z e: file:///home/runner/work/tvmime/tvmime/tvApp/src/main/java/com/tvmime/tv/sv_ui/screens/settings/SettingsViewModel.kt:468:35 Unresolved reference: setAppLandingDestination
Compile TV & Mobile APKs	Build Android TV & Mobile APKs	2026-09-06T05:33:48.0407202Z e: file:///home/runner/work/tvmime/tvmime/tvApp/src/main/java/com/tvmime/tv/sv_ui/screens/settings/SettingsViewModel.kt:485:35 Unresolved reference: setAppTopLevelDestinations
Compile TV & Mobile APKs	Build Android TV & Mobile APKs	2026-09-06T05:33:48.0408125Z e: file:///home/runner/work/tvmime/tvmime/tvApp/src/main/java/com/tvmime/tv/sv_ui/screens/settings/SettingsViewModel.kt:487:39 Unresolved reference: setAppLandingDestination
Compile TV & Mobile APKs	Build Android TV & Mobile APKs	2026-09-06T05:33:48.0409076Z e: file:///home/runner/work/tvmime/tvmime/tvApp/src/main/java/com/tvmime/tv/sv_ui/screens/settings/SettingsViewModel.kt:502:35 Unresolved reference: setAppHomeDashboardShelves
Compile TV & Mobile APKs	Build Android TV & Mobile APKs	2026-09-06T05:33:48.0410150Z e: file:///home/runner/work/tvmime/tvmime/tvApp/src/main/java/com/tvmime/tv/sv_ui/screens/settings/SettingsViewModel.kt:510:35 Unresolved reference: setAppHomeDashboardShelves
Compile TV & Mobile APKs	Build Android TV & Mobile APKs	2026-09-06T05:33:48.0411037Z e: file:///home/runner/work/tvmime/tvmime/tvApp/src/main/java/com/tvmime/tv/sv_ui/screens/settings/SettingsViewModel.kt:516:35 Unresolved reference: setLiveTvChannelMode
Compile TV & Mobile APKs	Build Android TV & Mobile APKs	2026-09-06T05:33:48.0411965Z e: file:///home/runner/work/tvmime/tvmime/tvApp/src/main/java/com/tvmime/tv/sv_ui/screens/settings/SettingsViewModel.kt:522:35 Unresolved reference: setShowLiveSourceSwitcher
Compile TV & Mobile APKs	Build Android TV & Mobile APKs	2026-09-06T05:33:48.0412866Z e: file:///home/runner/work/tvmime/tvmime/tvApp/src/main/java/com/tvmime/tv/sv_ui/screens/settings/SettingsViewModel.kt:528:35 Unresolved reference: setShowAllChannelsCategory
Compile TV & Mobile APKs	Build Android TV & Mobile APKs	2026-09-06T05:33:48.0413853Z e: file:///home/runner/work/tvmime/tvmime/tvApp/src/main/java/com/tvmime/tv/sv_ui/screens/settings/SettingsViewModel.kt:534:35 Unresolved reference: setShowFavoritesCategory
Compile TV & Mobile APKs	Build Android TV & Mobile APKs	2026-09-06T05:33:48.0414813Z e: file:///home/runner/work/tvmime/tvmime/tvApp/src/main/java/com/tvmime/tv/sv_ui/screens/settings/SettingsViewModel.kt:540:35 Unresolved reference: setShowRecentChannelsCategory
Compile TV & Mobile APKs	Build Android TV & Mobile APKs	2026-09-06T05:33:48.0415743Z e: file:///home/runner/work/tvmime/tvmime/tvApp/src/main/java/com/tvmime/tv/sv_ui/screens/settings/SettingsViewModel.kt:550:35 Unresolved reference: setRemoteShortcutSelection
Compile TV & Mobile APKs	Build Android TV & Mobile APKs	2026-09-06T05:33:48.0416927Z e: file:///home/runner/work/tvmime/tvmime/tvApp/src/main/java/com/tvmime/tv/sv_ui/screens/settings/SettingsViewModel.kt:556:35 Unresolved reference: setLiveTvQuickFilterVisibility
Compile TV & Mobile APKs	Build Android TV & Mobile APKs	2026-09-06T05:33:48.0417837Z e: file:///home/runner/work/tvmime/tvmime/tvApp/src/main/java/com/tvmime/tv/sv_ui/screens/settings/SettingsViewModel.kt:576:39 Unresolved reference: addLiveTvCategoryFilter
Compile TV & Mobile APKs	Build Android TV & Mobile APKs	2026-09-06T05:33:48.0418753Z e: file:///home/runner/work/tvmime/tvmime/tvApp/src/main/java/com/tvmime/tv/sv_ui/screens/settings/SettingsViewModel.kt:587:39 Unresolved reference: removeLiveTvCategoryFilter
Compile TV & Mobile APKs	Build Android TV & Mobile APKs	2026-09-06T05:33:48.0419676Z e: file:///home/runner/work/tvmime/tvmime/tvApp/src/main/java/com/tvmime/tv/sv_ui/screens/settings/SettingsViewModel.kt:597:35 Unresolved reference: setLiveChannelNumberingMode
Compile TV & Mobile APKs	Build Android TV & Mobile APKs	2026-09-06T05:33:48.0438210Z e: file:///home/runner/work/tvmime/tvmime/tvApp/src/main/java/com/tvmime/tv/sv_ui/screens/settings/SettingsViewModel.kt:603:35 Unresolved reference: setHideDecorativeLiveRows
Compile TV & Mobile APKs	Build Android TV & Mobile APKs	2026-09-06T05:33:48.0439539Z e: file:///home/runner/work/tvmime/tvmime/tvApp/src/main/java/com/tvmime/tv/sv_ui/screens/settings/SettingsViewModel.kt:609:35 Unresolved reference: setLiveChannelGroupingMode
Compile TV & Mobile APKs	Build Android TV & Mobile APKs	2026-09-06T05:33:48.0440645Z e: file:///home/runner/work/tvmime/tvmime/tvApp/src/main/java/com/tvmime/tv/sv_ui/screens/settings/SettingsViewModel.kt:615:35 Unresolved reference: setGroupedChannelLabelMode
Compile TV & Mobile APKs	Build Android TV & Mobile APKs	2026-09-06T05:33:48.0441723Z e: file:///home/runner/work/tvmime/tvmime/tvApp/src/main/java/com/tvmime/tv/sv_ui/screens/settings/SettingsViewModel.kt:621:35 Unresolved reference: setLiveVariantPreferenceMode
Compile TV & Mobile APKs	Build Android TV & Mobile APKs	2026-09-06T05:33:48.0442534Z e: file:///home/runner/work/tvmime/tvmime/tvApp/src/main/java/com/tvmime/tv/sv_ui/screens/settings/SettingsViewModel.kt:627:35 Unresolved reference: setVodViewMode
Compile TV & Mobile APKs	Build Android TV & Mobile APKs	2026-09-06T05:33:48.0443502Z e: file:///home/runner/work/tvmime/tvmime/tvApp/src/main/java/com/tvmime/tv/sv_ui/screens/settings/SettingsViewModel.kt:633:35 Unresolved reference: setVodInfiniteScroll
Compile TV & Mobile APKs	Build Android TV & Mobile APKs	2026-09-06T05:33:48.0444439Z e: file:///home/runner/work/tvmime/tvmime/tvApp/src/main/java/com/tvmime/tv/sv_ui/screens/settings/SettingsViewModel.kt:639:35 Unresolved reference: setVodCategoryLoadMode
Compile TV & Mobile APKs	Build Android TV & Mobile APKs	2026-09-06T05:33:48.0445356Z e: file:///home/runner/work/tvmime/tvmime/tvApp/src/main/java/com/tvmime/tv/sv_ui/screens/settings/SettingsViewModel.kt:647:35 Unresolved reference: setVodDuplicateHandlingMode
Compile TV & Mobile APKs	Build Android TV & Mobile APKs	2026-09-06T05:33:48.0446269Z e: file:///home/runner/work/tvmime/tvmime/tvApp/src/main/java/com/tvmime/tv/sv_ui/screens/settings/SettingsViewModel.kt:653:35 Unresolved reference: setVodVariantPreferenceMode
Compile TV & Mobile APKs	Build Android TV & Mobile APKs	2026-09-06T05:33:48.0447149Z e: file:///home/runner/work/tvmime/tvmime/tvApp/src/main/java/com/tvmime/tv/sv_ui/screens/settings/SettingsViewModel.kt:659:35 Unresolved reference: setGuideDefaultCategoryId
Compile TV & Mobile APKs	Build Android TV & Mobile APKs	2026-09-06T05:33:48.0447893Z e: file:///home/runner/work/tvmime/tvmime/tvApp/src/main/java/com/tvmime/tv/sv_ui/screens/settings/SettingsViewModel.kt:665:35 Unresolved reference: setAppTimeFormat
Compile TV & Mobile APKs	Build Android TV & Mobile APKs	2026-09-06T05:33:48.0448753Z e: file:///home/runner/work/tvmime/tvmime/tvApp/src/main/java/com/tvmime/tv/sv_ui/screens/settings/SettingsViewModel.kt:671:35 Unresolved reference: setPreventStandbyDuringPlayback
Compile TV & Mobile APKs	Build Android TV & Mobile APKs	2026-09-06T05:33:48.0449586Z e: file:///home/runner/work/tvmime/tvmime/tvApp/src/main/java/com/tvmime/tv/sv_ui/screens/settings/SettingsViewModel.kt:677:35 Unresolved reference: setAutoPlayNextEpisode
Compile TV & Mobile APKs	Build Android TV & Mobile APKs	2026-09-06T05:33:48.0450636Z e: file:///home/runner/work/tvmime/tvmime/tvApp/src/main/java/com/tvmime/tv/sv_ui/screens/settings/SettingsViewModel.kt:683:35 Unresolved reference: setAutoCheckAppUpdates
Compile TV & Mobile APKs	Build Android TV & Mobile APKs	2026-09-06T05:33:48.0451527Z e: file:///home/runner/work/tvmime/tvmime/tvApp/src/main/java/com/tvmime/tv/sv_ui/screens/settings/SettingsViewModel.kt:689:35 Unresolved reference: setAutoDownloadAppUpdates
Compile TV & Mobile APKs	Build Android TV & Mobile APKs	2026-09-06T05:33:48.0452353Z e: file:///home/runner/work/tvmime/tvmime/tvApp/src/main/java/com/tvmime/tv/sv_ui/screens/settings/SettingsViewModel.kt:695:32 Unresolved reference: refreshState
Compile TV & Mobile APKs	Build Android TV & Mobile APKs	2026-09-06T05:33:48.0453561Z e: file:///home/runner/work/tvmime/tvmime/tvApp/src/main/java/com/tvmime/tv/sv_ui/screens/settings/SettingsViewModel.kt:703:38 Unresolved reference: isRemoteVersionNewer
Compile TV & Mobile APKs	Build Android TV & Mobile APKs	2026-09-06T05:33:48.0454422Z e: file:///home/runner/work/tvmime/tvmime/tvApp/src/main/java/com/tvmime/tv/sv_ui/screens/settings/SettingsViewModel.kt:718:35 Unresolved reference: setCategorySortMode
Compile TV & Mobile APKs	Build Android TV & Mobile APKs	2026-09-06T05:33:48.0455253Z e: file:///home/runner/work/tvmime/tvmime/tvApp/src/main/java/com/tvmime/tv/sv_ui/screens/settings/SettingsViewModel.kt:725:35 Unresolved reference: setCategoryHidden
Compile TV & Mobile APKs	Build Android TV & Mobile APKs	2026-09-06T05:33:48.0456203Z e: file:///home/runner/work/tvmime/tvmime/tvApp/src/main/java/com/tvmime/tv/sv_ui/screens/settings/SettingsViewModel.kt:743:35 Unresolved reference: setPlayerExternalPlaybackMode
Compile TV & Mobile APKs	Build Android TV & Mobile APKs	2026-09-06T05:33:48.0457167Z e: file:///home/runner/work/tvmime/tvmime/tvApp/src/main/java/com/tvmime/tv/sv_ui/screens/settings/SettingsViewModel.kt:749:63 Type mismatch: inferred type is Int but Long was expected
Compile TV & Mobile APKs	Build Android TV & Mobile APKs	2026-09-06T05:33:48.0458326Z e: file:///home/runner/work/tvmime/tvmime/tvApp/src/main/java/com/tvmime/tv/sv_ui/screens/settings/SettingsViewModel.kt:755:35 Unresolved reference: setPlayerAudioVideoSyncEnabled
Compile TV & Mobile APKs	Build Android TV & Mobile APKs	2026-09-06T05:33:48.0459275Z e: file:///home/runner/work/tvmime/tvmime/tvApp/src/main/java/com/tvmime/tv/sv_ui/screens/settings/SettingsViewModel.kt:761:35 Unresolved reference: setMultiViewCenterTwoSlotLayout
Compile TV & Mobile APKs	Build Android TV & Mobile APKs	2026-09-06T05:33:48.0473337Z e: file:///home/runner/work/tvmime/tvmime/tvApp/src/main/java/com/tvmime/tv/sv_ui/screens/settings/SettingsViewModel.kt:767:35 Unresolved reference: setMultiViewRespectProviderConnectionLimit
Compile TV & Mobile APKs	Build Android TV & Mobile APKs	2026-09-06T05:33:48.0474391Z e: file:///home/runner/work/tvmime/tvmime/tvApp/src/main/java/com/tvmime/tv/sv_ui/screens/settings/SettingsViewModel.kt:773:35 Unresolved reference: setPlayerMediaSessionEnabled
Compile TV & Mobile APKs	Build Android TV & Mobile APKs	2026-09-06T05:33:48.0475395Z e: file:///home/runner/work/tvmime/tvmime/tvApp/src/main/java/com/tvmime/tv/sv_ui/screens/settings/SettingsViewModel.kt:779:35 Unresolved reference: setPlayerFastRetryOnTransientFailures
Compile TV & Mobile APKs	Build Android TV & Mobile APKs	2026-09-06T05:33:48.0476302Z e: file:///home/runner/work/tvmime/tvmime/tvApp/src/main/java/com/tvmime/tv/sv_ui/screens/settings/SettingsViewModel.kt:785:35 Unresolved reference: setPlayerTimeshiftEnabled
Compile TV & Mobile APKs	Build Android TV & Mobile APKs	2026-09-06T05:33:48.0477154Z e: file:///home/runner/work/tvmime/tvmime/tvApp/src/main/java/com/tvmime/tv/sv_ui/screens/settings/SettingsViewModel.kt:791:35 Unresolved reference: setPlayerLiveTranslationEnabled
Compile TV & Mobile APKs	Build Android TV & Mobile APKs	2026-09-06T05:33:48.0478061Z e: file:///home/runner/work/tvmime/tvmime/tvApp/src/main/java/com/tvmime/tv/sv_ui/screens/settings/SettingsViewModel.kt:797:35 Unresolved reference: setPlayerLiveTranslationEndpoint
Compile TV & Mobile APKs	Build Android TV & Mobile APKs	2026-09-06T05:33:48.0478952Z e: file:///home/runner/work/tvmime/tvmime/tvApp/src/main/java/com/tvmime/tv/sv_ui/screens/settings/SettingsViewModel.kt:803:35 Unresolved reference: setPlayerTimeshiftDepthMinutes
Compile TV & Mobile APKs	Build Android TV & Mobile APKs	2026-09-06T05:33:48.0480050Z e: file:///home/runner/work/tvmime/tvmime/tvApp/src/main/java/com/tvmime/tv/sv_ui/screens/settings/SettingsViewModel.kt:809:35 Unresolved reference: setPlayerTimeshiftBackend
Compile TV & Mobile APKs	Build Android TV & Mobile APKs	2026-09-06T05:33:48.0480999Z e: file:///home/runner/work/tvmime/tvmime/tvApp/src/main/java/com/tvmime/tv/sv_ui/screens/settings/SettingsViewModel.kt:815:35 Unresolved reference: setDefaultStopPlaybackTimerMinutes
Compile TV & Mobile APKs	Build Android TV & Mobile APKs	2026-09-06T05:33:48.0481938Z e: file:///home/runner/work/tvmime/tvmime/tvApp/src/main/java/com/tvmime/tv/sv_ui/screens/settings/SettingsViewModel.kt:821:35 Unresolved reference: setDefaultIdleStandbyTimerMinutes
Compile TV & Mobile APKs	Build Android TV & Mobile APKs	2026-09-06T05:33:48.0482751Z e: file:///home/runner/work/tvmime/tvmime/tvApp/src/main/java/com/tvmime/tv/sv_ui/screens/settings/SettingsViewModel.kt:827:35 Unresolved reference: setZapAutoRevert
Compile TV & Mobile APKs	Build Android TV & Mobile APKs	2026-09-06T05:33:48.0483596Z e: file:///home/runner/work/tvmime/tvmime/tvApp/src/main/java/com/tvmime/tv/sv_ui/screens/settings/SettingsViewModel.kt:833:35 Unresolved reference: setRecordingWifiOnly
Compile TV & Mobile APKs	Build Android TV & Mobile APKs	2026-09-06T05:33:48.0484522Z e: file:///home/runner/work/tvmime/tvmime/tvApp/src/main/java/com/tvmime/tv/sv_ui/screens/settings/SettingsViewModel.kt:839:35 Unresolved reference: setRecordingPaddingBeforeMinutes
Compile TV & Mobile APKs	Build Android TV & Mobile APKs	2026-09-06T05:33:48.0485829Z e: file:///home/runner/work/tvmime/tvmime/tvApp/src/main/java/com/tvmime/tv/sv_ui/screens/settings/SettingsViewModel.kt:845:35 Unresolved reference: setRecordingPaddingAfterMinutes
Compile TV & Mobile APKs	Build Android TV & Mobile APKs	2026-09-06T05:33:48.0486752Z e: file:///home/runner/work/tvmime/tvmime/tvApp/src/main/java/com/tvmime/tv/sv_ui/screens/settings/SettingsViewModel.kt:851:35 Unresolved reference: setPlayerAudioDecoderMode
Compile TV & Mobile APKs	Build Android TV & Mobile APKs	2026-09-06T05:33:48.0487636Z e: file:///home/runner/work/tvmime/tvmime/tvApp/src/main/java/com/tvmime/tv/sv_ui/screens/settings/SettingsViewModel.kt:857:35 Unresolved reference: setPlayerVideoDecoderMode
Compile TV & Mobile APKs	Build Android TV & Mobile APKs	2026-09-06T05:33:48.0488550Z e: file:///home/runner/work/tvmime/tvmime/tvApp/src/main/java/com/tvmime/tv/sv_ui/screens/settings/SettingsViewModel.kt:863:35 Unresolved reference: setPlayerPlaybackBufferMode
Compile TV & Mobile APKs	Build Android TV & Mobile APKs	2026-09-06T05:33:48.0489492Z e: file:///home/runner/work/tvmime/tvmime/tvApp/src/main/java/com/tvmime/tv/sv_ui/screens/settings/SettingsViewModel.kt:869:35 Unresolved reference: setPlayerAudioOutputPreference
Compile TV & Mobile APKs	Build Android TV & Mobile APKs	2026-09-06T05:33:48.0491593Z e: file:///home/runner/work/tvmime/tvmime/tvApp/src/main/java/com/tvmime/tv/sv_ui/screens/settings/SettingsViewModel.kt:875:35 Unresolved reference: setPlayerCompatibilityMemoryEnabled
Compile TV & Mobile APKs	Build Android TV & Mobile APKs	2026-09-06T05:33:48.0492558Z e: file:///home/runner/work/tvmime/tvmime/tvApp/src/main/java/com/tvmime/tv/sv_ui/screens/settings/SettingsViewModel.kt:888:35 Unresolved reference: setPlayerSurfaceMode
Compile TV & Mobile APKs	Build Android TV & Mobile APKs	2026-09-06T05:33:48.0509056Z e: file:///home/runner/work/tvmime/tvmime/tvApp/src/main/java/com/tvmime/tv/sv_ui/screens/settings/SettingsViewModel.kt:894:35 Unresolved reference: setPlayerLiveStreamFormatMode
Compile TV & Mobile APKs	Build Android TV & Mobile APKs	2026-09-06T05:33:48.0510245Z e: file:///home/runner/work/tvmime/tvmime/tvApp/src/main/java/com/tvmime/tv/sv_ui/screens/settings/SettingsViewModel.kt:900:35 Unresolved reference: setPlayerVodHttpProtocolMode
Compile TV & Mobile APKs	Build Android TV & Mobile APKs	2026-09-06T05:33:48.0512125Z e: file:///home/runner/work/tvmime/tvmime/tvApp/src/main/java/com/tvmime/tv/sv_ui/screens/settings/SettingsViewModel.kt:906:35 Unresolved reference: setPlayerControlsTimeoutSeconds
Compile TV & Mobile APKs	Build Android TV & Mobile APKs	2026-09-06T05:33:48.0514014Z e: file:///home/runner/work/tvmime/tvmime/tvApp/src/main/java/com/tvmime/tv/sv_ui/screens/settings/SettingsViewModel.kt:912:35 Unresolved reference: setPlayerLiveOverlayTimeoutSeconds
Compile TV & Mobile APKs	Build Android TV & Mobile APKs	2026-09-06T05:33:48.0516046Z e: file:///home/runner/work/tvmime/tvmime/tvApp/src/main/java/com/tvmime/tv/sv_ui/screens/settings/SettingsViewModel.kt:918:35 Unresolved reference: setPlayerNoticeTimeoutSeconds
Compile TV & Mobile APKs	Build Android TV & Mobile APKs	2026-09-06T05:33:48.0518014Z e: file:///home/runner/work/tvmime/tvmime/tvApp/src/main/java/com/tvmime/tv/sv_ui/screens/settings/SettingsViewModel.kt:924:35 Unresolved reference: setPlayerDiagnosticsTimeoutSeconds
Compile TV & Mobile APKs	Build Android TV & Mobile APKs	2026-09-06T05:33:48.0520174Z e: file:///home/runner/work/tvmime/tvmime/tvApp/src/main/java/com/tvmime/tv/sv_ui/screens/settings/SettingsViewModel.kt:930:35 Unresolved reference: setPreferredAudioLanguage
Compile TV & Mobile APKs	Build Android TV & Mobile APKs	2026-09-06T05:33:48.0522167Z e: file:///home/runner/work/tvmime/tvmime/tvApp/src/main/java/com/tvmime/tv/sv_ui/screens/settings/SettingsViewModel.kt:936:35 Unresolved reference: setPlayerSubtitleTextScale
Compile TV & Mobile APKs	Build Android TV & Mobile APKs	2026-09-06T05:33:48.0524172Z e: file:///home/runner/work/tvmime/tvmime/tvApp/src/main/java/com/tvmime/tv/sv_ui/screens/settings/SettingsViewModel.kt:942:35 Unresolved reference: setPlayerSubtitleTextColor
Compile TV & Mobile APKs	Build Android TV & Mobile APKs	2026-09-06T05:33:48.0526149Z e: file:///home/runner/work/tvmime/tvmime/tvApp/src/main/java/com/tvmime/tv/sv_ui/screens/settings/SettingsViewModel.kt:948:35 Unresolved reference: setPlayerSubtitleBackgroundColor
Compile TV & Mobile APKs	Build Android TV & Mobile APKs	2026-09-06T05:33:48.0528113Z e: file:///home/runner/work/tvmime/tvmime/tvApp/src/main/java/com/tvmime/tv/sv_ui/screens/settings/SettingsViewModel.kt:954:35 Unresolved reference: setPlayerWifiMaxVideoHeight
Compile TV & Mobile APKs	Build Android TV & Mobile APKs	2026-09-06T05:33:48.0530211Z e: file:///home/runner/work/tvmime/tvmime/tvApp/src/main/java/com/tvmime/tv/sv_ui/screens/settings/SettingsViewModel.kt:960:35 Unresolved reference: setPlayerEthernetMaxVideoHeight
Compile TV & Mobile APKs	Build Android TV & Mobile APKs	2026-09-06T05:33:48.0533666Z e: file:///home/runner/work/tvmime/tvmime/tvApp/src/main/java/com/tvmime/tv/sv_ui/screens/settings/SettingsViewModel.kt:971:43 Unresolved reference: setLastSpeedTestResult
Compile TV & Mobile APKs	Build Android TV & Mobile APKs	2026-09-06T05:33:48.0536068Z e: file:///home/runner/work/tvmime/tvmime/tvApp/src/main/java/com/tvmime/tv/sv_ui/screens/settings/SettingsViewModel.kt:1004:35 Unresolved reference: setPlayerWifiMaxVideoHeight
Compile TV & Mobile APKs	Build Android TV & Mobile APKs	2026-09-06T05:33:48.0538511Z e: file:///home/runner/work/tvmime/tvmime/tvApp/src/main/java/com/tvmime/tv/sv_ui/screens/settings/SettingsViewModel.kt:1012:35 Unresolved reference: setPlayerEthernetMaxVideoHeight
Compile TV & Mobile APKs	Build Android TV & Mobile APKs	2026-09-06T05:33:48.0540564Z e: file:///home/runner/work/tvmime/tvmime/tvApp/src/main/java/com/tvmime/tv/sv_ui/screens/settings/SettingsViewModel.kt:1020:35 Unresolved reference: setIncognitoMode
Compile TV & Mobile APKs	Build Android TV & Mobile APKs	2026-09-06T05:33:48.0542459Z e: file:///home/runner/work/tvmime/tvmime/tvApp/src/main/java/com/tvmime/tv/sv_ui/screens/settings/SettingsViewModel.kt:1027:35 Unresolved reference: setUseXtreamTextClassification
Compile TV & Mobile APKs	Build Android TV & Mobile APKs	2026-09-06T05:33:48.0544471Z e: file:///home/runner/work/tvmime/tvmime/tvApp/src/main/java/com/tvmime/tv/sv_ui/screens/settings/SettingsViewModel.kt:1034:35 Unresolved reference: setXtreamBase64TextCompatibility
Compile TV & Mobile APKs	Build Android TV & Mobile APKs	2026-09-06T05:33:48.0546735Z e: file:///home/runner/work/tvmime/tvmime/tvApp/src/main/java/com/tvmime/tv/sv_ui/screens/settings/SettingsViewModel.kt:1035:35 Unresolved reference: bumpXtreamTextImportGeneration
Compile TV & Mobile APKs	Build Android TV & Mobile APKs	2026-09-06T05:33:48.0553835Z e: file:///home/runner/work/tvmime/tvmime/tvApp/src/main/java/com/tvmime/tv/sv_ui/screens/settings/SettingsViewModel.kt:1054:43 Unresolved reference: clearAllRecentData
Compile TV & Mobile APKs	Build Android TV & Mobile APKs	2026-09-06T05:33:48.0556516Z e: file:///home/runner/work/tvmime/tvmime/tvApp/src/main/java/com/tvmime/tv/sv_ui/screens/settings/SettingsViewModel.kt:1082:38 Unresolved reference: verifyParentalPin
Compile TV & Mobile APKs	Build Android TV & Mobile APKs	2026-09-06T05:33:48.0558436Z e: file:///home/runner/work/tvmime/tvmime/tvApp/src/main/java/com/tvmime/tv/sv_ui/screens/settings/SettingsViewModel.kt:1087:35 Unresolved reference: setParentalPin
Compile TV & Mobile APKs	Build Android TV & Mobile APKs	2026-09-06T05:33:48.0564532Z e: file:///home/runner/work/tvmime/tvmime/tvApp/src/main/java/com/tvmime/tv/sv_ui/screens/settings/SettingsViewModel.kt:1240:40 Unresolved reference: sync
Compile TV & Mobile APKs	Build Android TV & Mobile APKs	2026-09-06T05:33:48.0566516Z e: file:///home/runner/work/tvmime/tvmime/tvApp/src/main/java/com/tvmime/tv/sv_ui/screens/settings/SettingsViewModel.kt:1398:35 Unresolved reference: setEpgTimeShiftMinutes
Compile TV & Mobile APKs	Build Android TV & Mobile APKs	2026-09-06T05:33:48.0568501Z e: file:///home/runner/work/tvmime/tvmime/tvApp/src/main/java/com/tvmime/tv/sv_ui/screens/settings/SettingsViewModel.kt:1404:35 Unresolved reference: setEpgTimeShiftMinutes
Compile TV & Mobile APKs	Build Android TV & Mobile APKs	2026-09-06T05:33:48.0570764Z e: file:///home/runner/work/tvmime/tvmime/tvApp/src/main/java/com/tvmime/tv/sv_ui/screens/settings/parental/ParentalControlGroupScreen.kt:43:22 Unresolved reference: lifecycle
Compile TV & Mobile APKs	Build Android TV & Mobile APKs	2026-09-06T05:33:48.0573321Z e: file:///home/runner/work/tvmime/tvmime/tvApp/src/main/java/com/tvmime/tv/sv_ui/screens/settings/parental/ParentalControlGroupScreen.kt:76:48 Unresolved reference: hiltViewModel
Compile TV & Mobile APKs	Build Android TV & Mobile APKs	2026-09-06T05:33:48.0583930Z e: file:///home/runner/work/tvmime/tvmime/tvApp/src/main/java/com/tvmime/tv/sv_ui/screens/settings/parental/ParentalControlGroupViewModel.kt:58:42 None of the following functions can be called with the arguments supplied: 
Compile TV & Mobile APKs	Build Android TV & Mobile APKs	2026-09-06T05:33:48.0586408Z public inline fun <reified T, R> combine(vararg flows: Flow<TypeVariable(T)>, crossinline transform: suspend (Array<TypeVariable(T)>) -> TypeVariable(R)): Flow<TypeVariable(R)> defined in kotlinx.coroutines.flow
Compile TV & Mobile APKs	Build Android TV & Mobile APKs	2026-09-06T05:33:48.0589605Z public fun <T1, T2, T3, T4, R> combine(flow: Flow<TypeVariable(T1)>, flow2: Flow<TypeVariable(T2)>, flow3: Flow<TypeVariable(T3)>, flow4: Flow<TypeVariable(T4)>, transform: suspend (TypeVariable(T1), TypeVariable(T2), TypeVariable(T3), TypeVariable(T4)) -> TypeVariable(R)): Flow<TypeVariable(R)> defined in kotlinx.coroutines.flow
Compile TV & Mobile APKs	Build Android TV & Mobile APKs	2026-09-06T05:33:48.0592670Z e: file:///home/runner/work/tvmime/tvmime/tvApp/src/main/java/com/tvmime/tv/sv_ui/screens/settings/parental/ParentalControlGroupViewModel.kt:73:10 Not enough information to infer type variable T2
Compile TV & Mobile APKs	Build Android TV & Mobile APKs	2026-09-06T05:33:48.0594986Z e: file:///home/runner/work/tvmime/tvmime/tvApp/src/main/java/com/tvmime/tv/sv_ui/screens/settings/parental/ParentalControlGroupViewModel.kt:73:56 Cannot infer a type for this parameter. Please specify it explicitly.
Compile TV & Mobile APKs	Build Android TV & Mobile APKs	2026-09-06T05:33:48.0623901Z e: file:///home/runner/work/tvmime/tvmime/tvApp/src/main/java/com/tvmime/tv/sv_ui/screens/settings/parental/ParentalControlGroupViewModel.kt:74:24 Not enough information to infer type variable B
Compile TV & Mobile APKs	Build Android TV & Mobile APKs	2026-09-06T05:33:48.0626307Z e: file:///home/runner/work/tvmime/tvmime/tvApp/src/main/java/com/tvmime/tv/sv_ui/screens/settings/parental/ParentalControlGroupViewModel.kt:76:40 Unresolved reference: hasParentalPin
Compile TV & Mobile APKs	Build Android TV & Mobile APKs	2026-09-06T05:33:48.0631792Z e: file:///home/runner/work/tvmime/tvmime/tvApp/src/main/java/com/tvmime/tv/sv_ui/screens/settings/parental/ParentalControlGroupViewModel.kt:76:58 Cannot infer a type for this parameter. Please specify it explicitly.
Compile TV & Mobile APKs	Build Android TV & Mobile APKs	2026-09-06T05:33:48.0634268Z e: file:///home/runner/work/tvmime/tvmime/tvApp/src/main/java/com/tvmime/tv/sv_ui/screens/settings/parental/ParentalControlGroupViewModel.kt:76:86 Cannot infer a type for this parameter. Please specify it explicitly.
Compile TV & Mobile APKs	Build Android TV & Mobile APKs	2026-09-06T05:33:48.0636773Z e: file:///home/runner/work/tvmime/tvmime/tvApp/src/main/java/com/tvmime/tv/sv_ui/screens/settings/parental/ParentalControlGroupViewModel.kt:79:34 Cannot infer a type for this parameter. Please specify it explicitly.
Compile TV & Mobile APKs	Build Android TV & Mobile APKs	2026-09-06T05:33:48.0642893Z e: file:///home/runner/work/tvmime/tvmime/tvApp/src/main/java/com/tvmime/tv/sv_ui/screens/settings/parental/ParentalControlGroupViewModel.kt:79:78 Cannot infer a type for this parameter. Please specify it explicitly.
Compile TV & Mobile APKs	Build Android TV & Mobile APKs	2026-09-06T05:33:48.0645387Z e: file:///home/runner/work/tvmime/tvmime/tvApp/src/main/java/com/tvmime/tv/sv_ui/screens/settings/parental/ParentalControlGroupViewModel.kt:89:40 Cannot infer a type for this parameter. Please specify it explicitly.
Compile TV & Mobile APKs	Build Android TV & Mobile APKs	2026-09-06T05:33:48.0647856Z e: file:///home/runner/work/tvmime/tvmime/tvApp/src/main/java/com/tvmime/tv/sv_ui/screens/settings/parental/ParentalControlGroupViewModel.kt:89:48 Cannot infer a type for this parameter. Please specify it explicitly.
Compile TV & Mobile APKs	Build Android TV & Mobile APKs	2026-09-06T05:33:48.0650627Z e: file:///home/runner/work/tvmime/tvmime/tvApp/src/main/java/com/tvmime/tv/sv_ui/screens/settings/parental/ParentalControlGroupViewModel.kt:92:34 Cannot infer a type for this parameter. Please specify it explicitly.
Compile TV & Mobile APKs	Build Android TV & Mobile APKs	2026-09-06T05:33:48.0653072Z e: file:///home/runner/work/tvmime/tvmime/tvApp/src/main/java/com/tvmime/tv/sv_ui/screens/settings/parental/ParentalControlGroupViewModel.kt:92:42 Cannot infer a type for this parameter. Please specify it explicitly.
Compile TV & Mobile APKs	Build Android TV & Mobile APKs	2026-09-06T05:33:48.0655554Z e: file:///home/runner/work/tvmime/tvmime/tvApp/src/main/java/com/tvmime/tv/sv_ui/screens/settings/parental/ParentalControlGroupViewModel.kt:95:45 Cannot infer a type for this parameter. Please specify it explicitly.
Compile TV & Mobile APKs	Build Android TV & Mobile APKs	2026-09-06T05:33:48.0657904Z e: file:///home/runner/work/tvmime/tvmime/tvApp/src/main/java/com/tvmime/tv/sv_ui/screens/settings/parental/ParentalControlGroupViewModel.kt:95:53 Cannot infer a type for this parameter. Please specify it explicitly.
Compile TV & Mobile APKs	Build Android TV & Mobile APKs	2026-09-06T05:33:48.0660820Z e: file:///home/runner/work/tvmime/tvmime/tvApp/src/main/java/com/tvmime/tv/sv_ui/screens/settings/parental/ParentalControlGroupViewModel.kt:129:35 Unresolved reference: setCategoryHidden
Compile TV & Mobile APKs	Build Android TV & Mobile APKs	2026-09-06T05:33:48.0663003Z e: file:///home/runner/work/tvmime/tvmime/tvApp/src/main/java/com/tvmime/tv/sv_ui/screens/settings/parental/ParentalControlGroupViewModel.kt:151:35 Unresolved reference: setHiddenCategoryIds
Compile TV & Mobile APKs	Build Android TV & Mobile APKs	2026-09-06T05:33:48.0665215Z e: file:///home/runner/work/tvmime/tvmime/tvApp/src/main/java/com/tvmime/tv/sv_ui/screens/settings/parental/ParentalControlGroupViewModel.kt:162:35 Unresolved reference: setHiddenCategoryIds
Compile TV & Mobile APKs	Build Android TV & Mobile APKs	2026-09-06T05:33:48.0667450Z e: file:///home/runner/work/tvmime/tvmime/tvApp/src/main/java/com/tvmime/tv/sv_ui/screens/settings/parental/ParentalControlGroupViewModel.kt:171:73 Unresolved reference: verifyParentalPin
Compile TV & Mobile APKs	Build Android TV & Mobile APKs	2026-09-06T05:33:48.0669676Z e: file:///home/runner/work/tvmime/tvmime/tvApp/src/main/java/com/tvmime/tv/sv_ui/screens/settings/parental/ParentalControlGroupViewModel.kt:175:35 Unresolved reference: setParentalPin
Compile TV & Mobile APKs	Build Android TV & Mobile APKs	2026-09-06T05:33:48.0672142Z e: file:///home/runner/work/tvmime/tvmime/tvApp/src/main/java/com/tvmime/tv/ui/common/TvUiComponents.kt:91:32 Unresolved reference: TvMimeThemeTokens
Compile TV & Mobile APKs	Build Android TV & Mobile APKs	2026-09-06T05:33:48.0673908Z e: file:///home/runner/work/tvmime/tvmime/tvApp/src/main/java/com/tvmime/tv/ui/common/TvUiComponents.kt:99:19 Unresolved reference: TvMimeThemeTokens
Compile TV & Mobile APKs	Build Android TV & Mobile APKs	2026-09-06T05:33:48.0675650Z e: file:///home/runner/work/tvmime/tvmime/tvApp/src/main/java/com/tvmime/tv/ui/common/TvUiComponents.kt:100:19 Unresolved reference: TvMimeThemeTokens
Compile TV & Mobile APKs	Build Android TV & Mobile APKs	2026-09-06T05:33:48.0677577Z e: file:///home/runner/work/tvmime/tvmime/tvApp/src/main/java/com/tvmime/tv/ui/common/TvUiComponents.kt:114:31 None of the following functions can be called with the arguments supplied: 
Compile TV & Mobile APKs	Build Android TV & Mobile APKs	2026-09-06T05:33:48.0679910Z public final fun verticalGradient(vararg colorStops: Pair<Float, Color>, startY: Float = ..., endY: Float = ..., tileMode: TileMode = ...): Brush defined in androidx.compose.ui.graphics.Brush.Companion
Compile TV & Mobile APKs	Build Android TV & Mobile APKs	2026-09-06T05:33:48.0682212Z public final fun verticalGradient(colors: List<Color>, startY: Float = ..., endY: Float = ..., tileMode: TileMode = ...): Brush defined in androidx.compose.ui.graphics.Brush.Companion
Compile TV & Mobile APKs	Build Android TV & Mobile APKs	2026-09-06T05:33:48.0684132Z e: file:///home/runner/work/tvmime/tvmime/tvApp/src/main/java/com/tvmime/tv/ui/common/TvUiComponents.kt:126:31 None of the following functions can be called with the arguments supplied: 
Compile TV & Mobile APKs	Build Android TV & Mobile APKs	2026-09-06T05:33:48.0686265Z public final fun radialGradient(vararg colorStops: Pair<Float, Color>, center: Offset = ..., radius: Float = ..., tileMode: TileMode = ...): Brush defined in androidx.compose.ui.graphics.Brush.Companion
Compile TV & Mobile APKs	Build Android TV & Mobile APKs	2026-09-06T05:33:48.0688223Z public final fun radialGradient(colors: List<Color>, center: Offset = ..., radius: Float = ..., tileMode: TileMode = ...): Brush defined in androidx.compose.ui.graphics.Brush.Companion
Compile TV & Mobile APKs	Build Android TV & Mobile APKs	2026-09-06T05:33:48.0690946Z e: file:///home/runner/work/tvmime/tvmime/tvApp/src/main/java/com/tvmime/tv/ui/common/TvUiComponents.kt:135:31 None of the following functions can be called with the arguments supplied: 
Compile TV & Mobile APKs	Build Android TV & Mobile APKs	2026-09-06T05:33:48.0693101Z public final fun radialGradient(vararg colorStops: Pair<Float, Color>, center: Offset = ..., radius: Float = ..., tileMode: TileMode = ...): Brush defined in androidx.compose.ui.graphics.Brush.Companion
Compile TV & Mobile APKs	Build Android TV & Mobile APKs	2026-09-06T05:33:48.0695106Z public final fun radialGradient(colors: List<Color>, center: Offset = ..., radius: Float = ..., tileMode: TileMode = ...): Brush defined in androidx.compose.ui.graphics.Brush.Companion
Compile TV & Mobile APKs	Build Android TV & Mobile APKs	2026-09-06T05:33:48.0696974Z e: file:///home/runner/work/tvmime/tvmime/tvApp/src/main/java/com/tvmime/tv/ui/common/TvUiComponents.kt:179:19 Unresolved reference: TvMimeThemeTokens
Compile TV & Mobile APKs	Build Android TV & Mobile APKs	2026-09-06T05:33:48.0698666Z e: file:///home/runner/work/tvmime/tvmime/tvApp/src/main/java/com/tvmime/tv/ui/common/TvUiComponents.kt:192:18 Unresolved reference: TvMimeThemeTokens
Compile TV & Mobile APKs	Build Android TV & Mobile APKs	2026-09-06T05:33:48.0700391Z e: file:///home/runner/work/tvmime/tvmime/tvApp/src/main/java/com/tvmime/tv/ui/common/TvUiComponents.kt:212:17 Unresolved reference: TvMimeThemeTokens
Compile TV & Mobile APKs	Build Android TV & Mobile APKs	2026-09-06T05:33:48.0701362Z e: file:///home/runner/work/tvmime/tvmime/tvApp/src/main/java/com/tvmime/tv/ui/common/TvUiComponents.kt:230:29 Unresolved reference: android
Compile TV & Mobile APKs	Build Android TV & Mobile APKs	2026-09-06T05:33:48.0702284Z e: file:///home/runner/work/tvmime/tvmime/tvApp/src/main/java/com/tvmime/tv/ui/common/TvUiComponents.kt:231:29 Unresolved reference: android
Compile TV & Mobile APKs	Build Android TV & Mobile APKs	2026-09-06T05:33:48.0703169Z e: file:///home/runner/work/tvmime/tvmime/tvApp/src/main/java/com/tvmime/tv/ui/common/TvUiComponents.kt:232:31 Unresolved reference: android
Compile TV & Mobile APKs	Build Android TV & Mobile APKs	2026-09-06T05:33:48.0704045Z e: file:///home/runner/work/tvmime/tvmime/tvApp/src/main/java/com/tvmime/tv/ui/common/TvUiComponents.kt:233:30 Unresolved reference: android
Compile TV & Mobile APKs	Build Android TV & Mobile APKs	2026-09-06T05:33:48.0704928Z e: file:///home/runner/work/tvmime/tvmime/tvApp/src/main/java/com/tvmime/tv/ui/common/TvUiComponents.kt:234:34 Unresolved reference: android
Compile TV & Mobile APKs	Build Android TV & Mobile APKs	2026-09-06T05:33:48.0705808Z e: file:///home/runner/work/tvmime/tvmime/tvApp/src/main/java/com/tvmime/tv/ui/common/TvUiComponents.kt:235:30 Unresolved reference: android
Compile TV & Mobile APKs	Build Android TV & Mobile APKs	2026-09-06T05:33:48.0706968Z e: file:///home/runner/work/tvmime/tvmime/tvApp/src/main/java/com/tvmime/tv/ui/common/TvUiComponents.kt:236:37 Unresolved reference: android
Compile TV & Mobile APKs	Build Android TV & Mobile APKs	2026-09-06T05:33:48.0707861Z e: file:///home/runner/work/tvmime/tvmime/tvApp/src/main/java/com/tvmime/tv/ui/common/TvUiComponents.kt:237:36 Unresolved reference: android
Compile TV & Mobile APKs	Build Android TV & Mobile APKs	2026-09-06T05:33:48.0708747Z e: file:///home/runner/work/tvmime/tvmime/tvApp/src/main/java/com/tvmime/tv/ui/common/TvUiComponents.kt:238:29 Unresolved reference: android
Compile TV & Mobile APKs	Build Android TV & Mobile APKs	2026-09-06T05:33:48.0709633Z e: file:///home/runner/work/tvmime/tvmime/tvApp/src/main/java/com/tvmime/tv/ui/common/TvUiComponents.kt:239:29 Unresolved reference: android
Compile TV & Mobile APKs	Build Android TV & Mobile APKs	2026-09-06T05:33:48.0711160Z e: file:///home/runner/work/tvmime/tvmime/tvApp/src/main/java/com/tvmime/tv/ui/common/TvUiComponents.kt:240:28 Unresolved reference: android
Compile TV & Mobile APKs	Build Android TV & Mobile APKs	2026-09-06T05:33:48.0712056Z e: file:///home/runner/work/tvmime/tvmime/tvApp/src/main/java/com/tvmime/tv/ui/common/TvUiComponents.kt:241:32 Unresolved reference: android
Compile TV & Mobile APKs	Build Android TV & Mobile APKs	2026-09-06T05:33:48.0713167Z e: file:///home/runner/work/tvmime/tvmime/tvApp/src/main/java/com/tvmime/tv/ui/common/TvUiComponents.kt:242:30 Unresolved reference: android
Compile TV & Mobile APKs	Build Android TV & Mobile APKs	2026-09-06T05:33:48.0714056Z e: file:///home/runner/work/tvmime/tvmime/tvApp/src/main/java/com/tvmime/tv/ui/common/TvUiComponents.kt:243:29 Unresolved reference: android
Compile TV & Mobile APKs	Build Android TV & Mobile APKs	2026-09-06T05:33:48.0714935Z e: file:///home/runner/work/tvmime/tvmime/tvApp/src/main/java/com/tvmime/tv/ui/common/TvUiComponents.kt:244:30 Unresolved reference: android
Compile TV & Mobile APKs	Build Android TV & Mobile APKs	2026-09-06T05:33:48.0715817Z e: file:///home/runner/work/tvmime/tvmime/tvApp/src/main/java/com/tvmime/tv/ui/common/TvUiComponents.kt:245:29 Unresolved reference: android
Compile TV & Mobile APKs	Build Android TV & Mobile APKs	2026-09-06T05:33:48.0716694Z e: file:///home/runner/work/tvmime/tvmime/tvApp/src/main/java/com/tvmime/tv/ui/common/TvUiComponents.kt:246:33 Unresolved reference: android
Compile TV & Mobile APKs	Build Android TV & Mobile APKs	2026-09-06T05:33:48.0717570Z e: file:///home/runner/work/tvmime/tvmime/tvApp/src/main/java/com/tvmime/tv/ui/common/TvUiComponents.kt:247:31 Unresolved reference: android
Compile TV & Mobile APKs	Build Android TV & Mobile APKs	2026-09-06T05:33:48.0718471Z e: file:///home/runner/work/tvmime/tvmime/tvApp/src/main/java/com/tvmime/tv/ui/common/TvUiComponents.kt:248:30 Unresolved reference: android
Compile TV & Mobile APKs	Build Android TV & Mobile APKs	2026-09-06T05:33:48.0719351Z e: file:///home/runner/work/tvmime/tvmime/tvApp/src/main/java/com/tvmime/tv/ui/common/TvUiComponents.kt:249:33 Unresolved reference: android
Compile TV & Mobile APKs	Build Android TV & Mobile APKs	2026-09-06T05:33:48.0720421Z e: file:///home/runner/work/tvmime/tvmime/tvApp/src/main/java/com/tvmime/tv/ui/common/TvUiComponents.kt:250:31 Unresolved reference: android
Compile TV & Mobile APKs	Build Android TV & Mobile APKs	2026-09-06T05:33:48.0721314Z e: file:///home/runner/work/tvmime/tvmime/tvApp/src/main/java/com/tvmime/tv/ui/common/TvUiComponents.kt:251:30 Unresolved reference: android
Compile TV & Mobile APKs	Build Android TV & Mobile APKs	2026-09-06T05:33:48.0722216Z e: file:///home/runner/work/tvmime/tvmime/tvApp/src/main/java/com/tvmime/tv/ui/common/TvUiComponents.kt:252:28 Unresolved reference: android
Compile TV & Mobile APKs	Build Android TV & Mobile APKs	2026-09-06T05:33:48.0723117Z e: file:///home/runner/work/tvmime/tvmime/tvApp/src/main/java/com/tvmime/tv/ui/common/TvUiComponents.kt:253:29 Unresolved reference: android
Compile TV & Mobile APKs	Build Android TV & Mobile APKs	2026-09-06T05:33:48.0724036Z e: file:///home/runner/work/tvmime/tvmime/tvApp/src/main/java/com/tvmime/tv/ui/common/TvUiComponents.kt:254:31 Unresolved reference: android
Compile TV & Mobile APKs	Build Android TV & Mobile APKs	2026-09-06T05:33:48.0725225Z e: file:///home/runner/work/tvmime/tvmime/tvApp/src/main/java/com/tvmime/tv/ui/common/TvUiComponents.kt:255:31 Unresolved reference: android
Compile TV & Mobile APKs	Build Android TV & Mobile APKs	2026-09-06T05:33:48.0726112Z e: file:///home/runner/work/tvmime/tvmime/tvApp/src/main/java/com/tvmime/tv/ui/common/TvUiComponents.kt:256:32 Unresolved reference: android
Compile TV & Mobile APKs	Build Android TV & Mobile APKs	2026-09-06T05:33:48.0727002Z e: file:///home/runner/work/tvmime/tvmime/tvApp/src/main/java/com/tvmime/tv/ui/common/TvUiComponents.kt:257:31 Unresolved reference: android
Compile TV & Mobile APKs	Build Android TV & Mobile APKs	2026-09-06T05:33:48.0727882Z e: file:///home/runner/work/tvmime/tvmime/tvApp/src/main/java/com/tvmime/tv/ui/common/TvUiComponents.kt:258:29 Unresolved reference: android
Compile TV & Mobile APKs	Build Android TV & Mobile APKs	2026-09-06T05:33:48.0728766Z e: file:///home/runner/work/tvmime/tvmime/tvApp/src/main/java/com/tvmime/tv/ui/common/TvUiComponents.kt:259:36 Unresolved reference: android
Compile TV & Mobile APKs	Build Android TV & Mobile APKs	2026-09-06T05:33:48.0730127Z e: file:///home/runner/work/tvmime/tvmime/tvApp/src/main/java/com/tvmime/tv/ui/common/TvUiComponents.kt:283:19 Unresolved reference: TvMimeThemeTokens
Compile TV & Mobile APKs	Build Android TV & Mobile APKs	2026-09-06T05:33:48.0731106Z e: file:///home/runner/work/tvmime/tvmime/tvApp/src/main/java/com/tvmime/tv/ui/common/TvUiComponents.kt:284:22 Unresolved reference: TvMimeThemeTokens
Compile TV & Mobile APKs	Build Android TV & Mobile APKs	2026-09-06T05:33:48.0732057Z e: file:///home/runner/work/tvmime/tvmime/tvApp/src/main/java/com/tvmime/tv/ui/common/TvUiComponents.kt:310:17 Unresolved reference: TvMimeThemeTokens
Compile TV & Mobile APKs	Build Android TV & Mobile APKs	2026-09-06T05:33:48.0733123Z e: file:///home/runner/work/tvmime/tvmime/tvApp/src/main/java/com/tvmime/tv/ui/common/TvUiComponents.kt:358:13 None of the following functions can be called with the arguments supplied: 
Compile TV & Mobile APKs	Build Android TV & Mobile APKs	2026-09-06T05:33:48.0735402Z public fun Text(text: AnnotatedString, modifier: Modifier = ..., color: Color = ..., fontSize: TextUnit = ..., fontStyle: FontStyle? = ..., fontWeight: FontWeight? = ..., fontFamily: FontFamily? = ..., letterSpacing: TextUnit = ..., textDecoration: TextDecoration? = ..., textAlign: TextAlign? = ..., lineHeight: TextUnit = ..., overflow: TextOverflow = ..., softWrap: Boolean = ..., maxLines: Int = ..., inlineContent: Map<String, InlineTextContent> = ..., onTextLayout: (TextLayoutResult) -> Unit = ..., style: TextStyle = ...): Unit defined in androidx.tv.material3
Compile TV & Mobile APKs	Build Android TV & Mobile APKs	2026-09-06T05:33:48.0738688Z public fun Text(text: String, modifier: Modifier = ..., color: Color = ..., fontSize: TextUnit = ..., fontStyle: FontStyle? = ..., fontWeight: FontWeight? = ..., fontFamily: FontFamily? = ..., letterSpacing: TextUnit = ..., textDecoration: TextDecoration? = ..., textAlign: TextAlign? = ..., lineHeight: TextUnit = ..., overflow: TextOverflow = ..., softWrap: Boolean = ..., maxLines: Int = ..., onTextLayout: (TextLayoutResult) -> Unit = ..., style: TextStyle = ...): Unit defined in androidx.tv.material3
Compile TV & Mobile APKs	Build Android TV & Mobile APKs	2026-09-06T05:33:48.0741154Z e: file:///home/runner/work/tvmime/tvmime/tvApp/src/main/java/com/tvmime/tv/ui/common/TvUiComponents.kt:384:19 Unresolved reference: TvMimeThemeTokens
Compile TV & Mobile APKs	Build Android TV & Mobile APKs	2026-09-06T05:33:48.0742167Z e: file:///home/runner/work/tvmime/tvmime/tvApp/src/main/java/com/tvmime/tv/ui/common/TvUiComponents.kt:385:22 Unresolved reference: TvMimeThemeTokens
Compile TV & Mobile APKs	Build Android TV & Mobile APKs	2026-09-06T05:33:48.0743131Z e: file:///home/runner/work/tvmime/tvmime/tvApp/src/main/java/com/tvmime/tv/ui/common/TvUiComponents.kt:392:18 Unresolved reference: TvMimeThemeTokens
Compile TV & Mobile APKs	Build Android TV & Mobile APKs	2026-09-06T05:33:48.0744075Z e: file:///home/runner/work/tvmime/tvmime/tvApp/src/main/java/com/tvmime/tv/ui/common/TvUiComponents.kt:501:14 Overload resolution ambiguity: 
Compile TV & Mobile APKs	Build Android TV & Mobile APKs	2026-09-06T05:33:48.0744971Z public fun Modifier.background(brush: Brush, shape: Shape = ..., alpha: Float = ...): Modifier defined in androidx.compose.foundation
Compile TV & Mobile APKs	Build Android TV & Mobile APKs	2026-09-06T05:33:48.0745747Z public fun Modifier.background(color: Color, shape: Shape = ...): Modifier defined in androidx.compose.foundation
Compile TV & Mobile APKs	Build Android TV & Mobile APKs	2026-09-06T05:33:48.0746611Z e: file:///home/runner/work/tvmime/tvmime/tvApp/src/main/java/com/tvmime/tv/ui/common/TvUiComponents.kt:637:19 Unresolved reference: TvMimeThemeTokens
Compile TV & Mobile APKs	Build Android TV & Mobile APKs	2026-09-06T05:33:48.0747604Z e: file:///home/runner/work/tvmime/tvmime/tvApp/src/main/java/com/tvmime/tv/ui/common/TvUiComponents.kt:693:19 Unresolved reference: TvMimeThemeTokens
Compile TV & Mobile APKs	Build Android TV & Mobile APKs	2026-09-06T05:33:48.0748565Z e: file:///home/runner/work/tvmime/tvmime/tvApp/src/main/java/com/tvmime/tv/ui/common/TvUiComponents.kt:699:34 Unresolved reference: TvMimeThemeTokens
Compile TV & Mobile APKs	Build Android TV & Mobile APKs	2026-09-06T05:33:48.0749517Z e: file:///home/runner/work/tvmime/tvmime/tvApp/src/main/java/com/tvmime/tv/ui/common/TvUiComponents.kt:772:19 Unresolved reference: TvMimeThemeTokens
Compile TV & Mobile APKs	Build Android TV & Mobile APKs	2026-09-06T05:33:48.0750663Z e: file:///home/runner/work/tvmime/tvmime/tvApp/src/main/java/com/tvmime/tv/ui/common/TvUiComponents.kt:773:22 Unresolved reference: TvMimeThemeTokens
Compile TV & Mobile APKs	Build Android TV & Mobile APKs	2026-09-06T05:33:48.0751618Z e: file:///home/runner/work/tvmime/tvmime/tvApp/src/main/java/com/tvmime/tv/ui/common/TvUiComponents.kt:774:19 Unresolved reference: TvMimeThemeTokens
Compile TV & Mobile APKs	Build Android TV & Mobile APKs	2026-09-06T05:33:48.0752560Z e: file:///home/runner/work/tvmime/tvmime/tvApp/src/main/java/com/tvmime/tv/ui/common/TvUiComponents.kt:811:35 Unresolved reference: TvMimeThemeTokens
Compile TV & Mobile APKs	Build Android TV & Mobile APKs	2026-09-06T05:33:48.0753800Z e: file:///home/runner/work/tvmime/tvmime/tvApp/src/main/java/com/tvmime/tv/ui/common/TvUiComponents.kt:814:30 None of the following functions can be called with the arguments supplied: 
Compile TV & Mobile APKs	Build Android TV & Mobile APKs	2026-09-06T05:33:48.0754804Z public fun Modifier.background(brush: Brush, shape: Shape = ..., alpha: Float = ...): Modifier defined in androidx.compose.foundation
Compile TV & Mobile APKs	Build Android TV & Mobile APKs	2026-09-06T05:33:48.0755577Z public fun Modifier.background(color: Color, shape: Shape = ...): Modifier defined in androidx.compose.foundation
Compile TV & Mobile APKs	Build Android TV & Mobile APKs	2026-09-06T05:33:48.0756410Z e: file:///home/runner/work/tvmime/tvmime/tvApp/src/main/java/com/tvmime/tv/ui/common/TvUiComponents.kt:895:19 Unresolved reference: TvMimeThemeTokens
Compile TV & Mobile APKs	Build Android TV & Mobile APKs	2026-09-06T05:33:48.0757359Z e: file:///home/runner/work/tvmime/tvmime/tvApp/src/main/java/com/tvmime/tv/ui/common/TvUiComponents.kt:896:22 Unresolved reference: TvMimeThemeTokens
Compile TV & Mobile APKs	Build Android TV & Mobile APKs	2026-09-06T05:33:48.0758567Z e: file:///home/runner/work/tvmime/tvmime/tvApp/src/main/java/com/tvmime/tv/ui/common/TvUiComponents.kt:907:5 None of the following functions can be called with the arguments supplied: 
Compile TV & Mobile APKs	Build Android TV & Mobile APKs	2026-09-06T05:33:48.0761059Z public fun Text(text: AnnotatedString, modifier: Modifier = ..., color: Color = ..., fontSize: TextUnit = ..., fontStyle: FontStyle? = ..., fontWeight: FontWeight? = ..., fontFamily: FontFamily? = ..., letterSpacing: TextUnit = ..., textDecoration: TextDecoration? = ..., textAlign: TextAlign? = ..., lineHeight: TextUnit = ..., overflow: TextOverflow = ..., softWrap: Boolean = ..., maxLines: Int = ..., inlineContent: Map<String, InlineTextContent> = ..., onTextLayout: (TextLayoutResult) -> Unit = ..., style: TextStyle = ...): Unit defined in androidx.tv.material3
Compile TV & Mobile APKs	Build Android TV & Mobile APKs	2026-09-06T05:33:48.0764098Z public fun Text(text: String, modifier: Modifier = ..., color: Color = ..., fontSize: TextUnit = ..., fontStyle: FontStyle? = ..., fontWeight: FontWeight? = ..., fontFamily: FontFamily? = ..., letterSpacing: TextUnit = ..., textDecoration: TextDecoration? = ..., textAlign: TextAlign? = ..., lineHeight: TextUnit = ..., overflow: TextOverflow = ..., softWrap: Boolean = ..., maxLines: Int = ..., onTextLayout: (TextLayoutResult) -> Unit = ..., style: TextStyle = ...): Unit defined in androidx.tv.material3
Compile TV & Mobile APKs	Build Android TV & Mobile APKs	2026-09-06T05:33:48.0765997Z e: file:///home/runner/work/tvmime/tvmime/tvApp/src/main/java/com/tvmime/tv/ui/common/TvUiComponents.kt:915:19 Unresolved reference: TvMimeThemeTokens
Compile TV & Mobile APKs	Build Android TV & Mobile APKs	2026-09-06T05:33:48.0767055Z e: file:///home/runner/work/tvmime/tvmime/tvApp/src/main/java/com/tvmime/tv/ui/common/TvUiComponents.kt:916:14 None of the following functions can be called with the arguments supplied: 
Compile TV & Mobile APKs	Build Android TV & Mobile APKs	2026-09-06T05:33:48.0768047Z public fun Modifier.background(brush: Brush, shape: Shape = ..., alpha: Float = ...): Modifier defined in androidx.compose.foundation
Compile TV & Mobile APKs	Build Android TV & Mobile APKs	2026-09-06T05:33:48.0768797Z public fun Modifier.background(color: Color, shape: Shape = ...): Modifier defined in androidx.compose.foundation
Compile TV & Mobile APKs	Build Android TV & Mobile APKs	2026-09-06T05:33:48.0769626Z e: file:///home/runner/work/tvmime/tvmime/tvApp/src/main/java/com/tvmime/tv/ui/livetv/LiveTvScreen.kt:46:56 Unresolved reference: SurfaceDefaults
Compile TV & Mobile APKs	Build Android TV & Mobile APKs	2026-09-06T05:33:48.0770891Z e: file:///home/runner/work/tvmime/tvmime/tvApp/src/main/java/com/tvmime/tv/ui/livetv/LiveTvScreen.kt:72:60 Unresolved reference: SurfaceDefaults
Compile TV & Mobile APKs	Build Android TV & Mobile APKs	2026-09-06T05:33:48.0771813Z e: file:///home/runner/work/tvmime/tvmime/tvApp/src/main/java/com/tvmime/tv/ui/livetv/LiveTvScreen.kt:85:56 Unresolved reference: SurfaceDefaults
Compile TV & Mobile APKs	Build Android TV & Mobile APKs	2026-09-06T05:33:48.0772793Z e: file:///home/runner/work/tvmime/tvmime/tvApp/src/main/java/com/tvmime/tv/ui/onboarding/OnboardingScreen.kt:145:30 Unresolved reference: SurfaceDefaults
Compile TV & Mobile APKs	Build Android TV & Mobile APKs	2026-09-06T05:33:48.0773853Z e: file:///home/runner/work/tvmime/tvmime/tvApp/src/main/java/com/tvmime/tv/viewmodel/TvMainViewModel.kt:68:101 Type mismatch: inferred type is String but Int was expected
Compile TV & Mobile APKs	Build Android TV & Mobile APKs	2026-09-06T05:33:48.0774959Z e: file:///home/runner/work/tvmime/tvmime/tvApp/src/main/java/com/tvmime/tv/viewmodel/TvMainViewModel.kt:68:109 The integer literal does not conform to the expected type String
Compile TV & Mobile APKs	Build Android TV & Mobile APKs	2026-09-06T05:33:48.0776231Z e: file:///home/runner/work/tvmime/tvmime/tvApp/src/main/java/com/tvmime/tv/viewmodel/TvMainViewModel.kt:69:95 Type mismatch: inferred type is String but Int was expected
Compile TV & Mobile APKs	Build Android TV & Mobile APKs	2026-09-06T05:33:48.0777323Z e: file:///home/runner/work/tvmime/tvmime/tvApp/src/main/java/com/tvmime/tv/viewmodel/TvMainViewModel.kt:69:103 The integer literal does not conform to the expected type String
Compile TV & Mobile APKs	Build Android TV & Mobile APKs	2026-09-06T05:33:48.0777932Z 
Compile TV & Mobile APKs	Build Android TV & Mobile APKs	2026-09-06T05:33:48.0778061Z > Task :tvApp:compileDebugKotlin FAILED
Compile TV & Mobile APKs	Build Android TV & Mobile APKs	2026-09-06T05:33:48.0778352Z 
Compile TV & Mobile APKs	Build Android TV & Mobile APKs	2026-09-06T05:33:48.0778478Z FAILURE: Build failed with an exception.
Compile TV & Mobile APKs	Build Android TV & Mobile APKs	2026-09-06T05:33:48.0778676Z 
Compile TV & Mobile APKs	Build Android TV & Mobile APKs	2026-09-06T05:33:48.0778765Z * What went wrong:
Compile TV & Mobile APKs	Build Android TV & Mobile APKs	2026-09-06T05:33:48.0779063Z Execution failed for task ':tvApp:compileDebugKotlin'.
Compile TV & Mobile APKs	Build Android TV & Mobile APKs	2026-09-06T05:33:48.0780029Z > A failure occurred while executing org.jetbrains.kotlin.compilerRunner.GradleCompilerRunnerWithWorkers$GradleKotlinCompilerWorkAction
Compile TV & Mobile APKs	Build Android TV & Mobile APKs	2026-09-06T05:33:48.0780940Z    > Compilation error. See log for more details
Compile TV & Mobile APKs	Build Android TV & Mobile APKs	2026-09-06T05:33:48.0781153Z 
Compile TV & Mobile APKs	Build Android TV & Mobile APKs	2026-09-06T05:33:48.0781241Z * Try:
Compile TV & Mobile APKs	Build Android TV & Mobile APKs	2026-09-06T05:33:48.0781524Z > Run with --info or --debug option to get more log output.
Compile TV & Mobile APKs	Build Android TV & Mobile APKs	2026-09-06T05:33:48.0781883Z > Run with --scan to get full insights.
Compile TV & Mobile APKs	Build Android TV & Mobile APKs	2026-09-06T05:33:48.0782222Z > Get more help at https://help.gradle.org.
Compile TV & Mobile APKs	Build Android TV & Mobile APKs	2026-09-06T05:33:48.0782440Z 
Compile TV & Mobile APKs	Build Android TV & Mobile APKs	2026-09-06T05:33:48.0782528Z * Exception is:
Compile TV & Mobile APKs	Build Android TV & Mobile APKs	2026-09-06T05:33:48.0782987Z org.gradle.api.tasks.TaskExecutionException: Execution failed for task ':tvApp:compileDebugKotlin'.
Compile TV & Mobile APKs	Build Android TV & Mobile APKs	2026-09-06T05:33:48.0783865Z 	at org.gradle.api.internal.tasks.execution.ExecuteActionsTaskExecuter.lambda$executeIfValid$1(ExecuteActionsTaskExecuter.java:130)
Compile TV & Mobile APKs	Build Android TV & Mobile APKs	2026-09-06T05:33:48.0784621Z 	at org.gradle.internal.Try$Failure.ifSuccessfulOrElse(Try.java:282)
Compile TV & Mobile APKs	Build Android TV & Mobile APKs	2026-09-06T05:33:48.0785345Z 	at org.gradle.api.internal.tasks.execution.ExecuteActionsTaskExecuter.executeIfValid(ExecuteActionsTaskExecuter.java:128)
Compile TV & Mobile APKs	Build Android TV & Mobile APKs	2026-09-06T05:33:48.0786263Z 	at org.gradle.api.internal.tasks.execution.ExecuteActionsTaskExecuter.execute(ExecuteActionsTaskExecuter.java:116)
Compile TV & Mobile APKs	Build Android TV & Mobile APKs	2026-09-06T05:33:48.0787158Z 	at org.gradle.api.internal.tasks.execution.FinalizePropertiesTaskExecuter.execute(FinalizePropertiesTaskExecuter.java:46)
Compile TV & Mobile APKs	Build Android TV & Mobile APKs	2026-09-06T05:33:48.0788103Z 	at org.gradle.api.internal.tasks.execution.ResolveTaskExecutionModeExecuter.execute(ResolveTaskExecutionModeExecuter.java:51)
Compile TV & Mobile APKs	Build Android TV & Mobile APKs	2026-09-06T05:33:48.0789040Z 	at org.gradle.api.internal.tasks.execution.SkipTaskWithNoActionsExecuter.execute(SkipTaskWithNoActionsExecuter.java:57)
Compile TV & Mobile APKs	Build Android TV & Mobile APKs	2026-09-06T05:33:48.0790152Z 	at org.gradle.api.internal.tasks.execution.SkipOnlyIfTaskExecuter.execute(SkipOnlyIfTaskExecuter.java:74)
Compile TV & Mobile APKs	Build Android TV & Mobile APKs	2026-09-06T05:33:48.0790987Z 	at org.gradle.api.internal.tasks.execution.CatchExceptionTaskExecuter.execute(CatchExceptionTaskExecuter.java:36)
Compile TV & Mobile APKs	Build Android TV & Mobile APKs	2026-09-06T05:33:48.0791834Z 	at org.gradle.api.internal.tasks.execution.EventFiringTaskExecuter$1.executeTask(EventFiringTaskExecuter.java:77)
Compile TV & Mobile APKs	Build Android TV & Mobile APKs	2026-09-06T05:33:48.0792627Z 	at org.gradle.api.internal.tasks.execution.EventFiringTaskExecuter$1.call(EventFiringTaskExecuter.java:55)
Compile TV & Mobile APKs	Build Android TV & Mobile APKs	2026-09-06T05:33:48.0793386Z 	at org.gradle.api.internal.tasks.execution.EventFiringTaskExecuter$1.call(EventFiringTaskExecuter.java:52)
Compile TV & Mobile APKs	Build Android TV & Mobile APKs	2026-09-06T05:33:48.0794281Z 	at org.gradle.internal.operations.DefaultBuildOperationRunner$CallableBuildOperationWorker.execute(DefaultBuildOperationRunner.java:200)
Compile TV & Mobile APKs	Build Android TV & Mobile APKs	2026-09-06T05:33:48.0795292Z 	at org.gradle.internal.operations.DefaultBuildOperationRunner$CallableBuildOperationWorker.execute(DefaultBuildOperationRunner.java:195)
Compile TV & Mobile APKs	Build Android TV & Mobile APKs	2026-09-06T05:33:48.0796183Z 	at org.gradle.internal.operations.DefaultBuildOperationRunner$2.execute(DefaultBuildOperationRunner.java:66)
Compile TV & Mobile APKs	Build Android TV & Mobile APKs	2026-09-06T05:33:48.0796960Z 	at org.gradle.internal.operations.DefaultBuildOperationRunner$2.execute(DefaultBuildOperationRunner.java:59)
Compile TV & Mobile APKs	Build Android TV & Mobile APKs	2026-09-06T05:33:48.0797739Z 	at org.gradle.internal.operations.DefaultBuildOperationRunner.execute(DefaultBuildOperationRunner.java:157)
Compile TV & Mobile APKs	Build Android TV & Mobile APKs	2026-09-06T05:33:48.0798523Z 	at org.gradle.internal.operations.DefaultBuildOperationRunner.execute(DefaultBuildOperationRunner.java:59)
Compile TV & Mobile APKs	Build Android TV & Mobile APKs	2026-09-06T05:33:48.0799488Z 	at org.gradle.internal.operations.DefaultBuildOperationRunner.call(DefaultBuildOperationRunner.java:53)
Compile TV & Mobile APKs	Build Android TV & Mobile APKs	2026-09-06T05:33:48.0800403Z 	at org.gradle.internal.operations.DefaultBuildOperationExecutor.call(DefaultBuildOperationExecutor.java:73)
Compile TV & Mobile APKs	Build Android TV & Mobile APKs	2026-09-06T05:33:48.0801196Z 	at org.gradle.api.internal.tasks.execution.EventFiringTaskExecuter.execute(EventFiringTaskExecuter.java:52)
Compile TV & Mobile APKs	Build Android TV & Mobile APKs	2026-09-06T05:33:48.0801917Z 	at org.gradle.execution.plan.LocalTaskNodeExecutor.execute(LocalTaskNodeExecutor.java:42)
Compile TV & Mobile APKs	Build Android TV & Mobile APKs	2026-09-06T05:33:48.0802729Z 	at org.gradle.execution.taskgraph.DefaultTaskExecutionGraph$InvokeNodeExecutorsAction.execute(DefaultTaskExecutionGraph.java:331)
Compile TV & Mobile APKs	Build Android TV & Mobile APKs	2026-09-06T05:33:48.0803678Z 	at org.gradle.execution.taskgraph.DefaultTaskExecutionGraph$InvokeNodeExecutorsAction.execute(DefaultTaskExecutionGraph.java:318)
Compile TV & Mobile APKs	Build Android TV & Mobile APKs	2026-09-06T05:33:48.0804698Z 	at org.gradle.execution.taskgraph.DefaultTaskExecutionGraph$BuildOperationAwareExecutionAction.lambda$execute$0(DefaultTaskExecutionGraph.java:314)
Compile TV & Mobile APKs	Build Android TV & Mobile APKs	2026-09-06T05:33:48.0805766Z 	at org.gradle.internal.operations.CurrentBuildOperationRef.with(CurrentBuildOperationRef.java:80)
Compile TV & Mobile APKs	Build Android TV & Mobile APKs	2026-09-06T05:33:48.0806664Z 	at org.gradle.execution.taskgraph.DefaultTaskExecutionGraph$BuildOperationAwareExecutionAction.execute(DefaultTaskExecutionGraph.java:314)
Compile TV & Mobile APKs	Build Android TV & Mobile APKs	2026-09-06T05:33:48.0807696Z 	at org.gradle.execution.taskgraph.DefaultTaskExecutionGraph$BuildOperationAwareExecutionAction.execute(DefaultTaskExecutionGraph.java:303)
Compile TV & Mobile APKs	Build Android TV & Mobile APKs	2026-09-06T05:33:48.0808578Z 	at org.gradle.execution.plan.DefaultPlanExecutor$ExecutorWorker.execute(DefaultPlanExecutor.java:463)
Compile TV & Mobile APKs	Build Android TV & Mobile APKs	2026-09-06T05:33:48.0809291Z 	at org.gradle.execution.plan.DefaultPlanExecutor$ExecutorWorker.run(DefaultPlanExecutor.java:380)
Compile TV & Mobile APKs	Build Android TV & Mobile APKs	2026-09-06T05:33:48.0810230Z 	at org.gradle.internal.concurrent.ExecutorPolicy$CatchAndRecordFailures.onExecute(ExecutorPolicy.java:64)
Compile TV & Mobile APKs	Build Android TV & Mobile APKs	2026-09-06T05:33:48.0810973Z 	at org.gradle.internal.concurrent.AbstractManagedExecutor$1.run(AbstractManagedExecutor.java:47)
Compile TV & Mobile APKs	Build Android TV & Mobile APKs	2026-09-06T05:33:48.0812140Z Caused by: org.gradle.workers.internal.DefaultWorkerExecutor$WorkExecutionException: A failure occurred while executing org.jetbrains.kotlin.compilerRunner.GradleCompilerRunnerWithWorkers$GradleKotlinCompilerWorkAction
Compile TV & Mobile APKs	Build Android TV & Mobile APKs	2026-09-06T05:33:48.0813389Z 	at org.gradle.workers.internal.DefaultWorkerExecutor$WorkItemExecution.waitForCompletion(DefaultWorkerExecutor.java:287)
Compile TV & Mobile APKs	Build Android TV & Mobile APKs	2026-09-06T05:33:48.0814296Z 	at org.gradle.internal.work.DefaultAsyncWorkTracker.lambda$waitForItemsAndGatherFailures$2(DefaultAsyncWorkTracker.java:130)
Compile TV & Mobile APKs	Build Android TV & Mobile APKs	2026-09-06T05:33:48.0814962Z 	at org.gradle.internal.Factories$1.create(Factories.java:31)
Compile TV & Mobile APKs	Build Android TV & Mobile APKs	2026-09-06T05:33:48.0815564Z 	at org.gradle.internal.work.DefaultWorkerLeaseService.withoutLocks(DefaultWorkerLeaseService.java:336)
Compile TV & Mobile APKs	Build Android TV & Mobile APKs	2026-09-06T05:33:48.0816315Z 	at org.gradle.internal.work.DefaultWorkerLeaseService.withoutLocks(DefaultWorkerLeaseService.java:319)
Compile TV & Mobile APKs	Build Android TV & Mobile APKs	2026-09-06T05:33:48.0817067Z 	at org.gradle.internal.work.DefaultWorkerLeaseService.withoutLock(DefaultWorkerLeaseService.java:324)
Compile TV & Mobile APKs	Build Android TV & Mobile APKs	2026-09-06T05:33:48.0817918Z 	at org.gradle.internal.work.DefaultAsyncWorkTracker.waitForItemsAndGatherFailures(DefaultAsyncWorkTracker.java:126)
Compile TV & Mobile APKs	Build Android TV & Mobile APKs	2026-09-06T05:33:48.0818811Z 	at org.gradle.internal.work.DefaultAsyncWorkTracker.waitForItemsAndGatherFailures(DefaultAsyncWorkTracker.java:92)
Compile TV & Mobile APKs	Build Android TV & Mobile APKs	2026-09-06T05:33:48.0819598Z 	at org.gradle.internal.work.DefaultAsyncWorkTracker.waitForAll(DefaultAsyncWorkTracker.java:78)
Compile TV & Mobile APKs	Build Android TV & Mobile APKs	2026-09-06T05:33:48.0820451Z 	at org.gradle.internal.work.DefaultAsyncWorkTracker.waitForCompletion(DefaultAsyncWorkTracker.java:66)
Compile TV & Mobile APKs	Build Android TV & Mobile APKs	2026-09-06T05:33:48.0821153Z 	at org.gradle.api.internal.tasks.execution.TaskExecution$3.run(TaskExecution.java:252)
Compile TV & Mobile APKs	Build Android TV & Mobile APKs	2026-09-06T05:33:48.0821896Z 	at org.gradle.internal.operations.DefaultBuildOperationRunner$1.execute(DefaultBuildOperationRunner.java:29)
Compile TV & Mobile APKs	Build Android TV & Mobile APKs	2026-09-06T05:33:48.0822692Z 	at org.gradle.internal.operations.DefaultBuildOperationRunner$1.execute(DefaultBuildOperationRunner.java:26)
Compile TV & Mobile APKs	Build Android TV & Mobile APKs	2026-09-06T05:33:48.0823700Z 	at org.gradle.internal.operations.DefaultBuildOperationRunner$2.execute(DefaultBuildOperationRunner.java:66)
Compile TV & Mobile APKs	Build Android TV & Mobile APKs	2026-09-06T05:33:48.0824480Z 	at org.gradle.internal.operations.DefaultBuildOperationRunner$2.execute(DefaultBuildOperationRunner.java:59)
Compile TV & Mobile APKs	Build Android TV & Mobile APKs	2026-09-06T05:33:48.0825259Z 	at org.gradle.internal.operations.DefaultBuildOperationRunner.execute(DefaultBuildOperationRunner.java:157)
Compile TV & Mobile APKs	Build Android TV & Mobile APKs	2026-09-06T05:33:48.0826059Z 	at org.gradle.internal.operations.DefaultBuildOperationRunner.execute(DefaultBuildOperationRunner.java:59)
Compile TV & Mobile APKs	Build Android TV & Mobile APKs	2026-09-06T05:33:48.0826839Z 	at org.gradle.internal.operations.DefaultBuildOperationRunner.run(DefaultBuildOperationRunner.java:47)
Compile TV & Mobile APKs	Build Android TV & Mobile APKs	2026-09-06T05:33:48.0827617Z 	at org.gradle.internal.operations.DefaultBuildOperationExecutor.run(DefaultBuildOperationExecutor.java:68)
Compile TV & Mobile APKs	Build Android TV & Mobile APKs	2026-09-06T05:33:48.0828356Z 	at org.gradle.api.internal.tasks.execution.TaskExecution.executeAction(TaskExecution.java:229)
Compile TV & Mobile APKs	Build Android TV & Mobile APKs	2026-09-06T05:33:48.0829053Z 	at org.gradle.api.internal.tasks.execution.TaskExecution.executeActions(TaskExecution.java:212)
Compile TV & Mobile APKs	Build Android TV & Mobile APKs	2026-09-06T05:33:48.0830203Z 	at org.gradle.api.internal.tasks.execution.TaskExecution.executeWithPreviousOutputFiles(TaskExecution.java:195)
Compile TV & Mobile APKs	Build Android TV & Mobile APKs	2026-09-06T05:33:48.0830964Z 	at org.gradle.api.internal.tasks.execution.TaskExecution.execute(TaskExecution.java:162)
Compile TV & Mobile APKs	Build Android TV & Mobile APKs	2026-09-06T05:33:48.0831598Z 	at org.gradle.internal.execution.steps.ExecuteStep.executeInternal(ExecuteStep.java:105)
Compile TV & Mobile APKs	Build Android TV & Mobile APKs	2026-09-06T05:33:48.0832211Z 	at org.gradle.internal.execution.steps.ExecuteStep.access$000(ExecuteStep.java:44)
Compile TV & Mobile APKs	Build Android TV & Mobile APKs	2026-09-06T05:33:48.0832791Z 	at org.gradle.internal.execution.steps.ExecuteStep$1.call(ExecuteStep.java:59)
Compile TV & Mobile APKs	Build Android TV & Mobile APKs	2026-09-06T05:33:48.0833336Z 	at org.gradle.internal.execution.steps.ExecuteStep$1.call(ExecuteStep.java:56)
Compile TV & Mobile APKs	Build Android TV & Mobile APKs	2026-09-06T05:33:48.0834115Z 	at org.gradle.internal.operations.DefaultBuildOperationRunner$CallableBuildOperationWorker.execute(DefaultBuildOperationRunner.java:200)
Compile TV & Mobile APKs	Build Android TV & Mobile APKs	2026-09-06T05:33:48.0835122Z 	at org.gradle.internal.operations.DefaultBuildOperationRunner$CallableBuildOperationWorker.execute(DefaultBuildOperationRunner.java:195)
Compile TV & Mobile APKs	Build Android TV & Mobile APKs	2026-09-06T05:33:48.0836045Z 	at org.gradle.internal.operations.DefaultBuildOperationRunner$2.execute(DefaultBuildOperationRunner.java:66)
Compile TV & Mobile APKs	Build Android TV & Mobile APKs	2026-09-06T05:33:48.0836830Z 	at org.gradle.internal.operations.DefaultBuildOperationRunner$2.execute(DefaultBuildOperationRunner.java:59)
Compile TV & Mobile APKs	Build Android TV & Mobile APKs	2026-09-06T05:33:48.0837639Z 	at org.gradle.internal.operations.DefaultBuildOperationRunner.execute(DefaultBuildOperationRunner.java:157)
Compile TV & Mobile APKs	Build Android TV & Mobile APKs	2026-09-06T05:33:48.0838437Z 	at org.gradle.internal.operations.DefaultBuildOperationRunner.execute(DefaultBuildOperationRunner.java:59)
Compile TV & Mobile APKs	Build Android TV & Mobile APKs	2026-09-06T05:33:48.0839220Z 	at org.gradle.internal.operations.DefaultBuildOperationRunner.call(DefaultBuildOperationRunner.java:53)
Compile TV & Mobile APKs	Build Android TV & Mobile APKs	2026-09-06T05:33:48.0844978Z 	at org.gradle.internal.operations.DefaultBuildOperationExecutor.call(DefaultBuildOperationExecutor.java:73)
Compile TV & Mobile APKs	Build Android TV & Mobile APKs	2026-09-06T05:33:48.0846259Z 	at org.gradle.internal.execution.steps.ExecuteStep.execute(ExecuteStep.java:56)
Compile TV & Mobile APKs	Build Android TV & Mobile APKs	2026-09-06T05:33:48.0847271Z 	at org.gradle.internal.execution.steps.ExecuteStep.execute(ExecuteStep.java:44)
Compile TV & Mobile APKs	Build Android TV & Mobile APKs	2026-09-06T05:33:48.0848365Z 	at org.gradle.internal.execution.steps.CancelExecutionStep.execute(CancelExecutionStep.java:41)
Compile TV & Mobile APKs	Build Android TV & Mobile APKs	2026-09-06T05:33:48.0849308Z 	at org.gradle.internal.execution.steps.TimeoutStep.executeWithoutTimeout(TimeoutStep.java:74)
Compile TV & Mobile APKs	Build Android TV & Mobile APKs	2026-09-06T05:33:48.0850785Z 	at org.gradle.internal.execution.steps.TimeoutStep.execute(TimeoutStep.java:55)
Compile TV & Mobile APKs	Build Android TV & Mobile APKs	2026-09-06T05:33:48.0852005Z 	at org.gradle.internal.execution.steps.PreCreateOutputParentsStep.execute(PreCreateOutputParentsStep.java:50)
Compile TV & Mobile APKs	Build Android TV & Mobile APKs	2026-09-06T05:33:48.0853479Z 	at org.gradle.internal.execution.steps.PreCreateOutputParentsStep.execute(PreCreateOutputParentsStep.java:28)
Compile TV & Mobile APKs	Build Android TV & Mobile APKs	2026-09-06T05:33:48.0854461Z 	at org.gradle.internal.execution.steps.RemovePreviousOutputsStep.execute(RemovePreviousOutputsStep.java:67)
Compile TV & Mobile APKs	Build Android TV & Mobile APKs	2026-09-06T05:33:48.0855817Z 	at org.gradle.internal.execution.steps.RemovePreviousOutputsStep.execute(RemovePreviousOutputsStep.java:37)
Compile TV & Mobile APKs	Build Android TV & Mobile APKs	2026-09-06T05:33:48.0857548Z 	at org.gradle.internal.execution.steps.BroadcastChangingOutputsStep.execute(BroadcastChangingOutputsStep.java:61)
Compile TV & Mobile APKs	Build Android TV & Mobile APKs	2026-09-06T05:33:48.0858973Z 	at org.gradle.internal.execution.steps.BroadcastChangingOutputsStep.execute(BroadcastChangingOutputsStep.java:26)
Compile TV & Mobile APKs	Build Android TV & Mobile APKs	2026-09-06T05:33:48.0860672Z 	at org.gradle.internal.execution.steps.CaptureOutputsAfterExecutionStep.execute(CaptureOutputsAfterExecutionStep.java:67)
Compile TV & Mobile APKs	Build Android TV & Mobile APKs	2026-09-06T05:33:48.0862222Z 	at org.gradle.internal.execution.steps.CaptureOutputsAfterExecutionStep.execute(CaptureOutputsAfterExecutionStep.java:45)
Compile TV & Mobile APKs	Build Android TV & Mobile APKs	2026-09-06T05:33:48.0863615Z 	at org.gradle.internal.execution.steps.ResolveInputChangesStep.execute(ResolveInputChangesStep.java:40)
Compile TV & Mobile APKs	Build Android TV & Mobile APKs	2026-09-06T05:33:48.0864737Z 	at org.gradle.internal.execution.steps.ResolveInputChangesStep.execute(ResolveInputChangesStep.java:29)
Compile TV & Mobile APKs	Build Android TV & Mobile APKs	2026-09-06T05:33:48.0865979Z 	at org.gradle.internal.execution.steps.BuildCacheStep.executeWithoutCache(BuildCacheStep.java:189)
Compile TV & Mobile APKs	Build Android TV & Mobile APKs	2026-09-06T05:33:48.0867072Z 	at org.gradle.internal.execution.steps.BuildCacheStep.lambda$execute$1(BuildCacheStep.java:75)
Compile TV & Mobile APKs	Build Android TV & Mobile APKs	2026-09-06T05:33:48.0868173Z 	at org.gradle.internal.Either$Right.fold(Either.java:175)
Compile TV & Mobile APKs	Build Android TV & Mobile APKs	2026-09-06T05:33:48.0868958Z 	at org.gradle.internal.execution.caching.CachingState.fold(CachingState.java:62)
Compile TV & Mobile APKs	Build Android TV & Mobile APKs	2026-09-06T05:33:48.0870115Z 	at org.gradle.internal.execution.steps.BuildCacheStep.execute(BuildCacheStep.java:73)
Compile TV & Mobile APKs	Build Android TV & Mobile APKs	2026-09-06T05:33:48.0871088Z 	at org.gradle.internal.execution.steps.BuildCacheStep.execute(BuildCacheStep.java:48)
Compile TV & Mobile APKs	Build Android TV & Mobile APKs	2026-09-06T05:33:48.0872227Z 	at org.gradle.internal.execution.steps.StoreExecutionStateStep.execute(StoreExecutionStateStep.java:46)
Compile TV & Mobile APKs	Build Android TV & Mobile APKs	2026-09-06T05:33:48.0873418Z 	at org.gradle.internal.execution.steps.StoreExecutionStateStep.execute(StoreExecutionStateStep.java:35)
Compile TV & Mobile APKs	Build Android TV & Mobile APKs	2026-09-06T05:33:48.0875217Z 	at org.gradle.internal.execution.steps.SkipUpToDateStep.executeBecause(SkipUpToDateStep.java:76)
Compile TV & Mobile APKs	Build Android TV & Mobile APKs	2026-09-06T05:33:48.0876387Z 	at org.gradle.internal.execution.steps.SkipUpToDateStep.lambda$execute$2(SkipUpToDateStep.java:54)
Compile TV & Mobile APKs	Build Android TV & Mobile APKs	2026-09-06T05:33:48.0877455Z 	at org.gradle.internal.execution.steps.SkipUpToDateStep.execute(SkipUpToDateStep.java:54)
Compile TV & Mobile APKs	Build Android TV & Mobile APKs	2026-09-06T05:33:48.0878536Z 	at org.gradle.internal.execution.steps.SkipUpToDateStep.execute(SkipUpToDateStep.java:36)
Compile TV & Mobile APKs	Build Android TV & Mobile APKs	2026-09-06T05:33:48.0880237Z 	at org.gradle.internal.execution.steps.legacy.MarkSnapshottingInputsFinishedStep.execute(MarkSnapshottingInputsFinishedStep.java:37)
Compile TV & Mobile APKs	Build Android TV & Mobile APKs	2026-09-06T05:33:48.0881961Z 	at org.gradle.internal.execution.steps.legacy.MarkSnapshottingInputsFinishedStep.execute(MarkSnapshottingInputsFinishedStep.java:27)
Compile TV & Mobile APKs	Build Android TV & Mobile APKs	2026-09-06T05:33:48.0883622Z 	at org.gradle.internal.execution.steps.ResolveIncrementalCachingStateStep.executeDelegate(ResolveIncrementalCachingStateStep.java:49)
Compile TV & Mobile APKs	Build Android TV & Mobile APKs	2026-09-06T05:33:48.0885219Z 	at org.gradle.internal.execution.steps.ResolveIncrementalCachingStateStep.executeDelegate(ResolveIncrementalCachingStateStep.java:27)
Compile TV & Mobile APKs	Build Android TV & Mobile APKs	2026-09-06T05:33:48.0886769Z 	at org.gradle.internal.execution.steps.AbstractResolveCachingStateStep.execute(AbstractResolveCachingStateStep.java:71)
Compile TV & Mobile APKs	Build Android TV & Mobile APKs	2026-09-06T05:33:48.0888246Z 	at org.gradle.internal.execution.steps.AbstractResolveCachingStateStep.execute(AbstractResolveCachingStateStep.java:39)
Compile TV & Mobile APKs	Build Android TV & Mobile APKs	2026-09-06T05:33:48.0889326Z 	at org.gradle.internal.execution.steps.ResolveChangesStep.execute(ResolveChangesStep.java:65)
Compile TV & Mobile APKs	Build Android TV & Mobile APKs	2026-09-06T05:33:48.0890628Z 	at org.gradle.internal.execution.steps.ResolveChangesStep.execute(ResolveChangesStep.java:36)
Compile TV & Mobile APKs	Build Android TV & Mobile APKs	2026-09-06T05:33:48.0891646Z 	at org.gradle.internal.execution.steps.ValidateStep.execute(ValidateStep.java:106)
Compile TV & Mobile APKs	Build Android TV & Mobile APKs	2026-09-06T05:33:48.0892580Z 	at org.gradle.internal.execution.steps.ValidateStep.execute(ValidateStep.java:55)
Compile TV & Mobile APKs	Build Android TV & Mobile APKs	2026-09-06T05:33:48.0893960Z 	at org.gradle.internal.execution.steps.AbstractCaptureStateBeforeExecutionStep.execute(AbstractCaptureStateBeforeExecutionStep.java:64)
Compile TV & Mobile APKs	Build Android TV & Mobile APKs	2026-09-06T05:33:48.0921365Z 	at org.gradle.internal.execution.steps.AbstractCaptureStateBeforeExecutionStep.execute(AbstractCaptureStateBeforeExecutionStep.java:43)
Compile TV & Mobile APKs	Build Android TV & Mobile APKs	2026-09-06T05:33:48.0923263Z 	at org.gradle.internal.execution.steps.AbstractSkipEmptyWorkStep.executeWithNonEmptySources(AbstractSkipEmptyWorkStep.java:125)
Compile TV & Mobile APKs	Build Android TV & Mobile APKs	2026-09-06T05:33:48.0925290Z 	at org.gradle.internal.execution.steps.AbstractSkipEmptyWorkStep.execute(AbstractSkipEmptyWorkStep.java:61)
Compile TV & Mobile APKs	Build Android TV & Mobile APKs	2026-09-06T05:33:48.0926676Z 	at org.gradle.internal.execution.steps.AbstractSkipEmptyWorkStep.execute(AbstractSkipEmptyWorkStep.java:36)
Compile TV & Mobile APKs	Build Android TV & Mobile APKs	2026-09-06T05:33:48.0928295Z 	at org.gradle.internal.execution.steps.legacy.MarkSnapshottingInputsStartedStep.execute(MarkSnapshottingInputsStartedStep.java:38)
Compile TV & Mobile APKs	Build Android TV & Mobile APKs	2026-09-06T05:33:48.0930148Z 	at org.gradle.internal.execution.steps.LoadPreviousExecutionStateStep.execute(LoadPreviousExecutionStateStep.java:36)
Compile TV & Mobile APKs	Build Android TV & Mobile APKs	2026-09-06T05:33:48.0931664Z 	at org.gradle.internal.execution.steps.LoadPreviousExecutionStateStep.execute(LoadPreviousExecutionStateStep.java:23)
Compile TV & Mobile APKs	Build Android TV & Mobile APKs	2026-09-06T05:33:48.0933055Z 	at org.gradle.internal.execution.steps.HandleStaleOutputsStep.execute(HandleStaleOutputsStep.java:75)
Compile TV & Mobile APKs	Build Android TV & Mobile APKs	2026-09-06T05:33:48.0934788Z 	at org.gradle.internal.execution.steps.HandleStaleOutputsStep.execute(HandleStaleOutputsStep.java:41)
Compile TV & Mobile APKs	Build Android TV & Mobile APKs	2026-09-06T05:33:48.0936206Z 	at org.gradle.internal.execution.steps.AssignMutableWorkspaceStep.lambda$execute$0(AssignMutableWorkspaceStep.java:35)
Compile TV & Mobile APKs	Build Android TV & Mobile APKs	2026-09-06T05:33:48.0937564Z 	at org.gradle.api.internal.tasks.execution.TaskExecution$4.withWorkspace(TaskExecution.java:289)
Compile TV & Mobile APKs	Build Android TV & Mobile APKs	2026-09-06T05:33:48.0938880Z 	at org.gradle.internal.execution.steps.AssignMutableWorkspaceStep.execute(AssignMutableWorkspaceStep.java:31)
Compile TV & Mobile APKs	Build Android TV & Mobile APKs	2026-09-06T05:33:48.0940359Z 	at org.gradle.internal.execution.steps.AssignMutableWorkspaceStep.execute(AssignMutableWorkspaceStep.java:22)
Compile TV & Mobile APKs	Build Android TV & Mobile APKs	2026-09-06T05:33:48.0941460Z 	at org.gradle.internal.execution.steps.ChoosePipelineStep.execute(ChoosePipelineStep.java:40)
Compile TV & Mobile APKs	Build Android TV & Mobile APKs	2026-09-06T05:33:48.0942474Z 	at org.gradle.internal.execution.steps.ChoosePipelineStep.execute(ChoosePipelineStep.java:23)
Compile TV & Mobile APKs	Build Android TV & Mobile APKs	2026-09-06T05:33:48.0943791Z 	at org.gradle.internal.execution.steps.ExecuteWorkBuildOperationFiringStep.lambda$execute$2(ExecuteWorkBuildOperationFiringStep.java:67)
Compile TV & Mobile APKs	Build Android TV & Mobile APKs	2026-09-06T05:33:48.0945312Z 	at org.gradle.internal.execution.steps.ExecuteWorkBuildOperationFiringStep.execute(ExecuteWorkBuildOperationFiringStep.java:67)
Compile TV & Mobile APKs	Build Android TV & Mobile APKs	2026-09-06T05:33:48.0946840Z 	at org.gradle.internal.execution.steps.ExecuteWorkBuildOperationFiringStep.execute(ExecuteWorkBuildOperationFiringStep.java:39)
Compile TV & Mobile APKs	Build Android TV & Mobile APKs	2026-09-06T05:33:48.0948247Z 	at org.gradle.internal.execution.steps.IdentityCacheStep.execute(IdentityCacheStep.java:46)
Compile TV & Mobile APKs	Build Android TV & Mobile APKs	2026-09-06T05:33:48.0949275Z 	at org.gradle.internal.execution.steps.IdentityCacheStep.execute(IdentityCacheStep.java:34)
Compile TV & Mobile APKs	Build Android TV & Mobile APKs	2026-09-06T05:33:48.0973758Z 	at org.gradle.internal.execution.steps.IdentifyStep.execute(IdentifyStep.java:48)
Compile TV & Mobile APKs	Build Android TV & Mobile APKs	2026-09-06T05:33:48.0974739Z 	at org.gradle.internal.execution.steps.IdentifyStep.execute(IdentifyStep.java:35)
Compile TV & Mobile APKs	Build Android TV & Mobile APKs	2026-09-06T05:33:48.0975819Z 	at org.gradle.internal.execution.impl.DefaultExecutionEngine$1.execute(DefaultExecutionEngine.java:61)
Compile TV & Mobile APKs	Build Android TV & Mobile APKs	2026-09-06T05:33:48.0977273Z 	at org.gradle.api.internal.tasks.execution.ExecuteActionsTaskExecuter.executeIfValid(ExecuteActionsTaskExecuter.java:127)
Compile TV & Mobile APKs	Build Android TV & Mobile APKs	2026-09-06T05:33:48.0978800Z 	at org.gradle.api.internal.tasks.execution.ExecuteActionsTaskExecuter.execute(ExecuteActionsTaskExecuter.java:116)
Compile TV & Mobile APKs	Build Android TV & Mobile APKs	2026-09-06T05:33:48.0980526Z 	at org.gradle.api.internal.tasks.execution.FinalizePropertiesTaskExecuter.execute(FinalizePropertiesTaskExecuter.java:46)
Compile TV & Mobile APKs	Build Android TV & Mobile APKs	2026-09-06T05:33:48.0982166Z 	at org.gradle.api.internal.tasks.execution.ResolveTaskExecutionModeExecuter.execute(ResolveTaskExecutionModeExecuter.java:51)
Compile TV & Mobile APKs	Build Android TV & Mobile APKs	2026-09-06T05:33:48.0983715Z 	at org.gradle.api.internal.tasks.execution.SkipTaskWithNoActionsExecuter.execute(SkipTaskWithNoActionsExecuter.java:57)
Compile TV & Mobile APKs	Build Android TV & Mobile APKs	2026-09-06T05:33:48.0985225Z 	at org.gradle.api.internal.tasks.execution.SkipOnlyIfTaskExecuter.execute(SkipOnlyIfTaskExecuter.java:74)
Compile TV & Mobile APKs	Build Android TV & Mobile APKs	2026-09-06T05:33:48.0986676Z 	at org.gradle.api.internal.tasks.execution.CatchExceptionTaskExecuter.execute(CatchExceptionTaskExecuter.java:36)
Compile TV & Mobile APKs	Build Android TV & Mobile APKs	2026-09-06T05:33:48.0988138Z 	at org.gradle.api.internal.tasks.execution.EventFiringTaskExecuter$1.executeTask(EventFiringTaskExecuter.java:77)
Compile TV & Mobile APKs	Build Android TV & Mobile APKs	2026-09-06T05:33:48.0990215Z 	at org.gradle.api.internal.tasks.execution.EventFiringTaskExecuter$1.call(EventFiringTaskExecuter.java:55)
Compile TV & Mobile APKs	Build Android TV & Mobile APKs	2026-09-06T05:33:48.0991371Z 	at org.gradle.api.internal.tasks.execution.EventFiringTaskExecuter$1.call(EventFiringTaskExecuter.java:52)
Compile TV & Mobile APKs	Build Android TV & Mobile APKs	2026-09-06T05:33:48.0992760Z 	at org.gradle.internal.operations.DefaultBuildOperationRunner$CallableBuildOperationWorker.execute(DefaultBuildOperationRunner.java:200)
Compile TV & Mobile APKs	Build Android TV & Mobile APKs	2026-09-06T05:33:48.0994443Z 	at org.gradle.internal.operations.DefaultBuildOperationRunner$CallableBuildOperationWorker.execute(DefaultBuildOperationRunner.java:195)
Compile TV & Mobile APKs	Build Android TV & Mobile APKs	2026-09-06T05:33:48.0995950Z 	at org.gradle.internal.operations.DefaultBuildOperationRunner$2.execute(DefaultBuildOperationRunner.java:66)
Compile TV & Mobile APKs	Build Android TV & Mobile APKs	2026-09-06T05:33:48.0997305Z 	at org.gradle.internal.operations.DefaultBuildOperationRunner$2.execute(DefaultBuildOperationRunner.java:59)
Compile TV & Mobile APKs	Build Android TV & Mobile APKs	2026-09-06T05:33:48.0998645Z 	at org.gradle.internal.operations.DefaultBuildOperationRunner.execute(DefaultBuildOperationRunner.java:157)
Compile TV & Mobile APKs	Build Android TV & Mobile APKs	2026-09-06T05:33:48.1031021Z 	at org.gradle.internal.operations.DefaultBuildOperationRunner.execute(DefaultBuildOperationRunner.java:59)
Compile TV & Mobile APKs	Build Android TV & Mobile APKs	2026-09-06T05:33:48.1032424Z 	at org.gradle.internal.operations.DefaultBuildOperationRunner.call(DefaultBuildOperationRunner.java:53)
Compile TV & Mobile APKs	Build Android TV & Mobile APKs	2026-09-06T05:33:48.1033775Z 	at org.gradle.internal.operations.DefaultBuildOperationExecutor.call(DefaultBuildOperationExecutor.java:73)
Compile TV & Mobile APKs	Build Android TV & Mobile APKs	2026-09-06T05:33:48.1035203Z 	at org.gradle.api.internal.tasks.execution.EventFiringTaskExecuter.execute(EventFiringTaskExecuter.java:52)
Compile TV & Mobile APKs	Build Android TV & Mobile APKs	2026-09-06T05:33:48.1036490Z 	at org.gradle.execution.plan.LocalTaskNodeExecutor.execute(LocalTaskNodeExecutor.java:42)
Compile TV & Mobile APKs	Build Android TV & Mobile APKs	2026-09-06T05:33:48.1037888Z 	at org.gradle.execution.taskgraph.DefaultTaskExecutionGraph$InvokeNodeExecutorsAction.execute(DefaultTaskExecutionGraph.java:331)
Compile TV & Mobile APKs	Build Android TV & Mobile APKs	2026-09-06T05:33:48.1039391Z 	at org.gradle.execution.taskgraph.DefaultTaskExecutionGraph$InvokeNodeExecutorsAction.execute(DefaultTaskExecutionGraph.java:318)
Compile TV & Mobile APKs	Build Android TV & Mobile APKs	2026-09-06T05:33:48.1041256Z 	at org.gradle.execution.taskgraph.DefaultTaskExecutionGraph$BuildOperationAwareExecutionAction.lambda$execute$0(DefaultTaskExecutionGraph.java:314)
Compile TV & Mobile APKs	Build Android TV & Mobile APKs	2026-09-06T05:33:48.1042838Z 	at org.gradle.internal.operations.CurrentBuildOperationRef.with(CurrentBuildOperationRef.java:80)
Compile TV & Mobile APKs	Build Android TV & Mobile APKs	2026-09-06T05:33:48.1044379Z 	at org.gradle.execution.taskgraph.DefaultTaskExecutionGraph$BuildOperationAwareExecutionAction.execute(DefaultTaskExecutionGraph.java:314)
Compile TV & Mobile APKs	Build Android TV & Mobile APKs	2026-09-06T05:33:48.1046212Z 	at org.gradle.execution.taskgraph.DefaultTaskExecutionGraph$BuildOperationAwareExecutionAction.execute(DefaultTaskExecutionGraph.java:303)
Compile TV & Mobile APKs	Build Android TV & Mobile APKs	2026-09-06T05:33:48.1047764Z 	at org.gradle.execution.plan.DefaultPlanExecutor$ExecutorWorker.execute(DefaultPlanExecutor.java:463)
Compile TV & Mobile APKs	Build Android TV & Mobile APKs	2026-09-06T05:33:48.1048967Z 	at org.gradle.execution.plan.DefaultPlanExecutor$ExecutorWorker.run(DefaultPlanExecutor.java:380)
Compile TV & Mobile APKs	Build Android TV & Mobile APKs	2026-09-06T05:33:48.1050316Z 	at org.gradle.internal.concurrent.ExecutorPolicy$CatchAndRecordFailures.onExecute(ExecutorPolicy.java:64)
Compile TV & Mobile APKs	Build Android TV & Mobile APKs	2026-09-06T05:33:48.1051439Z 	at org.gradle.internal.concurrent.AbstractManagedExecutor$1.run(AbstractManagedExecutor.java:47)
Compile TV & Mobile APKs	Build Android TV & Mobile APKs	2026-09-06T05:33:48.1052549Z Caused by: org.jetbrains.kotlin.gradle.tasks.CompilationErrorException: Compilation error. See log for more details
Compile TV & Mobile APKs	Build Android TV & Mobile APKs	2026-09-06T05:33:48.1053737Z 	at org.jetbrains.kotlin.gradle.tasks.TasksUtilsKt.throwExceptionIfCompilationFailed(tasksUtils.kt:20)
Compile TV & Mobile APKs	Build Android TV & Mobile APKs	2026-09-06T05:33:48.1055014Z 	at org.jetbrains.kotlin.compilerRunner.GradleKotlinCompilerWork.run(GradleKotlinCompilerWork.kt:141)
Compile TV & Mobile APKs	Build Android TV & Mobile APKs	2026-09-06T05:33:48.1056536Z 	at org.jetbrains.kotlin.compilerRunner.GradleCompilerRunnerWithWorkers$GradleKotlinCompilerWorkAction.execute(GradleCompilerRunnerWithWorkers.kt:73)
Compile TV & Mobile APKs	Build Android TV & Mobile APKs	2026-09-06T05:33:48.1057944Z 	at org.gradle.workers.internal.DefaultWorkerServer.execute(DefaultWorkerServer.java:63)
Compile TV & Mobile APKs	Build Android TV & Mobile APKs	2026-09-06T05:33:48.1058985Z 	at org.gradle.workers.internal.NoIsolationWorkerFactory$1$1.create(NoIsolationWorkerFactory.java:66)
Compile TV & Mobile APKs	Build Android TV & Mobile APKs	2026-09-06T05:33:48.1081060Z 	at org.gradle.workers.internal.NoIsolationWorkerFactory$1$1.create(NoIsolationWorkerFactory.java:62)
Compile TV & Mobile APKs	Build Android TV & Mobile APKs	2026-09-06T05:33:48.1082411Z 	at org.gradle.internal.classloader.ClassLoaderUtils.executeInClassloader(ClassLoaderUtils.java:100)
Compile TV & Mobile APKs	Build Android TV & Mobile APKs	2026-09-06T05:33:48.1083742Z 	at org.gradle.workers.internal.NoIsolationWorkerFactory$1.lambda$execute$0(NoIsolationWorkerFactory.java:62)
Compile TV & Mobile APKs	Build Android TV & Mobile APKs	2026-09-06T05:33:48.1084798Z 	at org.gradle.workers.internal.AbstractWorker$1.call(AbstractWorker.java:44)
Compile TV & Mobile APKs	Build Android TV & Mobile APKs	2026-09-06T05:33:48.1085592Z 	at org.gradle.workers.internal.AbstractWorker$1.call(AbstractWorker.java:41)
Compile TV & Mobile APKs	Build Android TV & Mobile APKs	2026-09-06T05:33:48.1086797Z 	at org.gradle.internal.operations.DefaultBuildOperationRunner$CallableBuildOperationWorker.execute(DefaultBuildOperationRunner.java:200)
Compile TV & Mobile APKs	Build Android TV & Mobile APKs	2026-09-06T05:33:48.1088417Z 	at org.gradle.internal.operations.DefaultBuildOperationRunner$CallableBuildOperationWorker.execute(DefaultBuildOperationRunner.java:195)
Compile TV & Mobile APKs	Build Android TV & Mobile APKs	2026-09-06T05:33:48.1090046Z 	at org.gradle.internal.operations.DefaultBuildOperationRunner$2.execute(DefaultBuildOperationRunner.java:66)
Compile TV & Mobile APKs	Build Android TV & Mobile APKs	2026-09-06T05:33:48.1091797Z 	at org.gradle.internal.operations.DefaultBuildOperationRunner$2.execute(DefaultBuildOperationRunner.java:59)
Compile TV & Mobile APKs	Build Android TV & Mobile APKs	2026-09-06T05:33:48.1093123Z 	at org.gradle.internal.operations.DefaultBuildOperationRunner.execute(DefaultBuildOperationRunner.java:157)
Compile TV & Mobile APKs	Build Android TV & Mobile APKs	2026-09-06T05:33:48.1094499Z 	at org.gradle.internal.operations.DefaultBuildOperationRunner.execute(DefaultBuildOperationRunner.java:59)
Compile TV & Mobile APKs	Build Android TV & Mobile APKs	2026-09-06T05:33:48.1095804Z 	at org.gradle.internal.operations.DefaultBuildOperationRunner.call(DefaultBuildOperationRunner.java:53)
Compile TV & Mobile APKs	Build Android TV & Mobile APKs	2026-09-06T05:33:48.1097043Z 	at org.gradle.internal.operations.DefaultBuildOperationExecutor.call(DefaultBuildOperationExecutor.java:73)
Compile TV & Mobile APKs	Build Android TV & Mobile APKs	2026-09-06T05:33:48.1098331Z 	at org.gradle.workers.internal.AbstractWorker.executeWrappedInBuildOperation(AbstractWorker.java:41)
Compile TV & Mobile APKs	Build Android TV & Mobile APKs	2026-09-06T05:33:48.1099505Z 	at org.gradle.workers.internal.NoIsolationWorkerFactory$1.execute(NoIsolationWorkerFactory.java:59)
Compile TV & Mobile APKs	Build Android TV & Mobile APKs	2026-09-06T05:33:48.1100979Z 	at org.gradle.workers.internal.DefaultWorkerExecutor.lambda$submitWork$0(DefaultWorkerExecutor.java:174)
Compile TV & Mobile APKs	Build Android TV & Mobile APKs	2026-09-06T05:33:48.1102390Z 	at org.gradle.internal.work.DefaultConditionalExecutionQueue$ExecutionRunner.runExecution(DefaultConditionalExecutionQueue.java:187)
Compile TV & Mobile APKs	Build Android TV & Mobile APKs	2026-09-06T05:33:48.1103955Z 	at org.gradle.internal.work.DefaultConditionalExecutionQueue$ExecutionRunner.access$700(DefaultConditionalExecutionQueue.java:120)
Compile TV & Mobile APKs	Build Android TV & Mobile APKs	2026-09-06T05:33:48.1105528Z 	at org.gradle.internal.work.DefaultConditionalExecutionQueue$ExecutionRunner$1.run(DefaultConditionalExecutionQueue.java:162)
Compile TV & Mobile APKs	Build Android TV & Mobile APKs	2026-09-06T05:33:48.1106625Z 	at org.gradle.internal.Factories$1.create(Factories.java:31)
Compile TV & Mobile APKs	Build Android TV & Mobile APKs	2026-09-06T05:33:48.1107522Z 	at org.gradle.internal.work.DefaultWorkerLeaseService.withLocks(DefaultWorkerLeaseService.java:264)
Compile TV & Mobile APKs	Build Android TV & Mobile APKs	2026-09-06T05:33:48.1108759Z 	at org.gradle.internal.work.DefaultWorkerLeaseService.runAsWorkerThread(DefaultWorkerLeaseService.java:128)
Compile TV & Mobile APKs	Build Android TV & Mobile APKs	2026-09-06T05:33:48.1140601Z 	at org.gradle.internal.work.DefaultWorkerLeaseService.runAsWorkerThread(DefaultWorkerLeaseService.java:133)
Compile TV & Mobile APKs	Build Android TV & Mobile APKs	2026-09-06T05:33:48.1142262Z 	at org.gradle.internal.work.DefaultConditionalExecutionQueue$ExecutionRunner.runBatch(DefaultConditionalExecutionQueue.java:157)
Compile TV & Mobile APKs	Build Android TV & Mobile APKs	2026-09-06T05:33:48.1143779Z 	at org.gradle.internal.work.DefaultConditionalExecutionQueue$ExecutionRunner.run(DefaultConditionalExecutionQueue.java:126)
Compile TV & Mobile APKs	Build Android TV & Mobile APKs	2026-09-06T05:33:48.1144705Z 	... 2 more
Compile TV & Mobile APKs	Build Android TV & Mobile APKs	2026-09-06T05:33:48.1144888Z 
Compile TV & Mobile APKs	Build Android TV & Mobile APKs	2026-09-06T05:33:48.1144897Z 
Compile TV & Mobile APKs	Build Android TV & Mobile APKs	2026-09-06T05:33:48.1145044Z BUILD FAILED in 5m 6s
Compile TV & Mobile APKs	Build Android TV & Mobile APKs	2026-09-06T05:33:48.1145443Z 89 actionable tasks: 89 executed
Compile TV & Mobile APKs	Build Android TV & Mobile APKs	2026-09-06T05:33:48.5412220Z ##[error]Process completed with exit code 1.
