Compile TV & Mobile APKs	Build Android TV & Mobile APKs	﻿2026-09-07T03:25:48.3429277Z ##[group]Run gradle :tvApp:assembleDebug :androidApp:assembleDebug -PversionCode=117 -PversionName=3.0.0-beta13 --stacktrace
Compile TV & Mobile APKs	Build Android TV & Mobile APKs	2026-09-07T03:25:48.3430556Z ^[[36;1mgradle :tvApp:assembleDebug :androidApp:assembleDebug -PversionCode=117 -PversionName=3.0.0-beta13 --stacktrace^[[0m
Compile TV & Mobile APKs	Build Android TV & Mobile APKs	2026-09-07T03:25:48.3465612Z shell: /usr/bin/bash -e {0}
Compile TV & Mobile APKs	Build Android TV & Mobile APKs	2026-09-07T03:25:48.3465867Z env:
Compile TV & Mobile APKs	Build Android TV & Mobile APKs	2026-09-07T03:25:48.3466174Z   JAVA_HOME: /opt/hostedtoolcache/Java_Temurin-Hotspot_jdk/17.0.20-1/x64
Compile TV & Mobile APKs	Build Android TV & Mobile APKs	2026-09-07T03:25:48.3466671Z   JAVA_HOME_17_X64: /opt/hostedtoolcache/Java_Temurin-Hotspot_jdk/17.0.20-1/x64
Compile TV & Mobile APKs	Build Android TV & Mobile APKs	2026-09-07T03:25:48.3467094Z   GRADLE_ACTION_ID: gradle/actions/setup-gradle
Compile TV & Mobile APKs	Build Android TV & Mobile APKs	2026-09-07T03:25:48.3467485Z   GRADLE_BUILD_ACTION_SETUP_COMPLETED: true
Compile TV & Mobile APKs	Build Android TV & Mobile APKs	2026-09-07T03:25:48.3467805Z   GRADLE_BUILD_ACTION_CACHE_RESTORED: true
Compile TV & Mobile APKs	Build Android TV & Mobile APKs	2026-09-07T03:25:48.3468259Z   DEVELOCITY_INJECTION_INIT_SCRIPT_NAME: gradle-actions.inject-develocity.init.gradle
Compile TV & Mobile APKs	Build Android TV & Mobile APKs	2026-09-07T03:25:48.3468757Z   DEVELOCITY_AUTO_INJECTION_CUSTOM_VALUE: gradle-actions
Compile TV & Mobile APKs	Build Android TV & Mobile APKs	2026-09-07T03:25:48.3469126Z   GITHUB_DEPENDENCY_GRAPH_ENABLED: false
Compile TV & Mobile APKs	Build Android TV & Mobile APKs	2026-09-07T03:25:48.3469400Z ##[endgroup]
Compile TV & Mobile APKs	Build Android TV & Mobile APKs	2026-09-07T03:25:49.2314493Z 
Compile TV & Mobile APKs	Build Android TV & Mobile APKs	2026-09-07T03:25:49.2316168Z Welcome to Gradle 8.7!
Compile TV & Mobile APKs	Build Android TV & Mobile APKs	2026-09-07T03:25:49.2316458Z 
Compile TV & Mobile APKs	Build Android TV & Mobile APKs	2026-09-07T03:25:49.2317684Z Here are the highlights of this release:
Compile TV & Mobile APKs	Build Android TV & Mobile APKs	2026-09-07T03:25:49.2324391Z  - Compiling and testing with Java 22
Compile TV & Mobile APKs	Build Android TV & Mobile APKs	2026-09-07T03:25:49.2330522Z  - Cacheable Groovy script compilation
Compile TV & Mobile APKs	Build Android TV & Mobile APKs	2026-09-07T03:25:49.2331315Z  - New methods in lazy collection properties
Compile TV & Mobile APKs	Build Android TV & Mobile APKs	2026-09-07T03:25:49.2331703Z 
Compile TV & Mobile APKs	Build Android TV & Mobile APKs	2026-09-07T03:25:49.2334662Z For more details see https://docs.gradle.org/8.7/release-notes.html
Compile TV & Mobile APKs	Build Android TV & Mobile APKs	2026-09-07T03:25:49.2335203Z 
Compile TV & Mobile APKs	Build Android TV & Mobile APKs	2026-09-07T03:25:50.8271154Z Starting a Gradle Daemon (subsequent builds will be faster)
Compile TV & Mobile APKs	Build Android TV & Mobile APKs	2026-09-07T03:27:00.0300265Z 
Compile TV & Mobile APKs	Build Android TV & Mobile APKs	2026-09-07T03:27:00.0330761Z > Configure project :shared
Compile TV & Mobile APKs	Build Android TV & Mobile APKs	2026-09-07T03:27:00.0341594Z w: Kotlin Multiplatform <-> Android Gradle Plugin compatibility issue:
Compile TV & Mobile APKs	Build Android TV & Mobile APKs	2026-09-07T03:27:00.0370773Z The applied Android Gradle Plugin version (8.4.0) is higher 
Compile TV & Mobile APKs	Build Android TV & Mobile APKs	2026-09-07T03:27:00.0415783Z than the maximum known to the Kotlin Gradle Plugin.
Compile TV & Mobile APKs	Build Android TV & Mobile APKs	2026-09-07T03:27:00.0450926Z Tooling stability in such configuration isn't tested, please report encountered issues to https://kotl.in/issue"
Compile TV & Mobile APKs	Build Android TV & Mobile APKs	2026-09-07T03:27:00.0471444Z 
Compile TV & Mobile APKs	Build Android TV & Mobile APKs	2026-09-07T03:27:00.0510876Z Minimum supported Android Gradle Plugin version: 7.0
Compile TV & Mobile APKs	Build Android TV & Mobile APKs	2026-09-07T03:27:00.0540459Z Maximum tested Android Gradle Plugin version: 8.2
Compile TV & Mobile APKs	Build Android TV & Mobile APKs	2026-09-07T03:27:00.0558593Z 
Compile TV & Mobile APKs	Build Android TV & Mobile APKs	2026-09-07T03:27:00.0621186Z To suppress this message add 'kotlin.mpp.androidGradlePluginCompatibility.nowarn=true' to your gradle.properties
Compile TV & Mobile APKs	Build Android TV & Mobile APKs	2026-09-07T03:27:00.0650383Z 
Compile TV & Mobile APKs	Build Android TV & Mobile APKs	2026-09-07T03:27:03.1268293Z 
Compile TV & Mobile APKs	Build Android TV & Mobile APKs	2026-09-07T03:27:03.1269122Z > Task :tvApp:preBuild UP-TO-DATE
Compile TV & Mobile APKs	Build Android TV & Mobile APKs	2026-09-07T03:27:03.1270283Z > Task :tvApp:preDebugBuild UP-TO-DATE
Compile TV & Mobile APKs	Build Android TV & Mobile APKs	2026-09-07T03:27:03.1271518Z > Task :tvApp:mergeDebugNativeDebugMetadata NO-SOURCE
Compile TV & Mobile APKs	Build Android TV & Mobile APKs	2026-09-07T03:27:03.1272360Z > Task :shared:checkKotlinGradlePluginConfigurationErrors
Compile TV & Mobile APKs	Build Android TV & Mobile APKs	2026-09-07T03:27:03.1273107Z > Task :shared:preBuild UP-TO-DATE
Compile TV & Mobile APKs	Build Android TV & Mobile APKs	2026-09-07T03:27:03.1273716Z > Task :shared:preDebugBuild UP-TO-DATE
Compile TV & Mobile APKs	Build Android TV & Mobile APKs	2026-09-07T03:27:03.2263638Z > Task :shared:generateDebugResValues
Compile TV & Mobile APKs	Build Android TV & Mobile APKs	2026-09-07T03:27:03.2266363Z > Task :shared:generateDebugResources
Compile TV & Mobile APKs	Build Android TV & Mobile APKs	2026-09-07T03:27:03.2267175Z > Task :shared:packageDebugResources
Compile TV & Mobile APKs	Build Android TV & Mobile APKs	2026-09-07T03:27:06.1264623Z > Task :tvApp:checkKotlinGradlePluginConfigurationErrors
Compile TV & Mobile APKs	Build Android TV & Mobile APKs	2026-09-07T03:27:06.1266039Z > Task :shared:javaPreCompileDebug
Compile TV & Mobile APKs	Build Android TV & Mobile APKs	2026-09-07T03:27:06.1266809Z > Task :tvApp:generateDebugBuildConfig
Compile TV & Mobile APKs	Build Android TV & Mobile APKs	2026-09-07T03:27:06.1267340Z > Task :shared:parseDebugLocalResources
Compile TV & Mobile APKs	Build Android TV & Mobile APKs	2026-09-07T03:27:06.6274767Z > Task :shared:compileDebugLibraryResources
Compile TV & Mobile APKs	Build Android TV & Mobile APKs	2026-09-07T03:27:06.7262627Z > Task :tvApp:generateDebugResValues
Compile TV & Mobile APKs	Build Android TV & Mobile APKs	2026-09-07T03:27:06.7263630Z > Task :shared:writeDebugAarMetadata
Compile TV & Mobile APKs	Build Android TV & Mobile APKs	2026-09-07T03:27:06.7264409Z > Task :shared:generateDebugRFile
Compile TV & Mobile APKs	Build Android TV & Mobile APKs	2026-09-07T03:27:30.8264008Z > Task :tvApp:mapDebugSourceSetPaths
Compile TV & Mobile APKs	Build Android TV & Mobile APKs	2026-09-07T03:27:39.7291012Z > Task :tvApp:generateDebugResources
Compile TV & Mobile APKs	Build Android TV & Mobile APKs	2026-09-07T03:27:39.7317130Z > Task :tvApp:checkDebugAarMetadata
Compile TV & Mobile APKs	Build Android TV & Mobile APKs	2026-09-07T03:27:41.5264134Z > Task :tvApp:packageDebugResources
Compile TV & Mobile APKs	Build Android TV & Mobile APKs	2026-09-07T03:27:41.5290621Z > Task :tvApp:createDebugCompatibleScreenManifests
Compile TV & Mobile APKs	Build Android TV & Mobile APKs	2026-09-07T03:27:41.5291877Z > Task :shared:extractDeepLinksDebug
Compile TV & Mobile APKs	Build Android TV & Mobile APKs	2026-09-07T03:27:42.5262083Z > Task :tvApp:parseDebugLocalResources
Compile TV & Mobile APKs	Build Android TV & Mobile APKs	2026-09-07T03:27:42.6310826Z > Task :tvApp:extractDeepLinksDebug
Compile TV & Mobile APKs	Build Android TV & Mobile APKs	2026-09-07T03:27:42.6352466Z > Task :tvApp:javaPreCompileDebug
Compile TV & Mobile APKs	Build Android TV & Mobile APKs	2026-09-07T03:27:42.6380768Z > Task :shared:mergeDebugShaders
Compile TV & Mobile APKs	Build Android TV & Mobile APKs	2026-09-07T03:27:42.6381769Z > Task :shared:compileDebugShaders NO-SOURCE
Compile TV & Mobile APKs	Build Android TV & Mobile APKs	2026-09-07T03:27:42.6382614Z > Task :shared:generateDebugAssets UP-TO-DATE
Compile TV & Mobile APKs	Build Android TV & Mobile APKs	2026-09-07T03:27:42.7270041Z > Task :shared:packageDebugAssets
Compile TV & Mobile APKs	Build Android TV & Mobile APKs	2026-09-07T03:27:42.7307829Z > Task :tvApp:mergeDebugShaders
Compile TV & Mobile APKs	Build Android TV & Mobile APKs	2026-09-07T03:27:42.7330736Z > Task :tvApp:compileDebugShaders NO-SOURCE
Compile TV & Mobile APKs	Build Android TV & Mobile APKs	2026-09-07T03:27:42.7342937Z > Task :tvApp:generateDebugAssets UP-TO-DATE
Compile TV & Mobile APKs	Build Android TV & Mobile APKs	2026-09-07T03:27:42.7344881Z > Task :shared:processDebugManifest
Compile TV & Mobile APKs	Build Android TV & Mobile APKs	2026-09-07T03:27:42.7345638Z > Task :tvApp:mergeDebugResources
Compile TV & Mobile APKs	Build Android TV & Mobile APKs	2026-09-07T03:27:42.9311187Z > Task :tvApp:mergeDebugAssets
Compile TV & Mobile APKs	Build Android TV & Mobile APKs	2026-09-07T03:27:43.5270900Z > Task :tvApp:processDebugMainManifest
Compile TV & Mobile APKs	Build Android TV & Mobile APKs	2026-09-07T03:27:43.6264275Z > Task :tvApp:processDebugManifest
Compile TV & Mobile APKs	Build Android TV & Mobile APKs	2026-09-07T03:27:43.6273678Z > Task :tvApp:compressDebugAssets
Compile TV & Mobile APKs	Build Android TV & Mobile APKs	2026-09-07T03:27:43.6274541Z > Task :tvApp:desugarDebugFileDependencies
Compile TV & Mobile APKs	Build Android TV & Mobile APKs	2026-09-07T03:27:46.5311843Z > Task :tvApp:mergeDebugStartupProfile
Compile TV & Mobile APKs	Build Android TV & Mobile APKs	2026-09-07T03:27:46.5340621Z > Task :shared:mergeDebugJniLibFolders
Compile TV & Mobile APKs	Build Android TV & Mobile APKs	2026-09-07T03:27:46.5460860Z > Task :shared:mergeDebugNativeLibs NO-SOURCE
Compile TV & Mobile APKs	Build Android TV & Mobile APKs	2026-09-07T03:27:46.5480838Z > Task :tvApp:processDebugManifestForPackage
Compile TV & Mobile APKs	Build Android TV & Mobile APKs	2026-09-07T03:27:46.5520825Z > Task :shared:copyDebugJniLibsProjectOnly
Compile TV & Mobile APKs	Build Android TV & Mobile APKs	2026-09-07T03:27:47.0270817Z > Task :tvApp:checkDebugDuplicateClasses
Compile TV & Mobile APKs	Build Android TV & Mobile APKs	2026-09-07T03:27:49.6321007Z > Task :tvApp:processDebugResources
Compile TV & Mobile APKs	Build Android TV & Mobile APKs	2026-09-07T03:27:52.5280921Z > Task :shared:kspDebugKotlinAndroid
Compile TV & Mobile APKs	Build Android TV & Mobile APKs	2026-09-07T03:28:18.2270789Z > Task :tvApp:mergeExtDexDebug
Compile TV & Mobile APKs	Build Android TV & Mobile APKs	2026-09-07T03:29:13.6322460Z > Task :tvApp:mergeDebugJniLibFolders
Compile TV & Mobile APKs	Build Android TV & Mobile APKs	2026-09-07T03:29:14.0310877Z > Task :tvApp:mergeDebugNativeLibs NO-SOURCE
Compile TV & Mobile APKs	Build Android TV & Mobile APKs	2026-09-07T03:29:14.0311595Z > Task :tvApp:stripDebugDebugSymbols NO-SOURCE
Compile TV & Mobile APKs	Build Android TV & Mobile APKs	2026-09-07T03:29:14.0312162Z > Task :tvApp:validateSigningDebug
Compile TV & Mobile APKs	Build Android TV & Mobile APKs	2026-09-07T03:29:14.0312645Z > Task :tvApp:writeDebugAppMetadata
Compile TV & Mobile APKs	Build Android TV & Mobile APKs	2026-09-07T03:29:14.0313149Z > Task :tvApp:writeDebugSigningConfigVersions
Compile TV & Mobile APKs	Build Android TV & Mobile APKs	2026-09-07T03:29:14.0313703Z > Task :androidApp:preBuild UP-TO-DATE
Compile TV & Mobile APKs	Build Android TV & Mobile APKs	2026-09-07T03:29:14.0314223Z > Task :androidApp:preDebugBuild UP-TO-DATE
Compile TV & Mobile APKs	Build Android TV & Mobile APKs	2026-09-07T03:29:14.1290803Z > Task :androidApp:mergeDebugNativeDebugMetadata NO-SOURCE
Compile TV & Mobile APKs	Build Android TV & Mobile APKs	2026-09-07T03:29:14.1320485Z > Task :androidApp:checkKotlinGradlePluginConfigurationErrors
Compile TV & Mobile APKs	Build Android TV & Mobile APKs	2026-09-07T03:29:14.1370761Z > Task :androidApp:generateDebugBuildConfig
Compile TV & Mobile APKs	Build Android TV & Mobile APKs	2026-09-07T03:29:20.1295726Z > Task :androidApp:generateDebugResValues
Compile TV & Mobile APKs	Build Android TV & Mobile APKs	2026-09-07T03:29:20.1352110Z > Task :androidApp:checkDebugAarMetadata
Compile TV & Mobile APKs	Build Android TV & Mobile APKs	2026-09-07T03:29:20.3270841Z > Task :androidApp:mapDebugSourceSetPaths
Compile TV & Mobile APKs	Build Android TV & Mobile APKs	2026-09-07T03:29:20.3326243Z > Task :androidApp:generateDebugResources
Compile TV & Mobile APKs	Build Android TV & Mobile APKs	2026-09-07T03:29:23.9265938Z > Task :androidApp:packageDebugResources
Compile TV & Mobile APKs	Build Android TV & Mobile APKs	2026-09-07T03:29:25.8287633Z > Task :androidApp:parseDebugLocalResources
Compile TV & Mobile APKs	Build Android TV & Mobile APKs	2026-09-07T03:29:25.9342062Z > Task :androidApp:createDebugCompatibleScreenManifests
Compile TV & Mobile APKs	Build Android TV & Mobile APKs	2026-09-07T03:29:25.9373410Z > Task :androidApp:extractDeepLinksDebug
Compile TV & Mobile APKs	Build Android TV & Mobile APKs	2026-09-07T03:29:26.1275533Z > Task :androidApp:mergeDebugResources
Compile TV & Mobile APKs	Build Android TV & Mobile APKs	2026-09-07T03:29:26.4304061Z > Task :androidApp:processDebugMainManifest
Compile TV & Mobile APKs	Build Android TV & Mobile APKs	2026-09-07T03:29:26.4330712Z > Task :androidApp:processDebugManifest
Compile TV & Mobile APKs	Build Android TV & Mobile APKs	2026-09-07T03:29:26.4390654Z > Task :androidApp:processDebugManifestForPackage
Compile TV & Mobile APKs	Build Android TV & Mobile APKs	2026-09-07T03:29:32.6310947Z > Task :androidApp:javaPreCompileDebug
Compile TV & Mobile APKs	Build Android TV & Mobile APKs	2026-09-07T03:29:32.6340711Z > Task :androidApp:mergeDebugShaders
Compile TV & Mobile APKs	Build Android TV & Mobile APKs	2026-09-07T03:29:32.6390980Z > Task :androidApp:compileDebugShaders NO-SOURCE
Compile TV & Mobile APKs	Build Android TV & Mobile APKs	2026-09-07T03:29:32.6427385Z > Task :androidApp:generateDebugAssets UP-TO-DATE
Compile TV & Mobile APKs	Build Android TV & Mobile APKs	2026-09-07T03:29:32.9267458Z > Task :androidApp:mergeDebugAssets
Compile TV & Mobile APKs	Build Android TV & Mobile APKs	2026-09-07T03:29:32.9302165Z > Task :androidApp:compressDebugAssets
Compile TV & Mobile APKs	Build Android TV & Mobile APKs	2026-09-07T03:29:32.9390920Z > Task :androidApp:processDebugResources
Compile TV & Mobile APKs	Build Android TV & Mobile APKs	2026-09-07T03:29:32.9420548Z > Task :androidApp:desugarDebugFileDependencies
Compile TV & Mobile APKs	Build Android TV & Mobile APKs	2026-09-07T03:29:33.5300953Z > Task :androidApp:mergeDebugStartupProfile
Compile TV & Mobile APKs	Build Android TV & Mobile APKs	2026-09-07T03:29:33.5330327Z > Task :androidApp:mergeDebugJniLibFolders
Compile TV & Mobile APKs	Build Android TV & Mobile APKs	2026-09-07T03:29:33.7273088Z > Task :androidApp:checkDebugDuplicateClasses
Compile TV & Mobile APKs	Build Android TV & Mobile APKs	2026-09-07T03:29:33.7350792Z > Task :androidApp:mergeDebugNativeLibs NO-SOURCE
Compile TV & Mobile APKs	Build Android TV & Mobile APKs	2026-09-07T03:29:39.9262412Z > Task :shared:compileDebugKotlinAndroid
Compile TV & Mobile APKs	Build Android TV & Mobile APKs	2026-09-07T03:29:51.4262399Z > Task :androidApp:mergeExtDexDebug
Compile TV & Mobile APKs	Build Android TV & Mobile APKs	2026-09-07T03:29:52.0263568Z > Task :shared:compileDebugJavaWithJavac
Compile TV & Mobile APKs	Build Android TV & Mobile APKs	2026-09-07T03:29:52.0290541Z > Task :shared:bundleLibRuntimeToJarDebug
Compile TV & Mobile APKs	Build Android TV & Mobile APKs	2026-09-07T03:29:52.0310681Z > Task :shared:processDebugJavaRes
Compile TV & Mobile APKs	Build Android TV & Mobile APKs	2026-09-07T03:29:52.0350564Z > Task :shared:bundleLibCompileToJarDebug
Compile TV & Mobile APKs	Build Android TV & Mobile APKs	2026-09-07T03:29:52.1279579Z > Task :shared:bundleLibRuntimeToDirDebug
Compile TV & Mobile APKs	Build Android TV & Mobile APKs	2026-09-07T03:29:56.9285742Z > Task :tvApp:mergeLibDexDebug
Compile TV & Mobile APKs	Build Android TV & Mobile APKs	2026-09-07T03:29:57.3262206Z > Task :androidApp:stripDebugDebugSymbols NO-SOURCE
Compile TV & Mobile APKs	Build Android TV & Mobile APKs	2026-09-07T03:29:57.3346498Z > Task :androidApp:validateSigningDebug
Compile TV & Mobile APKs	Build Android TV & Mobile APKs	2026-09-07T03:29:57.3430803Z > Task :androidApp:writeDebugAppMetadata
Compile TV & Mobile APKs	Build Android TV & Mobile APKs	2026-09-07T03:29:57.3472281Z > Task :androidApp:writeDebugSigningConfigVersions
Compile TV & Mobile APKs	Build Android TV & Mobile APKs	2026-09-07T03:29:57.4261807Z > Task :androidApp:mergeLibDexDebug
Compile TV & Mobile APKs	Build Android TV & Mobile APKs	2026-09-07T03:30:02.0272905Z > Task :androidApp:compileDebugKotlin
Compile TV & Mobile APKs	Build Android TV & Mobile APKs	2026-09-07T03:30:09.0270432Z > Task :androidApp:compileDebugJavaWithJavac
Compile TV & Mobile APKs	Build Android TV & Mobile APKs	2026-09-07T03:30:09.4262166Z > Task :androidApp:dexBuilderDebug
Compile TV & Mobile APKs	Build Android TV & Mobile APKs	2026-09-07T03:30:09.9283209Z > Task :androidApp:processDebugJavaRes
Compile TV & Mobile APKs	Build Android TV & Mobile APKs	2026-09-07T03:30:09.9327912Z > Task :androidApp:mergeDebugGlobalSynthetics
Compile TV & Mobile APKs	Build Android TV & Mobile APKs	2026-09-07T03:30:11.5300730Z > Task :androidApp:mergeProjectDexDebug
Compile TV & Mobile APKs	Build Android TV & Mobile APKs	2026-09-07T03:30:13.2280890Z > Task :androidApp:mergeDebugJavaResource
Compile TV & Mobile APKs	Build Android TV & Mobile APKs	2026-09-07T03:30:14.6262518Z > Task :androidApp:packageDebug
Compile TV & Mobile APKs	Build Android TV & Mobile APKs	2026-09-07T03:30:14.6263719Z > Task :androidApp:createDebugApkListingFileRedirect
Compile TV & Mobile APKs	Build Android TV & Mobile APKs	2026-09-07T03:30:14.6290558Z > Task :androidApp:assembleDebug
Compile TV & Mobile APKs	Build Android TV & Mobile APKs	2026-09-07T03:30:22.0262175Z > Task :tvApp:compileDebugKotlin
Compile TV & Mobile APKs	Build Android TV & Mobile APKs	2026-09-07T03:30:59.7292171Z e: file:///home/runner/work/tvmime/tvmime/tvApp/src/main/java/com/streamvault/app/diagnostics/CrashReportStore.kt:1:72 Unresolved reference: inject
Compile TV & Mobile APKs	Build Android TV & Mobile APKs	2026-09-07T03:30:59.7321408Z e: file:///home/runner/work/tvmime/tvmime/tvApp/src/main/java/com/streamvault/app/pairing/ProviderQrPairingManager.kt:2:39 Unresolved reference: inject
Compile TV & Mobile APKs	Build Android TV & Mobile APKs	2026-09-07T03:30:59.7337875Z e: file:///home/runner/work/tvmime/tvmime/tvApp/src/main/java/com/streamvault/app/plugins/StreamVaultPluginManager.kt:2:39 Unresolved reference: inject
Compile TV & Mobile APKs	Build Android TV & Mobile APKs	2026-09-07T03:30:59.7379286Z e: file:///home/runner/work/tvmime/tvmime/tvApp/src/main/java/com/streamvault/app/tvinput/TvInputChannelSyncManager.kt:1:77 Unresolved reference: inject
Compile TV & Mobile APKs	Build Android TV & Mobile APKs	2026-09-07T03:30:59.7411131Z e: file:///home/runner/work/tvmime/tvmime/tvApp/src/main/java/com/streamvault/data/sync/ProviderSyncCommands.kt:2:35 Unresolved reference: inject
Compile TV & Mobile APKs	Build Android TV & Mobile APKs	2026-09-07T03:30:59.7423847Z e: file:///home/runner/work/tvmime/tvmime/tvApp/src/main/java/com/streamvault/domain/manager/ParentalControlManager.kt:8:14 Unresolved reference: inject
Compile TV & Mobile APKs	Build Android TV & Mobile APKs	2026-09-07T03:30:59.7467516Z e: file:///home/runner/work/tvmime/tvmime/tvApp/src/main/java/com/streamvault/domain/manager/ParentalControlManager.kt:9:14 Unresolved reference: inject
Compile TV & Mobile APKs	Build Android TV & Mobile APKs	2026-09-07T03:30:59.7511579Z e: file:///home/runner/work/tvmime/tvmime/tvApp/src/main/java/com/streamvault/domain/manager/ParentalControlManager.kt:11:2 Unresolved reference: Singleton
Compile TV & Mobile APKs	Build Android TV & Mobile APKs	2026-09-07T03:30:59.7513799Z e: file:///home/runner/work/tvmime/tvmime/tvApp/src/main/java/com/streamvault/domain/manager/ParentalControlManager.kt:12:31 Unresolved reference: Inject
Compile TV & Mobile APKs	Build Android TV & Mobile APKs	2026-09-07T03:30:59.7516256Z e: file:///home/runner/work/tvmime/tvmime/tvApp/src/main/java/com/streamvault/domain/manager/ProgramReminderManager.kt:2:37 Unresolved reference: inject
Compile TV & Mobile APKs	Build Android TV & Mobile APKs	2026-09-07T03:30:59.7518252Z e: file:///home/runner/work/tvmime/tvmime/tvApp/src/main/java/com/streamvault/domain/usecase/ExportBackup.kt:5:14 Unresolved reference: inject
Compile TV & Mobile APKs	Build Android TV & Mobile APKs	2026-09-07T03:30:59.7520250Z e: file:///home/runner/work/tvmime/tvmime/tvApp/src/main/java/com/streamvault/domain/usecase/ExportBackup.kt:16:21 Unresolved reference: Inject
Compile TV & Mobile APKs	Build Android TV & Mobile APKs	2026-09-07T03:30:59.7522729Z e: file:///home/runner/work/tvmime/tvmime/tvApp/src/main/java/com/streamvault/domain/usecase/GetContinueWatching.kt:8:14 Unresolved reference: inject
Compile TV & Mobile APKs	Build Android TV & Mobile APKs	2026-09-07T03:30:59.7524825Z e: file:///home/runner/work/tvmime/tvmime/tvApp/src/main/java/com/streamvault/domain/usecase/GetContinueWatching.kt:27:28 Unresolved reference: Inject
Compile TV & Mobile APKs	Build Android TV & Mobile APKs	2026-09-07T03:30:59.7526847Z e: file:///home/runner/work/tvmime/tvmime/tvApp/src/main/java/com/streamvault/domain/usecase/GetCustomCategories.kt:19:14 Unresolved reference: inject
Compile TV & Mobile APKs	Build Android TV & Mobile APKs	2026-09-07T03:30:59.7528833Z e: file:///home/runner/work/tvmime/tvmime/tvApp/src/main/java/com/streamvault/domain/usecase/GetCustomCategories.kt:21:28 Unresolved reference: Inject
Compile TV & Mobile APKs	Build Android TV & Mobile APKs	2026-09-07T03:30:59.7531193Z e: file:///home/runner/work/tvmime/tvmime/tvApp/src/main/java/com/streamvault/domain/usecase/GetRecommendations.kt:8:14 Unresolved reference: inject
Compile TV & Mobile APKs	Build Android TV & Mobile APKs	2026-09-07T03:30:59.7533235Z e: file:///home/runner/work/tvmime/tvmime/tvApp/src/main/java/com/streamvault/domain/usecase/GetRecommendations.kt:21:27 Unresolved reference: Inject
Compile TV & Mobile APKs	Build Android TV & Mobile APKs	2026-09-07T03:30:59.7551400Z e: file:///home/runner/work/tvmime/tvmime/tvApp/src/main/java/com/streamvault/domain/usecase/ImportBackup.kt:9:14 Unresolved reference: inject
Compile TV & Mobile APKs	Build Android TV & Mobile APKs	2026-09-07T03:30:59.7553292Z e: file:///home/runner/work/tvmime/tvmime/tvApp/src/main/java/com/streamvault/domain/usecase/ImportBackup.kt:63:21 Unresolved reference: Inject
Compile TV & Mobile APKs	Build Android TV & Mobile APKs	2026-09-07T03:30:59.7555036Z e: file:///home/runner/work/tvmime/tvmime/tvApp/src/main/java/com/streamvault/domain/usecase/MarkAsWatched.kt:8:14 Unresolved reference: inject
Compile TV & Mobile APKs	Build Android TV & Mobile APKs	2026-09-07T03:30:59.7556807Z e: file:///home/runner/work/tvmime/tvmime/tvApp/src/main/java/com/streamvault/domain/usecase/MarkAsWatched.kt:10:22 Unresolved reference: Inject
Compile TV & Mobile APKs	Build Android TV & Mobile APKs	2026-09-07T03:30:59.7558633Z e: file:///home/runner/work/tvmime/tvmime/tvApp/src/main/java/com/streamvault/domain/usecase/ScheduleRecording.kt:11:14 Unresolved reference: inject
Compile TV & Mobile APKs	Build Android TV & Mobile APKs	2026-09-07T03:30:59.7560863Z e: file:///home/runner/work/tvmime/tvmime/tvApp/src/main/java/com/streamvault/domain/usecase/ScheduleRecording.kt:24:26 Unresolved reference: Inject
Compile TV & Mobile APKs	Build Android TV & Mobile APKs	2026-09-07T03:30:59.7562760Z e: file:///home/runner/work/tvmime/tvmime/tvApp/src/main/java/com/streamvault/domain/usecase/SearchContent.kt:14:14 Unresolved reference: inject
Compile TV & Mobile APKs	Build Android TV & Mobile APKs	2026-09-07T03:30:59.7564603Z e: file:///home/runner/work/tvmime/tvmime/tvApp/src/main/java/com/streamvault/domain/usecase/SearchContent.kt:38:22 Unresolved reference: Inject
Compile TV & Mobile APKs	Build Android TV & Mobile APKs	2026-09-07T03:30:59.7566457Z e: file:///home/runner/work/tvmime/tvmime/tvApp/src/main/java/com/streamvault/domain/usecase/SearchExternalSubtitles.kt:6:14 Unresolved reference: inject
Compile TV & Mobile APKs	Build Android TV & Mobile APKs	2026-09-07T03:30:59.7568419Z e: file:///home/runner/work/tvmime/tvmime/tvApp/src/main/java/com/streamvault/domain/usecase/SearchExternalSubtitles.kt:8:32 Unresolved reference: Inject
Compile TV & Mobile APKs	Build Android TV & Mobile APKs	2026-09-07T03:30:59.7570902Z e: file:///home/runner/work/tvmime/tvmime/tvApp/src/main/java/com/streamvault/domain/usecase/SyncProvider.kt:10:14 Unresolved reference: inject
Compile TV & Mobile APKs	Build Android TV & Mobile APKs	2026-09-07T03:30:59.7572734Z e: file:///home/runner/work/tvmime/tvmime/tvApp/src/main/java/com/streamvault/domain/usecase/SyncProvider.kt:31:21 Unresolved reference: Inject
Compile TV & Mobile APKs	Build Android TV & Mobile APKs	2026-09-07T03:30:59.7574630Z e: file:///home/runner/work/tvmime/tvmime/tvApp/src/main/java/com/streamvault/domain/usecase/UnlockParentalCategory.kt:6:14 Unresolved reference: inject
Compile TV & Mobile APKs	Build Android TV & Mobile APKs	2026-09-07T03:30:59.7576616Z e: file:///home/runner/work/tvmime/tvmime/tvApp/src/main/java/com/streamvault/domain/usecase/UnlockParentalCategory.kt:14:31 Unresolved reference: Inject
Compile TV & Mobile APKs	Build Android TV & Mobile APKs	2026-09-07T03:30:59.7578600Z e: file:///home/runner/work/tvmime/tvmime/tvApp/src/main/java/com/streamvault/domain/usecase/ValidateAndAddProvider.kt:29:14 Unresolved reference: inject
Compile TV & Mobile APKs	Build Android TV & Mobile APKs	2026-09-07T03:30:59.7614999Z e: file:///home/runner/work/tvmime/tvmime/tvApp/src/main/java/com/streamvault/domain/usecase/ValidateAndAddProvider.kt:114:31 Unresolved reference: Inject
Compile TV & Mobile APKs	Build Android TV & Mobile APKs	2026-09-07T03:30:59.7617080Z e: file:///home/runner/work/tvmime/tvmime/tvApp/src/main/java/com/streamvault/player/player/AudioCompatibilityMemoryStore.kt:6:8 Unresolved reference: dagger
Compile TV & Mobile APKs	Build Android TV & Mobile APKs	2026-09-07T03:30:59.7619535Z e: file:///home/runner/work/tvmime/tvmime/tvApp/src/main/java/com/streamvault/player/player/AudioCompatibilityMemoryStore.kt:7:14 Unresolved reference: inject
Compile TV & Mobile APKs	Build Android TV & Mobile APKs	2026-09-07T03:30:59.7621715Z e: file:///home/runner/work/tvmime/tvmime/tvApp/src/main/java/com/streamvault/player/player/AudioCompatibilityMemoryStore.kt:8:14 Unresolved reference: inject
Compile TV & Mobile APKs	Build Android TV & Mobile APKs	2026-09-07T03:30:59.7623831Z e: file:///home/runner/work/tvmime/tvmime/tvApp/src/main/java/com/streamvault/player/player/AudioCompatibilityMemoryStore.kt:19:2 Unresolved reference: Singleton
Compile TV & Mobile APKs	Build Android TV & Mobile APKs	2026-09-07T03:30:59.7625942Z e: file:///home/runner/work/tvmime/tvmime/tvApp/src/main/java/com/streamvault/player/player/AudioCompatibilityMemoryStore.kt:20:38 Unresolved reference: Inject
Compile TV & Mobile APKs	Build Android TV & Mobile APKs	2026-09-07T03:30:59.7641187Z e: file:///home/runner/work/tvmime/tvmime/tvApp/src/main/java/com/streamvault/player/player/AudioCompatibilityMemoryStore.kt:21:6 Unresolved reference: ApplicationContext
Compile TV & Mobile APKs	Build Android TV & Mobile APKs	2026-09-07T03:30:59.7643449Z e: file:///home/runner/work/tvmime/tvmime/tvApp/src/main/java/com/streamvault/player/player/Media3PlayerEngine.kt:24:34 Unresolved reference: ScrubbingModeParameters
Compile TV & Mobile APKs	Build Android TV & Mobile APKs	2026-09-07T03:30:59.7645428Z e: file:///home/runner/work/tvmime/tvmime/tvApp/src/main/java/com/streamvault/player/player/Media3PlayerEngine.kt:97:8 Unresolved reference: dagger
Compile TV & Mobile APKs	Build Android TV & Mobile APKs	2026-09-07T03:30:59.7647294Z e: file:///home/runner/work/tvmime/tvmime/tvApp/src/main/java/com/streamvault/player/player/Media3PlayerEngine.kt:98:14 Unresolved reference: inject
Compile TV & Mobile APKs	Build Android TV & Mobile APKs	2026-09-07T03:30:59.7649162Z e: file:///home/runner/work/tvmime/tvmime/tvApp/src/main/java/com/streamvault/player/player/Media3PlayerEngine.kt:118:27 Unresolved reference: Inject
Compile TV & Mobile APKs	Build Android TV & Mobile APKs	2026-09-07T03:30:59.7681668Z e: file:///home/runner/work/tvmime/tvmime/tvApp/src/main/java/com/streamvault/player/player/Media3PlayerEngine.kt:119:12 Unresolved reference: ApplicationContext
Compile TV & Mobile APKs	Build Android TV & Mobile APKs	2026-09-07T03:30:59.7683808Z e: file:///home/runner/work/tvmime/tvmime/tvApp/src/main/java/com/streamvault/player/player/Media3PlayerEngine.kt:800:20 Unresolved reference: setScrubbingModeEnabled
Compile TV & Mobile APKs	Build Android TV & Mobile APKs	2026-09-07T03:30:59.7685986Z e: file:///home/runner/work/tvmime/tvmime/tvApp/src/main/java/com/streamvault/player/player/Media3PlayerEngine.kt:802:20 Unresolved reference: setScrubbingModeEnabled
Compile TV & Mobile APKs	Build Android TV & Mobile APKs	2026-09-07T03:30:59.7688162Z e: file:///home/runner/work/tvmime/tvmime/tvApp/src/main/java/com/streamvault/player/player/Media3PlayerEngine.kt:803:20 Unresolved reference: setScrubbingModeParameters
Compile TV & Mobile APKs	Build Android TV & Mobile APKs	2026-09-07T03:30:59.7690622Z e: file:///home/runner/work/tvmime/tvmime/tvApp/src/main/java/com/streamvault/player/player/Media3PlayerEngine.kt:803:47 Unresolved reference: ScrubbingModeParameters
Compile TV & Mobile APKs	Build Android TV & Mobile APKs	2026-09-07T03:30:59.7692657Z e: file:///home/runner/work/tvmime/tvmime/tvApp/src/main/java/com/streamvault/player/player/PlaybackSupportSnapshotStore.kt:6:8 Unresolved reference: dagger
Compile TV & Mobile APKs	Build Android TV & Mobile APKs	2026-09-07T03:30:59.7695195Z e: file:///home/runner/work/tvmime/tvmime/tvApp/src/main/java/com/streamvault/player/player/PlaybackSupportSnapshotStore.kt:13:14 Unresolved reference: inject
Compile TV & Mobile APKs	Build Android TV & Mobile APKs	2026-09-07T03:30:59.7697239Z e: file:///home/runner/work/tvmime/tvmime/tvApp/src/main/java/com/streamvault/player/player/PlaybackSupportSnapshotStore.kt:14:14 Unresolved reference: inject
Compile TV & Mobile APKs	Build Android TV & Mobile APKs	2026-09-07T03:30:59.7698862Z e: file:///home/runner/work/tvmime/tvmime/tvApp/src/main/java/com/streamvault/player/player/PlaybackSupportSnapshotStore.kt:16:2 Unresolved reference: Singleton
Compile TV & Mobile APKs	Build Android TV & Mobile APKs	2026-09-07T03:30:59.7730766Z e: file:///home/runner/work/tvmime/tvmime/tvApp/src/main/java/com/streamvault/player/player/PlaybackSupportSnapshotStore.kt:17:37 Unresolved reference: Inject
Compile TV & Mobile APKs	Build Android TV & Mobile APKs	2026-09-07T03:30:59.7733107Z e: file:///home/runner/work/tvmime/tvmime/tvApp/src/main/java/com/streamvault/player/player/PlaybackSupportSnapshotStore.kt:18:6 Unresolved reference: ApplicationContext
Compile TV & Mobile APKs	Build Android TV & Mobile APKs	2026-09-07T03:30:59.7735644Z e: file:///home/runner/work/tvmime/tvmime/tvApp/src/main/java/com/streamvault/player/player/playback/PlaybackBufferPolicies.kt:252:13 'when' expression must be exhaustive, add necessary 'else' branch
Compile TV & Mobile APKs	Build Android TV & Mobile APKs	2026-09-07T03:30:59.7738464Z e: file:///home/runner/work/tvmime/tvmime/tvApp/src/main/java/com/streamvault/player/player/timeshift/LiveTimeshiftManager.kt:11:8 Unresolved reference: dagger
Compile TV & Mobile APKs	Build Android TV & Mobile APKs	2026-09-07T03:30:59.7801070Z e: file:///home/runner/work/tvmime/tvmime/tvApp/src/main/java/com/streamvault/player/player/timeshift/LiveTimeshiftManager.kt:23:14 Unresolved reference: inject
Compile TV & Mobile APKs	Build Android TV & Mobile APKs	2026-09-07T03:30:59.7803411Z e: file:///home/runner/work/tvmime/tvmime/tvApp/src/main/java/com/streamvault/player/player/timeshift/LiveTimeshiftManager.kt:24:14 Unresolved reference: inject
Compile TV & Mobile APKs	Build Android TV & Mobile APKs	2026-09-07T03:30:59.7805658Z e: file:///home/runner/work/tvmime/tvmime/tvApp/src/main/java/com/streamvault/player/player/timeshift/LiveTimeshiftManager.kt:92:45 Unresolved reference: Inject
Compile TV & Mobile APKs	Build Android TV & Mobile APKs	2026-09-07T03:30:59.7808002Z e: file:///home/runner/work/tvmime/tvmime/tvApp/src/main/java/com/streamvault/player/player/timeshift/LiveTimeshiftManager.kt:93:12 Unresolved reference: ApplicationContext
Compile TV & Mobile APKs	Build Android TV & Mobile APKs	2026-09-07T03:30:59.7810409Z e: file:///home/runner/work/tvmime/tvmime/tvApp/src/main/java/com/streamvault/player/player/ui/PlayerViewBinder.kt:105:51 Unresolved reference: layout
Compile TV & Mobile APKs	Build Android TV & Mobile APKs	2026-09-07T03:30:59.7812401Z e: file:///home/runner/work/tvmime/tvmime/tvApp/src/main/java/com/streamvault/player/player/ui/PlayerViewBinder.kt:107:51 Unresolved reference: layout
Compile TV & Mobile APKs	Build Android TV & Mobile APKs	2026-09-07T03:30:59.7814200Z e: file:///home/runner/work/tvmime/tvmime/tvApp/src/main/java/com/tvmime/tv/di/DatabaseModule.kt:6:8 Unresolved reference: dagger
Compile TV & Mobile APKs	Build Android TV & Mobile APKs	2026-09-07T03:30:59.7815931Z e: file:///home/runner/work/tvmime/tvmime/tvApp/src/main/java/com/tvmime/tv/di/DatabaseModule.kt:7:8 Unresolved reference: dagger
Compile TV & Mobile APKs	Build Android TV & Mobile APKs	2026-09-07T03:30:59.7817646Z e: file:///home/runner/work/tvmime/tvmime/tvApp/src/main/java/com/tvmime/tv/di/DatabaseModule.kt:8:8 Unresolved reference: dagger
Compile TV & Mobile APKs	Build Android TV & Mobile APKs	2026-09-07T03:30:59.7819371Z e: file:///home/runner/work/tvmime/tvmime/tvApp/src/main/java/com/tvmime/tv/di/DatabaseModule.kt:9:8 Unresolved reference: dagger
Compile TV & Mobile APKs	Build Android TV & Mobile APKs	2026-09-07T03:30:59.7821327Z e: file:///home/runner/work/tvmime/tvmime/tvApp/src/main/java/com/tvmime/tv/di/DatabaseModule.kt:10:8 Unresolved reference: dagger
Compile TV & Mobile APKs	Build Android TV & Mobile APKs	2026-09-07T03:30:59.7823054Z e: file:///home/runner/work/tvmime/tvmime/tvApp/src/main/java/com/tvmime/tv/di/DatabaseModule.kt:11:14 Unresolved reference: inject
Compile TV & Mobile APKs	Build Android TV & Mobile APKs	2026-09-07T03:30:59.7824785Z e: file:///home/runner/work/tvmime/tvmime/tvApp/src/main/java/com/tvmime/tv/di/DatabaseModule.kt:13:2 Unresolved reference: Module
Compile TV & Mobile APKs	Build Android TV & Mobile APKs	2026-09-07T03:30:59.7826533Z e: file:///home/runner/work/tvmime/tvmime/tvApp/src/main/java/com/tvmime/tv/di/DatabaseModule.kt:14:2 Unresolved reference: InstallIn
Compile TV & Mobile APKs	Build Android TV & Mobile APKs	2026-09-07T03:30:59.7828392Z e: file:///home/runner/work/tvmime/tvmime/tvApp/src/main/java/com/tvmime/tv/di/DatabaseModule.kt:14:12 Unresolved reference: SingletonComponent
Compile TV & Mobile APKs	Build Android TV & Mobile APKs	2026-09-07T03:30:59.7901173Z e: file:///home/runner/work/tvmime/tvmime/tvApp/src/main/java/com/tvmime/tv/di/DatabaseModule.kt:17:6 Unresolved reference: Provides
Compile TV & Mobile APKs	Build Android TV & Mobile APKs	2026-09-07T03:30:59.7902928Z e: file:///home/runner/work/tvmime/tvmime/tvApp/src/main/java/com/tvmime/tv/di/DatabaseModule.kt:18:6 Unresolved reference: Singleton
Compile TV & Mobile APKs	Build Android TV & Mobile APKs	2026-09-07T03:30:59.7904704Z e: file:///home/runner/work/tvmime/tvmime/tvApp/src/main/java/com/tvmime/tv/di/DatabaseModule.kt:19:29 Unresolved reference: ApplicationContext
Compile TV & Mobile APKs	Build Android TV & Mobile APKs	2026-09-07T03:30:59.7906429Z e: file:///home/runner/work/tvmime/tvmime/tvApp/src/main/java/com/tvmime/tv/di/DatabaseModule.kt:23:6 Unresolved reference: Provides
Compile TV & Mobile APKs	Build Android TV & Mobile APKs	2026-09-07T03:30:59.7908053Z e: file:///home/runner/work/tvmime/tvmime/tvApp/src/main/java/com/tvmime/tv/di/NetworkModule.kt:3:8 Unresolved reference: dagger
Compile TV & Mobile APKs	Build Android TV & Mobile APKs	2026-09-07T03:30:59.7909683Z e: file:///home/runner/work/tvmime/tvmime/tvApp/src/main/java/com/tvmime/tv/di/NetworkModule.kt:4:8 Unresolved reference: dagger
Compile TV & Mobile APKs	Build Android TV & Mobile APKs	2026-09-07T03:30:59.7971630Z e: file:///home/runner/work/tvmime/tvmime/tvApp/src/main/java/com/tvmime/tv/di/NetworkModule.kt:5:8 Unresolved reference: dagger
Compile TV & Mobile APKs	Build Android TV & Mobile APKs	2026-09-07T03:30:59.7973576Z e: file:///home/runner/work/tvmime/tvmime/tvApp/src/main/java/com/tvmime/tv/di/NetworkModule.kt:6:8 Unresolved reference: dagger
Compile TV & Mobile APKs	Build Android TV & Mobile APKs	2026-09-07T03:30:59.7975687Z e: file:///home/runner/work/tvmime/tvmime/tvApp/src/main/java/com/tvmime/tv/di/NetworkModule.kt:11:14 Unresolved reference: inject
Compile TV & Mobile APKs	Build Android TV & Mobile APKs	2026-09-07T03:30:59.7977535Z e: file:///home/runner/work/tvmime/tvmime/tvApp/src/main/java/com/tvmime/tv/di/NetworkModule.kt:13:2 Unresolved reference: Module
Compile TV & Mobile APKs	Build Android TV & Mobile APKs	2026-09-07T03:30:59.7979186Z e: file:///home/runner/work/tvmime/tvmime/tvApp/src/main/java/com/tvmime/tv/di/NetworkModule.kt:14:2 Unresolved reference: InstallIn
Compile TV & Mobile APKs	Build Android TV & Mobile APKs	2026-09-07T03:30:59.7981128Z e: file:///home/runner/work/tvmime/tvmime/tvApp/src/main/java/com/tvmime/tv/di/NetworkModule.kt:14:12 Unresolved reference: SingletonComponent
Compile TV & Mobile APKs	Build Android TV & Mobile APKs	2026-09-07T03:30:59.7982882Z e: file:///home/runner/work/tvmime/tvmime/tvApp/src/main/java/com/tvmime/tv/di/NetworkModule.kt:19:6 Unresolved reference: Provides
Compile TV & Mobile APKs	Build Android TV & Mobile APKs	2026-09-07T03:30:59.7984569Z e: file:///home/runner/work/tvmime/tvmime/tvApp/src/main/java/com/tvmime/tv/di/NetworkModule.kt:20:6 Unresolved reference: Singleton
Compile TV & Mobile APKs	Build Android TV & Mobile APKs	2026-09-07T03:30:59.7986230Z e: file:///home/runner/work/tvmime/tvmime/tvApp/src/main/java/com/tvmime/tv/di/NetworkModule.kt:62:6 Unresolved reference: Provides
Compile TV & Mobile APKs	Build Android TV & Mobile APKs	2026-09-07T03:30:59.7987890Z e: file:///home/runner/work/tvmime/tvmime/tvApp/src/main/java/com/tvmime/tv/di/NetworkModule.kt:63:6 Unresolved reference: Singleton
Compile TV & Mobile APKs	Build Android TV & Mobile APKs	2026-09-07T03:30:59.7989522Z e: file:///home/runner/work/tvmime/tvmime/tvApp/src/main/java/com/tvmime/tv/di/PlayerModule.kt:6:8 Unresolved reference: dagger
Compile TV & Mobile APKs	Build Android TV & Mobile APKs	2026-09-07T03:30:59.7991330Z e: file:///home/runner/work/tvmime/tvmime/tvApp/src/main/java/com/tvmime/tv/di/PlayerModule.kt:7:8 Unresolved reference: dagger
Compile TV & Mobile APKs	Build Android TV & Mobile APKs	2026-09-07T03:30:59.7992933Z e: file:///home/runner/work/tvmime/tvmime/tvApp/src/main/java/com/tvmime/tv/di/PlayerModule.kt:8:8 Unresolved reference: dagger
Compile TV & Mobile APKs	Build Android TV & Mobile APKs	2026-09-07T03:30:59.7994543Z e: file:///home/runner/work/tvmime/tvmime/tvApp/src/main/java/com/tvmime/tv/di/PlayerModule.kt:9:8 Unresolved reference: dagger
Compile TV & Mobile APKs	Build Android TV & Mobile APKs	2026-09-07T03:30:59.7996144Z e: file:///home/runner/work/tvmime/tvmime/tvApp/src/main/java/com/tvmime/tv/di/PlayerModule.kt:10:8 Unresolved reference: dagger
Compile TV & Mobile APKs	Build Android TV & Mobile APKs	2026-09-07T03:30:59.7997756Z e: file:///home/runner/work/tvmime/tvmime/tvApp/src/main/java/com/tvmime/tv/di/PlayerModule.kt:12:14 Unresolved reference: inject
Compile TV & Mobile APKs	Build Android TV & Mobile APKs	2026-09-07T03:30:59.7999342Z e: file:///home/runner/work/tvmime/tvmime/tvApp/src/main/java/com/tvmime/tv/di/PlayerModule.kt:14:2 Unresolved reference: Module
Compile TV & Mobile APKs	Build Android TV & Mobile APKs	2026-09-07T03:30:59.8017304Z e: file:///home/runner/work/tvmime/tvmime/tvApp/src/main/java/com/tvmime/tv/di/PlayerModule.kt:15:2 Unresolved reference: InstallIn
Compile TV & Mobile APKs	Build Android TV & Mobile APKs	2026-09-07T03:30:59.8019103Z e: file:///home/runner/work/tvmime/tvmime/tvApp/src/main/java/com/tvmime/tv/di/PlayerModule.kt:15:12 Unresolved reference: SingletonComponent
Compile TV & Mobile APKs	Build Android TV & Mobile APKs	2026-09-07T03:30:59.8021125Z e: file:///home/runner/work/tvmime/tvmime/tvApp/src/main/java/com/tvmime/tv/di/PlayerModule.kt:18:6 Unresolved reference: Provides
Compile TV & Mobile APKs	Build Android TV & Mobile APKs	2026-09-07T03:30:59.8023507Z e: file:///home/runner/work/tvmime/tvmime/tvApp/src/main/java/com/tvmime/tv/di/PlayerModule.kt:19:6 Unresolved reference: Singleton
Compile TV & Mobile APKs	Build Android TV & Mobile APKs	2026-09-07T03:30:59.8025256Z e: file:///home/runner/work/tvmime/tvmime/tvApp/src/main/java/com/tvmime/tv/di/PlayerModule.kt:20:28 Unresolved reference: ApplicationContext
Compile TV & Mobile APKs	Build Android TV & Mobile APKs	2026-09-07T03:30:59.8027003Z e: file:///home/runner/work/tvmime/tvmime/tvApp/src/main/java/com/tvmime/tv/di/PlayerModule.kt:24:6 Unresolved reference: Provides
Compile TV & Mobile APKs	Build Android TV & Mobile APKs	2026-09-07T03:30:59.8028660Z e: file:///home/runner/work/tvmime/tvmime/tvApp/src/main/java/com/tvmime/tv/di/PlayerModule.kt:25:6 Unresolved reference: Singleton
Compile TV & Mobile APKs	Build Android TV & Mobile APKs	2026-09-07T03:30:59.8030581Z e: file:///home/runner/work/tvmime/tvmime/tvApp/src/main/java/com/tvmime/tv/di/PlayerModule.kt:27:10 Unresolved reference: ApplicationContext
Compile TV & Mobile APKs	Build Android TV & Mobile APKs	2026-09-07T03:30:59.8032338Z e: file:///home/runner/work/tvmime/tvmime/tvApp/src/main/java/com/tvmime/tv/di/RealDomainAdapters.kt:13:14 Unresolved reference: inject
Compile TV & Mobile APKs	Build Android TV & Mobile APKs	2026-09-07T03:30:59.8034063Z e: file:///home/runner/work/tvmime/tvmime/tvApp/src/main/java/com/tvmime/tv/di/RealDomainAdapters.kt:15:31 Unresolved reference: Inject
Compile TV & Mobile APKs	Build Android TV & Mobile APKs	2026-09-07T03:30:59.8035793Z e: file:///home/runner/work/tvmime/tvmime/tvApp/src/main/java/com/tvmime/tv/di/RealDomainAdapters.kt:17:27 Unresolved reference: createMock
Compile TV & Mobile APKs	Build Android TV & Mobile APKs	2026-09-07T03:30:59.8038845Z e: file:///home/runner/work/tvmime/tvmime/tvApp/src/main/java/com/tvmime/tv/player/TvMimePlayerAdapter.kt:10:1 Class 'TvMimePlayerAdapter' is not abstract and does not implement abstract member public abstract fun seekForward(ms: Long = ...): Unit defined in com.streamvault.player.PlayerEngine
Compile TV & Mobile APKs	Build Android TV & Mobile APKs	2026-09-07T03:30:59.8042933Z e: file:///home/runner/work/tvmime/tvmime/tvApp/src/main/java/com/tvmime/tv/player/TvMimePlayerAdapter.kt:65:18 Type of 'audioFocusDenied' is not a subtype of the overridden property 'public abstract val audioFocusDenied: Flow<Unit> defined in com.streamvault.player.PlayerEngine'
Compile TV & Mobile APKs	Build Android TV & Mobile APKs	2026-09-07T03:30:59.8045761Z e: file:///home/runner/work/tvmime/tvmime/tvApp/src/main/java/com/tvmime/tv/player/TvMimePlayerAdapter.kt:79:5 'selectTrack' overrides nothing
Compile TV & Mobile APKs	Build Android TV & Mobile APKs	2026-09-07T03:30:59.8047590Z e: file:///home/runner/work/tvmime/tvmime/tvApp/src/main/java/com/tvmime/tv/player/TvMimePlayerAdapter.kt:81:5 'clearCache' overrides nothing
Compile TV & Mobile APKs	Build Android TV & Mobile APKs	2026-09-07T03:30:59.8049378Z e: file:///home/runner/work/tvmime/tvmime/tvApp/src/main/java/com/tvmime/tv/player/TvMimePlayerAdapter.kt:83:5 'renderTo' overrides nothing
Compile TV & Mobile APKs	Build Android TV & Mobile APKs	2026-09-07T03:30:59.8051363Z e: file:///home/runner/work/tvmime/tvmime/tvApp/src/main/java/com/tvmime/tv/player/TvMimePlayerAdapter.kt:84:5 'renderTo' overrides nothing
Compile TV & Mobile APKs	Build Android TV & Mobile APKs	2026-09-07T03:30:59.8053226Z e: file:///home/runner/work/tvmime/tvmime/tvApp/src/main/java/com/tvmime/tv/sv_navigation/AppNavigation.kt:16:35 Unresolved reference: dropUnlessResumed
Compile TV & Mobile APKs	Build Android TV & Mobile APKs	2026-09-07T03:30:59.8055085Z e: file:///home/runner/work/tvmime/tvmime/tvApp/src/main/java/com/tvmime/tv/sv_navigation/AppNavigation.kt:17:17 Unresolved reference: navigation
Compile TV & Mobile APKs	Build Android TV & Mobile APKs	2026-09-07T03:30:59.8056922Z e: file:///home/runner/work/tvmime/tvmime/tvApp/src/main/java/com/tvmime/tv/sv_navigation/AppNavigation.kt:18:17 Unresolved reference: navigation
Compile TV & Mobile APKs	Build Android TV & Mobile APKs	2026-09-07T03:30:59.8058693Z e: file:///home/runner/work/tvmime/tvmime/tvApp/src/main/java/com/tvmime/tv/sv_navigation/AppNavigation.kt:19:17 Unresolved reference: navigation
Compile TV & Mobile APKs	Build Android TV & Mobile APKs	2026-09-07T03:30:59.8060585Z e: file:///home/runner/work/tvmime/tvmime/tvApp/src/main/java/com/tvmime/tv/sv_navigation/AppNavigation.kt:20:17 Unresolved reference: navigation
Compile TV & Mobile APKs	Build Android TV & Mobile APKs	2026-09-07T03:30:59.8062347Z e: file:///home/runner/work/tvmime/tvmime/tvApp/src/main/java/com/tvmime/tv/sv_navigation/AppNavigation.kt:21:17 Unresolved reference: navigation
Compile TV & Mobile APKs	Build Android TV & Mobile APKs	2026-09-07T03:30:59.8064491Z e: file:///home/runner/work/tvmime/tvmime/tvApp/src/main/java/com/tvmime/tv/sv_navigation/AppNavigation.kt:22:17 Unresolved reference: navigation
Compile TV & Mobile APKs	Build Android TV & Mobile APKs	2026-09-07T03:30:59.8066442Z e: file:///home/runner/work/tvmime/tvmime/tvApp/src/main/java/com/tvmime/tv/sv_navigation/AppNavigation.kt:23:17 Unresolved reference: navigation
Compile TV & Mobile APKs	Build Android TV & Mobile APKs	2026-09-07T03:30:59.8068474Z e: file:///home/runner/work/tvmime/tvmime/tvApp/src/main/java/com/tvmime/tv/sv_navigation/AppNavigation.kt:24:17 Unresolved reference: navigation
Compile TV & Mobile APKs	Build Android TV & Mobile APKs	2026-09-07T03:30:59.8070502Z e: file:///home/runner/work/tvmime/tvmime/tvApp/src/main/java/com/tvmime/tv/sv_navigation/AppNavigation.kt:31:36 Unresolved reference: multiview
Compile TV & Mobile APKs	Build Android TV & Mobile APKs	2026-09-07T03:30:59.8072324Z e: file:///home/runner/work/tvmime/tvmime/tvApp/src/main/java/com/tvmime/tv/sv_navigation/AppNavigation.kt:33:36 Unresolved reference: movies
Compile TV & Mobile APKs	Build Android TV & Mobile APKs	2026-09-07T03:30:59.8074099Z e: file:///home/runner/work/tvmime/tvmime/tvApp/src/main/java/com/tvmime/tv/sv_navigation/AppNavigation.kt:35:36 Unresolved reference: plugins
Compile TV & Mobile APKs	Build Android TV & Mobile APKs	2026-09-07T03:30:59.8075861Z e: file:///home/runner/work/tvmime/tvmime/tvApp/src/main/java/com/tvmime/tv/sv_navigation/AppNavigation.kt:37:36 Unresolved reference: series
Compile TV & Mobile APKs	Build Android TV & Mobile APKs	2026-09-07T03:30:59.8077626Z e: file:///home/runner/work/tvmime/tvmime/tvApp/src/main/java/com/tvmime/tv/sv_navigation/AppNavigation.kt:38:36 Unresolved reference: vod
Compile TV & Mobile APKs	Build Android TV & Mobile APKs	2026-09-07T03:30:59.8079404Z e: file:///home/runner/work/tvmime/tvmime/tvApp/src/main/java/com/tvmime/tv/sv_navigation/AppNavigation.kt:40:36 Unresolved reference: welcome
Compile TV & Mobile APKs	Build Android TV & Mobile APKs	2026-09-07T03:30:59.8081393Z e: file:///home/runner/work/tvmime/tvmime/tvApp/src/main/java/com/tvmime/tv/sv_navigation/AppNavigation.kt:41:36 Unresolved reference: downloads
Compile TV & Mobile APKs	Build Android TV & Mobile APKs	2026-09-07T03:30:59.8083477Z e: file:///home/runner/work/tvmime/tvmime/tvApp/src/main/java/com/tvmime/tv/sv_navigation/AppNavigation.kt:258:13 Unresolved reference: NavHostController
Compile TV & Mobile APKs	Build Android TV & Mobile APKs	2026-09-07T03:30:59.8085606Z e: file:///home/runner/work/tvmime/tvmime/tvApp/src/main/java/com/tvmime/tv/sv_navigation/AppNavigation.kt:258:73 Unresolved reference: NavOptionsBuilder
Compile TV & Mobile APKs	Build Android TV & Mobile APKs	2026-09-07T03:30:59.8087579Z e: file:///home/runner/work/tvmime/tvmime/tvApp/src/main/java/com/tvmime/tv/sv_navigation/AppNavigation.kt:285:13 Unresolved reference: NavHostController
Compile TV & Mobile APKs	Build Android TV & Mobile APKs	2026-09-07T03:30:59.8089340Z e: file:///home/runner/work/tvmime/tvmime/tvApp/src/main/java/com/tvmime/tv/sv_navigation/AppNavigation.kt:288:31 Variable expected
Compile TV & Mobile APKs	Build Android TV & Mobile APKs	2026-09-07T03:30:59.8091280Z e: file:///home/runner/work/tvmime/tvmime/tvApp/src/main/java/com/tvmime/tv/sv_navigation/AppNavigation.kt:292:13 Unresolved reference: NavHostController
Compile TV & Mobile APKs	Build Android TV & Mobile APKs	2026-09-07T03:30:59.8093128Z e: file:///home/runner/work/tvmime/tvmime/tvApp/src/main/java/com/tvmime/tv/sv_navigation/AppNavigation.kt:309:13 Unresolved reference: NavHostController
Compile TV & Mobile APKs	Build Android TV & Mobile APKs	2026-09-07T03:30:59.8094957Z e: file:///home/runner/work/tvmime/tvmime/tvApp/src/main/java/com/tvmime/tv/sv_navigation/AppNavigation.kt:326:13 Unresolved reference: NavHostController
Compile TV & Mobile APKs	Build Android TV & Mobile APKs	2026-09-07T03:30:59.8096606Z e: file:///home/runner/work/tvmime/tvmime/tvApp/src/main/java/com/tvmime/tv/sv_navigation/AppNavigation.kt:329:31 Variable expected
Compile TV & Mobile APKs	Build Android TV & Mobile APKs	2026-09-07T03:30:59.8098344Z e: file:///home/runner/work/tvmime/tvmime/tvApp/src/main/java/com/tvmime/tv/sv_navigation/AppNavigation.kt:360:25 Unresolved reference: rememberNavController
Compile TV & Mobile APKs	Build Android TV & Mobile APKs	2026-09-07T03:30:59.8100563Z e: file:///home/runner/work/tvmime/tvmime/tvApp/src/main/java/com/tvmime/tv/sv_navigation/AppNavigation.kt:372:14 Unresolved reference: getLastSplitCatalogType
Compile TV & Mobile APKs	Build Android TV & Mobile APKs	2026-09-07T03:30:59.8103051Z e: file:///home/runner/work/tvmime/tvmime/tvApp/src/main/java/com/tvmime/tv/sv_navigation/AppNavigation.kt:414:13 Unresolved reference: popUpTo
Compile TV & Mobile APKs	Build Android TV & Mobile APKs	2026-09-07T03:30:59.8104866Z e: file:///home/runner/work/tvmime/tvmime/tvApp/src/main/java/com/tvmime/tv/sv_navigation/AppNavigation.kt:414:35 Unresolved reference: inclusive
Compile TV & Mobile APKs	Build Android TV & Mobile APKs	2026-09-07T03:30:59.8106723Z e: file:///home/runner/work/tvmime/tvmime/tvApp/src/main/java/com/tvmime/tv/sv_navigation/AppNavigation.kt:426:27 Unresolved reference: destination
Compile TV & Mobile APKs	Build Android TV & Mobile APKs	2026-09-07T03:30:59.8108561Z e: file:///home/runner/work/tvmime/tvmime/tvApp/src/main/java/com/tvmime/tv/sv_navigation/AppNavigation.kt:428:15 Unresolved reference: lifecycle
Compile TV & Mobile APKs	Build Android TV & Mobile APKs	2026-09-07T03:30:59.8110578Z e: file:///home/runner/work/tvmime/tvmime/tvApp/src/main/java/com/tvmime/tv/sv_navigation/AppNavigation.kt:436:15 Unresolved reference: lifecycle
Compile TV & Mobile APKs	Build Android TV & Mobile APKs	2026-09-07T03:30:59.8112689Z e: file:///home/runner/work/tvmime/tvmime/tvApp/src/main/java/com/tvmime/tv/sv_navigation/AppNavigation.kt:445:86 Unresolved reference: launchSingleTop
Compile TV & Mobile APKs	Build Android TV & Mobile APKs	2026-09-07T03:30:59.8114615Z e: file:///home/runner/work/tvmime/tvmime/tvApp/src/main/java/com/tvmime/tv/sv_navigation/AppNavigation.kt:451:102 Unresolved reference: launchSingleTop
Compile TV & Mobile APKs	Build Android TV & Mobile APKs	2026-09-07T03:30:59.8116863Z e: file:///home/runner/work/tvmime/tvmime/tvApp/src/main/java/com/tvmime/tv/sv_navigation/AppNavigation.kt:457:97 Unresolved reference: launchSingleTop
Compile TV & Mobile APKs	Build Android TV & Mobile APKs	2026-09-07T03:30:59.8118742Z e: file:///home/runner/work/tvmime/tvmime/tvApp/src/main/java/com/tvmime/tv/sv_navigation/AppNavigation.kt:463:85 Unresolved reference: launchSingleTop
Compile TV & Mobile APKs	Build Android TV & Mobile APKs	2026-09-07T03:30:59.8120840Z e: file:///home/runner/work/tvmime/tvmime/tvApp/src/main/java/com/tvmime/tv/sv_navigation/AppNavigation.kt:476:20 Unresolved reference: lifecycle
Compile TV & Mobile APKs	Build Android TV & Mobile APKs	2026-09-07T03:30:59.8122688Z e: file:///home/runner/work/tvmime/tvmime/tvApp/src/main/java/com/tvmime/tv/sv_navigation/AppNavigation.kt:477:34 Unresolved reference: destination
Compile TV & Mobile APKs	Build Android TV & Mobile APKs	2026-09-07T03:30:59.8124744Z e: file:///home/runner/work/tvmime/tvmime/tvApp/src/main/java/com/tvmime/tv/sv_navigation/AppNavigation.kt:486:86 Type mismatch: inferred type is ContentType but String was expected
Compile TV & Mobile APKs	Build Android TV & Mobile APKs	2026-09-07T03:30:59.8126978Z e: file:///home/runner/work/tvmime/tvmime/tvApp/src/main/java/com/tvmime/tv/sv_navigation/AppNavigation.kt:498:13 Unresolved reference: popUpTo
Compile TV & Mobile APKs	Build Android TV & Mobile APKs	2026-09-07T03:30:59.8128789Z e: file:///home/runner/work/tvmime/tvmime/tvApp/src/main/java/com/tvmime/tv/sv_navigation/AppNavigation.kt:499:17 Unresolved reference: saveState
Compile TV & Mobile APKs	Build Android TV & Mobile APKs	2026-09-07T03:30:59.8130845Z e: file:///home/runner/work/tvmime/tvmime/tvApp/src/main/java/com/tvmime/tv/sv_navigation/AppNavigation.kt:501:13 Unresolved reference: launchSingleTop
Compile TV & Mobile APKs	Build Android TV & Mobile APKs	2026-09-07T03:30:59.8132724Z e: file:///home/runner/work/tvmime/tvmime/tvApp/src/main/java/com/tvmime/tv/sv_navigation/AppNavigation.kt:502:13 Unresolved reference: restoreState
Compile TV & Mobile APKs	Build Android TV & Mobile APKs	2026-09-07T03:30:59.8134611Z e: file:///home/runner/work/tvmime/tvmime/tvApp/src/main/java/com/tvmime/tv/sv_navigation/AppNavigation.kt:520:5 Unresolved reference: NavHost
Compile TV & Mobile APKs	Build Android TV & Mobile APKs	2026-09-07T03:30:59.8136422Z e: file:///home/runner/work/tvmime/tvmime/tvApp/src/main/java/com/tvmime/tv/sv_navigation/AppNavigation.kt:524:9 Unresolved reference: composable
Compile TV & Mobile APKs	Build Android TV & Mobile APKs	2026-09-07T03:30:59.8138243Z e: file:///home/runner/work/tvmime/tvmime/tvApp/src/main/java/com/tvmime/tv/sv_navigation/AppNavigation.kt:525:13 Unresolved reference: WelcomeScreen
Compile TV & Mobile APKs	Build Android TV & Mobile APKs	2026-09-07T03:30:59.8140309Z e: file:///home/runner/work/tvmime/tvmime/tvApp/src/main/java/com/tvmime/tv/sv_navigation/AppNavigation.kt:526:36 Unresolved reference: dropUnlessResumed
Compile TV & Mobile APKs	Build Android TV & Mobile APKs	2026-09-07T03:30:59.8142172Z e: file:///home/runner/work/tvmime/tvmime/tvApp/src/main/java/com/tvmime/tv/sv_navigation/AppNavigation.kt:530:37 Unresolved reference: dropUnlessResumed
Compile TV & Mobile APKs	Build Android TV & Mobile APKs	2026-09-07T03:30:59.8144025Z e: file:///home/runner/work/tvmime/tvmime/tvApp/src/main/java/com/tvmime/tv/sv_navigation/AppNavigation.kt:532:25 Unresolved reference: popUpTo
Compile TV & Mobile APKs	Build Android TV & Mobile APKs	2026-09-07T03:30:59.8145905Z e: file:///home/runner/work/tvmime/tvmime/tvApp/src/main/java/com/tvmime/tv/sv_navigation/AppNavigation.kt:532:51 Unresolved reference: inclusive
Compile TV & Mobile APKs	Build Android TV & Mobile APKs	2026-09-07T03:30:59.8147739Z e: file:///home/runner/work/tvmime/tvmime/tvApp/src/main/java/com/tvmime/tv/sv_navigation/AppNavigation.kt:538:9 Unresolved reference: composable
Compile TV & Mobile APKs	Build Android TV & Mobile APKs	2026-09-07T03:30:59.8149561Z e: file:///home/runner/work/tvmime/tvmime/tvApp/src/main/java/com/tvmime/tv/sv_navigation/AppNavigation.kt:541:17 Unresolved reference: navArgument
Compile TV & Mobile APKs	Build Android TV & Mobile APKs	2026-09-07T03:30:59.8151599Z e: file:///home/runner/work/tvmime/tvmime/tvApp/src/main/java/com/tvmime/tv/sv_navigation/AppNavigation.kt:541:45 Unresolved reference: type
Compile TV & Mobile APKs	Build Android TV & Mobile APKs	2026-09-07T03:30:59.8153415Z e: file:///home/runner/work/tvmime/tvmime/tvApp/src/main/java/com/tvmime/tv/sv_navigation/AppNavigation.kt:541:52 Unresolved reference: NavType
Compile TV & Mobile APKs	Build Android TV & Mobile APKs	2026-09-07T03:30:59.8155287Z e: file:///home/runner/work/tvmime/tvmime/tvApp/src/main/java/com/tvmime/tv/sv_navigation/AppNavigation.kt:541:70 Unresolved reference: defaultValue
Compile TV & Mobile APKs	Build Android TV & Mobile APKs	2026-09-07T03:30:59.8157338Z e: file:///home/runner/work/tvmime/tvmime/tvApp/src/main/java/com/tvmime/tv/sv_navigation/AppNavigation.kt:542:17 Unresolved reference: navArgument
Compile TV & Mobile APKs	Build Android TV & Mobile APKs	2026-09-07T03:30:59.8159237Z e: file:///home/runner/work/tvmime/tvmime/tvApp/src/main/java/com/tvmime/tv/sv_navigation/AppNavigation.kt:542:44 Unresolved reference: type
Compile TV & Mobile APKs	Build Android TV & Mobile APKs	2026-09-07T03:30:59.8161291Z e: file:///home/runner/work/tvmime/tvmime/tvApp/src/main/java/com/tvmime/tv/sv_navigation/AppNavigation.kt:542:51 Unresolved reference: NavType
Compile TV & Mobile APKs	Build Android TV & Mobile APKs	2026-09-07T03:30:59.8163183Z e: file:///home/runner/work/tvmime/tvmime/tvApp/src/main/java/com/tvmime/tv/sv_navigation/AppNavigation.kt:542:71 Unresolved reference: defaultValue
Compile TV & Mobile APKs	Build Android TV & Mobile APKs	2026-09-07T03:30:59.8165328Z e: file:///home/runner/work/tvmime/tvmime/tvApp/src/main/java/com/tvmime/tv/sv_navigation/AppNavigation.kt:544:13 Cannot infer a type for this parameter. Please specify it explicitly.
Compile TV & Mobile APKs	Build Android TV & Mobile APKs	2026-09-07T03:30:59.8167356Z e: file:///home/runner/work/tvmime/tvmime/tvApp/src/main/java/com/tvmime/tv/sv_navigation/AppNavigation.kt:545:88 Unresolved reference: it
Compile TV & Mobile APKs	Build Android TV & Mobile APKs	2026-09-07T03:30:59.8169145Z e: file:///home/runner/work/tvmime/tvmime/tvApp/src/main/java/com/tvmime/tv/sv_navigation/AppNavigation.kt:546:88 Unresolved reference: it
Compile TV & Mobile APKs	Build Android TV & Mobile APKs	2026-09-07T03:30:59.8171679Z e: file:///home/runner/work/tvmime/tvmime/tvApp/src/main/java/com/tvmime/tv/sv_navigation/AppNavigation.kt:548:13 @Composable invocations can only happen from the context of a @Composable function
Compile TV & Mobile APKs	Build Android TV & Mobile APKs	2026-09-07T03:30:59.8173919Z e: file:///home/runner/work/tvmime/tvmime/tvApp/src/main/java/com/tvmime/tv/sv_navigation/AppNavigation.kt:552:35 Unresolved reference: dropUnlessResumed
Compile TV & Mobile APKs	Build Android TV & Mobile APKs	2026-09-07T03:30:59.8175831Z e: file:///home/runner/work/tvmime/tvmime/tvApp/src/main/java/com/tvmime/tv/sv_navigation/AppNavigation.kt:559:9 Unresolved reference: composable
Compile TV & Mobile APKs	Build Android TV & Mobile APKs	2026-09-07T03:30:59.8177991Z e: file:///home/runner/work/tvmime/tvmime/tvApp/src/main/java/com/tvmime/tv/sv_navigation/AppNavigation.kt:560:13 @Composable invocations can only happen from the context of a @Composable function
Compile TV & Mobile APKs	Build Android TV & Mobile APKs	2026-09-07T03:30:59.8180407Z e: file:///home/runner/work/tvmime/tvmime/tvApp/src/main/java/com/tvmime/tv/sv_navigation/AppNavigation.kt:562:33 Unresolved reference: dropUnlessResumed
Compile TV & Mobile APKs	Build Android TV & Mobile APKs	2026-09-07T03:30:59.8182341Z e: file:///home/runner/work/tvmime/tvmime/tvApp/src/main/java/com/tvmime/tv/sv_navigation/AppNavigation.kt:638:76 Unresolved reference: launchSingleTop
Compile TV & Mobile APKs	Build Android TV & Mobile APKs	2026-09-07T03:30:59.8184228Z e: file:///home/runner/work/tvmime/tvmime/tvApp/src/main/java/com/tvmime/tv/sv_navigation/AppNavigation.kt:645:9 Unresolved reference: composable
Compile TV & Mobile APKs	Build Android TV & Mobile APKs	2026-09-07T03:30:59.8186077Z e: file:///home/runner/work/tvmime/tvmime/tvApp/src/main/java/com/tvmime/tv/sv_navigation/AppNavigation.kt:648:17 Unresolved reference: navArgument
Compile TV & Mobile APKs	Build Android TV & Mobile APKs	2026-09-07T03:30:59.8187896Z e: file:///home/runner/work/tvmime/tvmime/tvApp/src/main/java/com/tvmime/tv/sv_navigation/AppNavigation.kt:648:45 Unresolved reference: type
Compile TV & Mobile APKs	Build Android TV & Mobile APKs	2026-09-07T03:30:59.8189690Z e: file:///home/runner/work/tvmime/tvmime/tvApp/src/main/java/com/tvmime/tv/sv_navigation/AppNavigation.kt:648:52 Unresolved reference: NavType
Compile TV & Mobile APKs	Build Android TV & Mobile APKs	2026-09-07T03:30:59.8191732Z e: file:///home/runner/work/tvmime/tvmime/tvApp/src/main/java/com/tvmime/tv/sv_navigation/AppNavigation.kt:648:70 Unresolved reference: defaultValue
Compile TV & Mobile APKs	Build Android TV & Mobile APKs	2026-09-07T03:30:59.8193827Z e: file:///home/runner/work/tvmime/tvmime/tvApp/src/main/java/com/tvmime/tv/sv_navigation/AppNavigation.kt:650:13 Cannot infer a type for this parameter. Please specify it explicitly.
Compile TV & Mobile APKs	Build Android TV & Mobile APKs	2026-09-07T03:30:59.8195864Z e: file:///home/runner/work/tvmime/tvmime/tvApp/src/main/java/com/tvmime/tv/sv_navigation/AppNavigation.kt:651:95 Unresolved reference: it
Compile TV & Mobile APKs	Build Android TV & Mobile APKs	2026-09-07T03:30:59.8197965Z e: file:///home/runner/work/tvmime/tvmime/tvApp/src/main/java/com/tvmime/tv/sv_navigation/AppNavigation.kt:652:13 @Composable invocations can only happen from the context of a @Composable function
Compile TV & Mobile APKs	Build Android TV & Mobile APKs	2026-09-07T03:30:59.8200297Z e: file:///home/runner/work/tvmime/tvmime/tvApp/src/main/java/com/tvmime/tv/sv_navigation/AppNavigation.kt:673:9 Unresolved reference: composable
Compile TV & Mobile APKs	Build Android TV & Mobile APKs	2026-09-07T03:30:59.8202748Z e: file:///home/runner/work/tvmime/tvmime/tvApp/src/main/java/com/tvmime/tv/sv_navigation/AppNavigation.kt:674:13 Unresolved reference: MoviesScreen
Compile TV & Mobile APKs	Build Android TV & Mobile APKs	2026-09-07T03:30:59.8204711Z e: file:///home/runner/work/tvmime/tvmime/tvApp/src/main/java/com/tvmime/tv/sv_navigation/AppNavigation.kt:675:34 Cannot infer a type for this parameter. Please specify it explicitly.
Compile TV & Mobile APKs	Build Android TV & Mobile APKs	2026-09-07T03:30:59.8206886Z e: file:///home/runner/work/tvmime/tvmime/tvApp/src/main/java/com/tvmime/tv/sv_navigation/AppNavigation.kt:678:44 Cannot infer a type for this parameter. Please specify it explicitly.
Compile TV & Mobile APKs	Build Android TV & Mobile APKs	2026-09-07T03:30:59.8209037Z e: file:///home/runner/work/tvmime/tvmime/tvApp/src/main/java/com/tvmime/tv/sv_navigation/AppNavigation.kt:683:32 Cannot infer a type for this parameter. Please specify it explicitly.
Compile TV & Mobile APKs	Build Android TV & Mobile APKs	2026-09-07T03:30:59.8211154Z e: file:///home/runner/work/tvmime/tvmime/tvApp/src/main/java/com/tvmime/tv/sv_navigation/AppNavigation.kt:688:9 Unresolved reference: composable
Compile TV & Mobile APKs	Build Android TV & Mobile APKs	2026-09-07T03:30:59.8212861Z e: file:///home/runner/work/tvmime/tvmime/tvApp/src/main/java/com/tvmime/tv/sv_navigation/AppNavigation.kt:689:13 Unresolved reference: SeriesScreen
Compile TV & Mobile APKs	Build Android TV & Mobile APKs	2026-09-07T03:30:59.8214784Z e: file:///home/runner/work/tvmime/tvmime/tvApp/src/main/java/com/tvmime/tv/sv_navigation/AppNavigation.kt:690:35 Cannot infer a type for this parameter. Please specify it explicitly.
Compile TV & Mobile APKs	Build Android TV & Mobile APKs	2026-09-07T03:30:59.8217168Z e: file:///home/runner/work/tvmime/tvmime/tvApp/src/main/java/com/tvmime/tv/sv_navigation/AppNavigation.kt:693:37 Cannot infer a type for this parameter. Please specify it explicitly.
Compile TV & Mobile APKs	Build Android TV & Mobile APKs	2026-09-07T03:30:59.8219324Z e: file:///home/runner/work/tvmime/tvmime/tvApp/src/main/java/com/tvmime/tv/sv_navigation/AppNavigation.kt:696:32 Cannot infer a type for this parameter. Please specify it explicitly.
Compile TV & Mobile APKs	Build Android TV & Mobile APKs	2026-09-07T03:30:59.8221465Z e: file:///home/runner/work/tvmime/tvmime/tvApp/src/main/java/com/tvmime/tv/sv_navigation/AppNavigation.kt:701:9 Unresolved reference: composable
Compile TV & Mobile APKs	Build Android TV & Mobile APKs	2026-09-07T03:30:59.8223179Z e: file:///home/runner/work/tvmime/tvmime/tvApp/src/main/java/com/tvmime/tv/sv_navigation/AppNavigation.kt:702:13 Unresolved reference: VodScreen
Compile TV & Mobile APKs	Build Android TV & Mobile APKs	2026-09-07T03:30:59.8225412Z e: file:///home/runner/work/tvmime/tvmime/tvApp/src/main/java/com/tvmime/tv/sv_navigation/AppNavigation.kt:703:34 Cannot infer a type for this parameter. Please specify it explicitly.
Compile TV & Mobile APKs	Build Android TV & Mobile APKs	2026-09-07T03:30:59.8228059Z e: file:///home/runner/work/tvmime/tvmime/tvApp/src/main/java/com/tvmime/tv/sv_navigation/AppNavigation.kt:706:35 Cannot infer a type for this parameter. Please specify it explicitly.
Compile TV & Mobile APKs	Build Android TV & Mobile APKs	2026-09-07T03:30:59.8230519Z e: file:///home/runner/work/tvmime/tvmime/tvApp/src/main/java/com/tvmime/tv/sv_navigation/AppNavigation.kt:709:32 Cannot infer a type for this parameter. Please specify it explicitly.
Compile TV & Mobile APKs	Build Android TV & Mobile APKs	2026-09-07T03:30:59.8232602Z e: file:///home/runner/work/tvmime/tvmime/tvApp/src/main/java/com/tvmime/tv/sv_navigation/AppNavigation.kt:714:9 Unresolved reference: composable
Compile TV & Mobile APKs	Build Android TV & Mobile APKs	2026-09-07T03:30:59.8234501Z e: file:///home/runner/work/tvmime/tvmime/tvApp/src/main/java/com/tvmime/tv/sv_navigation/AppNavigation.kt:715:13 Unresolved reference: DownloadsScreen
Compile TV & Mobile APKs	Build Android TV & Mobile APKs	2026-09-07T03:30:59.8236615Z e: file:///home/runner/work/tvmime/tvmime/tvApp/src/main/java/com/tvmime/tv/sv_navigation/AppNavigation.kt:716:32 Cannot infer a type for this parameter. Please specify it explicitly.
Compile TV & Mobile APKs	Build Android TV & Mobile APKs	2026-09-07T03:30:59.8238705Z e: file:///home/runner/work/tvmime/tvmime/tvApp/src/main/java/com/tvmime/tv/sv_navigation/AppNavigation.kt:721:9 Unresolved reference: composable
Compile TV & Mobile APKs	Build Android TV & Mobile APKs	2026-09-07T03:30:59.8240748Z e: file:///home/runner/work/tvmime/tvmime/tvApp/src/main/java/com/tvmime/tv/sv_navigation/AppNavigation.kt:724:17 Unresolved reference: navArgument
Compile TV & Mobile APKs	Build Android TV & Mobile APKs	2026-09-07T03:30:59.8242593Z e: file:///home/runner/work/tvmime/tvmime/tvApp/src/main/java/com/tvmime/tv/sv_navigation/AppNavigation.kt:724:45 Unresolved reference: type
Compile TV & Mobile APKs	Build Android TV & Mobile APKs	2026-09-07T03:30:59.8244413Z e: file:///home/runner/work/tvmime/tvmime/tvApp/src/main/java/com/tvmime/tv/sv_navigation/AppNavigation.kt:724:52 Unresolved reference: NavType
Compile TV & Mobile APKs	Build Android TV & Mobile APKs	2026-09-07T03:30:59.8246353Z e: file:///home/runner/work/tvmime/tvmime/tvApp/src/main/java/com/tvmime/tv/sv_navigation/AppNavigation.kt:724:70 Unresolved reference: defaultValue
Compile TV & Mobile APKs	Build Android TV & Mobile APKs	2026-09-07T03:30:59.8248586Z e: file:///home/runner/work/tvmime/tvmime/tvApp/src/main/java/com/tvmime/tv/sv_navigation/AppNavigation.kt:725:17 Unresolved reference: navArgument
Compile TV & Mobile APKs	Build Android TV & Mobile APKs	2026-09-07T03:30:59.8250647Z e: file:///home/runner/work/tvmime/tvmime/tvApp/src/main/java/com/tvmime/tv/sv_navigation/AppNavigation.kt:725:45 Unresolved reference: type
Compile TV & Mobile APKs	Build Android TV & Mobile APKs	2026-09-07T03:30:59.8252396Z e: file:///home/runner/work/tvmime/tvmime/tvApp/src/main/java/com/tvmime/tv/sv_navigation/AppNavigation.kt:725:52 Unresolved reference: NavType
Compile TV & Mobile APKs	Build Android TV & Mobile APKs	2026-09-07T03:30:59.8254193Z e: file:///home/runner/work/tvmime/tvmime/tvApp/src/main/java/com/tvmime/tv/sv_navigation/AppNavigation.kt:725:70 Unresolved reference: defaultValue
Compile TV & Mobile APKs	Build Android TV & Mobile APKs	2026-09-07T03:30:59.8255943Z e: file:///home/runner/work/tvmime/tvmime/tvApp/src/main/java/com/tvmime/tv/sv_navigation/AppNavigation.kt:726:17 Unresolved reference: navArgument
Compile TV & Mobile APKs	Build Android TV & Mobile APKs	2026-09-07T03:30:59.8257657Z e: file:///home/runner/work/tvmime/tvmime/tvApp/src/main/java/com/tvmime/tv/sv_navigation/AppNavigation.kt:726:48 Unresolved reference: type
Compile TV & Mobile APKs	Build Android TV & Mobile APKs	2026-09-07T03:30:59.8259507Z e: file:///home/runner/work/tvmime/tvmime/tvApp/src/main/java/com/tvmime/tv/sv_navigation/AppNavigation.kt:726:55 Unresolved reference: NavType
Compile TV & Mobile APKs	Build Android TV & Mobile APKs	2026-09-07T03:30:59.8262286Z e: file:///home/runner/work/tvmime/tvmime/tvApp/src/main/java/com/tvmime/tv/sv_navigation/AppNavigation.kt:726:73 Unresolved reference: defaultValue
Compile TV & Mobile APKs	Build Android TV & Mobile APKs	2026-09-07T03:30:59.8264373Z e: file:///home/runner/work/tvmime/tvmime/tvApp/src/main/java/com/tvmime/tv/sv_navigation/AppNavigation.kt:728:13 Cannot infer a type for this parameter. Please specify it explicitly.
Compile TV & Mobile APKs	Build Android TV & Mobile APKs	2026-09-07T03:30:59.8266350Z e: file:///home/runner/work/tvmime/tvmime/tvApp/src/main/java/com/tvmime/tv/sv_navigation/AppNavigation.kt:729:91 Unresolved reference: it
Compile TV & Mobile APKs	Build Android TV & Mobile APKs	2026-09-07T03:30:59.8268072Z e: file:///home/runner/work/tvmime/tvmime/tvApp/src/main/java/com/tvmime/tv/sv_navigation/AppNavigation.kt:730:91 Unresolved reference: it
Compile TV & Mobile APKs	Build Android TV & Mobile APKs	2026-09-07T03:30:59.8270381Z e: file:///home/runner/work/tvmime/tvmime/tvApp/src/main/java/com/tvmime/tv/sv_navigation/AppNavigation.kt:732:45 @Composable invocations can only happen from the context of a @Composable function
Compile TV & Mobile APKs	Build Android TV & Mobile APKs	2026-09-07T03:30:59.8272541Z e: file:///home/runner/work/tvmime/tvmime/tvApp/src/main/java/com/tvmime/tv/sv_navigation/AppNavigation.kt:775:9 Unresolved reference: composable
Compile TV & Mobile APKs	Build Android TV & Mobile APKs	2026-09-07T03:30:59.8274389Z e: file:///home/runner/work/tvmime/tvmime/tvApp/src/main/java/com/tvmime/tv/sv_navigation/AppNavigation.kt:778:17 Unresolved reference: navArgument
Compile TV & Mobile APKs	Build Android TV & Mobile APKs	2026-09-07T03:30:59.8276196Z e: file:///home/runner/work/tvmime/tvmime/tvApp/src/main/java/com/tvmime/tv/sv_navigation/AppNavigation.kt:778:44 Unresolved reference: type
Compile TV & Mobile APKs	Build Android TV & Mobile APKs	2026-09-07T03:30:59.8277937Z e: file:///home/runner/work/tvmime/tvmime/tvApp/src/main/java/com/tvmime/tv/sv_navigation/AppNavigation.kt:778:51 Unresolved reference: NavType
Compile TV & Mobile APKs	Build Android TV & Mobile APKs	2026-09-07T03:30:59.8279734Z e: file:///home/runner/work/tvmime/tvmime/tvApp/src/main/java/com/tvmime/tv/sv_navigation/AppNavigation.kt:778:71 Unresolved reference: defaultValue
Compile TV & Mobile APKs	Build Android TV & Mobile APKs	2026-09-07T03:30:59.8281951Z e: file:///home/runner/work/tvmime/tvmime/tvApp/src/main/java/com/tvmime/tv/sv_navigation/AppNavigation.kt:780:13 Cannot infer a type for this parameter. Please specify it explicitly.
Compile TV & Mobile APKs	Build Android TV & Mobile APKs	2026-09-07T03:30:59.8283900Z e: file:///home/runner/work/tvmime/tvmime/tvApp/src/main/java/com/tvmime/tv/sv_navigation/AppNavigation.kt:781:88 Unresolved reference: it
Compile TV & Mobile APKs	Build Android TV & Mobile APKs	2026-09-07T03:30:59.8285910Z e: file:///home/runner/work/tvmime/tvmime/tvApp/src/main/java/com/tvmime/tv/sv_navigation/AppNavigation.kt:782:13 @Composable invocations can only happen from the context of a @Composable function
Compile TV & Mobile APKs	Build Android TV & Mobile APKs	2026-09-07T03:30:59.8288094Z e: file:///home/runner/work/tvmime/tvmime/tvApp/src/main/java/com/tvmime/tv/sv_navigation/AppNavigation.kt:784:33 Unresolved reference: dropUnlessResumed
Compile TV & Mobile APKs	Build Android TV & Mobile APKs	2026-09-07T03:30:59.8290159Z e: file:///home/runner/work/tvmime/tvmime/tvApp/src/main/java/com/tvmime/tv/sv_navigation/AppNavigation.kt:798:9 Unresolved reference: composable
Compile TV & Mobile APKs	Build Android TV & Mobile APKs	2026-09-07T03:30:59.8292223Z e: file:///home/runner/work/tvmime/tvmime/tvApp/src/main/java/com/tvmime/tv/sv_navigation/AppNavigation.kt:799:13 Unresolved reference: PluginsScreen
Compile TV & Mobile APKs	Build Android TV & Mobile APKs	2026-09-07T03:30:59.8294263Z e: file:///home/runner/work/tvmime/tvmime/tvApp/src/main/java/com/tvmime/tv/sv_navigation/AppNavigation.kt:801:32 Cannot infer a type for this parameter. Please specify it explicitly.
Compile TV & Mobile APKs	Build Android TV & Mobile APKs	2026-09-07T03:30:59.8296294Z e: file:///home/runner/work/tvmime/tvmime/tvApp/src/main/java/com/tvmime/tv/sv_navigation/AppNavigation.kt:805:9 Unresolved reference: composable
Compile TV & Mobile APKs	Build Android TV & Mobile APKs	2026-09-07T03:30:59.8298080Z e: file:///home/runner/work/tvmime/tvmime/tvApp/src/main/java/com/tvmime/tv/sv_navigation/AppNavigation.kt:808:17 Unresolved reference: navArgument
Compile TV & Mobile APKs	Build Android TV & Mobile APKs	2026-09-07T03:30:59.8300032Z e: file:///home/runner/work/tvmime/tvmime/tvApp/src/main/java/com/tvmime/tv/sv_navigation/AppNavigation.kt:808:45 Unresolved reference: type
Compile TV & Mobile APKs	Build Android TV & Mobile APKs	2026-09-07T03:30:59.8301743Z e: file:///home/runner/work/tvmime/tvmime/tvApp/src/main/java/com/tvmime/tv/sv_navigation/AppNavigation.kt:808:52 Unresolved reference: NavType
Compile TV & Mobile APKs	Build Android TV & Mobile APKs	2026-09-07T03:30:59.8304325Z e: file:///home/runner/work/tvmime/tvmime/tvApp/src/main/java/com/tvmime/tv/sv_navigation/AppNavigation.kt:811:59 @Composable invocations can only happen from the context of a @Composable function
Compile TV & Mobile APKs	Build Android TV & Mobile APKs	2026-09-07T03:30:59.8306607Z e: file:///home/runner/work/tvmime/tvmime/tvApp/src/main/java/com/tvmime/tv/sv_navigation/AppNavigation.kt:818:9 Unresolved reference: composable
Compile TV & Mobile APKs	Build Android TV & Mobile APKs	2026-09-07T03:30:59.8308366Z e: file:///home/runner/work/tvmime/tvmime/tvApp/src/main/java/com/tvmime/tv/sv_navigation/AppNavigation.kt:821:17 Unresolved reference: navArgument
Compile TV & Mobile APKs	Build Android TV & Mobile APKs	2026-09-07T03:30:59.8310271Z e: file:///home/runner/work/tvmime/tvmime/tvApp/src/main/java/com/tvmime/tv/sv_navigation/AppNavigation.kt:821:40 Unresolved reference: type
Compile TV & Mobile APKs	Build Android TV & Mobile APKs	2026-09-07T03:30:59.8311972Z e: file:///home/runner/work/tvmime/tvmime/tvApp/src/main/java/com/tvmime/tv/sv_navigation/AppNavigation.kt:821:47 Unresolved reference: NavType
Compile TV & Mobile APKs	Build Android TV & Mobile APKs	2026-09-07T03:30:59.8313706Z e: file:///home/runner/work/tvmime/tvmime/tvApp/src/main/java/com/tvmime/tv/sv_navigation/AppNavigation.kt:821:67 Unresolved reference: defaultValue
Compile TV & Mobile APKs	Build Android TV & Mobile APKs	2026-09-07T03:30:59.8315642Z e: file:///home/runner/work/tvmime/tvmime/tvApp/src/main/java/com/tvmime/tv/sv_navigation/AppNavigation.kt:823:13 Cannot infer a type for this parameter. Please specify it explicitly.
Compile TV & Mobile APKs	Build Android TV & Mobile APKs	2026-09-07T03:30:59.8317651Z e: file:///home/runner/work/tvmime/tvmime/tvApp/src/main/java/com/tvmime/tv/sv_navigation/AppNavigation.kt:824:41 Unresolved reference: search
Compile TV & Mobile APKs	Build Android TV & Mobile APKs	2026-09-07T03:30:59.8319675Z e: file:///home/runner/work/tvmime/tvmime/tvApp/src/main/java/com/tvmime/tv/sv_navigation/AppNavigation.kt:826:36 Cannot infer a type for this parameter. Please specify it explicitly.
Compile TV & Mobile APKs	Build Android TV & Mobile APKs	2026-09-07T03:30:59.8322128Z e: file:///home/runner/work/tvmime/tvmime/tvApp/src/main/java/com/tvmime/tv/sv_navigation/AppNavigation.kt:837:34 Cannot infer a type for this parameter. Please specify it explicitly.
Compile TV & Mobile APKs	Build Android TV & Mobile APKs	2026-09-07T03:30:59.8324372Z e: file:///home/runner/work/tvmime/tvmime/tvApp/src/main/java/com/tvmime/tv/sv_navigation/AppNavigation.kt:843:35 Cannot infer a type for this parameter. Please specify it explicitly.
Compile TV & Mobile APKs	Build Android TV & Mobile APKs	2026-09-07T03:30:59.8326648Z e: file:///home/runner/work/tvmime/tvmime/tvApp/src/main/java/com/tvmime/tv/sv_navigation/AppNavigation.kt:849:32 Cannot infer a type for this parameter. Please specify it explicitly.
Compile TV & Mobile APKs	Build Android TV & Mobile APKs	2026-09-07T03:30:59.8328741Z e: file:///home/runner/work/tvmime/tvmime/tvApp/src/main/java/com/tvmime/tv/sv_navigation/AppNavigation.kt:854:9 Unresolved reference: composable
Compile TV & Mobile APKs	Build Android TV & Mobile APKs	2026-09-07T03:30:59.8330995Z e: file:///home/runner/work/tvmime/tvmime/tvApp/src/main/java/com/tvmime/tv/sv_navigation/AppNavigation.kt:854:45 Cannot infer a type for this parameter. Please specify it explicitly.
Compile TV & Mobile APKs	Build Android TV & Mobile APKs	2026-09-07T03:30:59.8333023Z e: file:///home/runner/work/tvmime/tvmime/tvApp/src/main/java/com/tvmime/tv/sv_navigation/AppNavigation.kt:857:75 Unresolved reference: it
Compile TV & Mobile APKs	Build Android TV & Mobile APKs	2026-09-07T03:30:59.8335144Z e: file:///home/runner/work/tvmime/tvmime/tvApp/src/main/java/com/tvmime/tv/sv_navigation/AppNavigation.kt:861:17 @Composable invocations can only happen from the context of a @Composable function
Compile TV & Mobile APKs	Build Android TV & Mobile APKs	2026-09-07T03:30:59.8337520Z e: file:///home/runner/work/tvmime/tvmime/tvApp/src/main/java/com/tvmime/tv/sv_navigation/AppNavigation.kt:865:29 Unresolved reference: popUpTo
Compile TV & Mobile APKs	Build Android TV & Mobile APKs	2026-09-07T03:30:59.8339291Z e: file:///home/runner/work/tvmime/tvmime/tvApp/src/main/java/com/tvmime/tv/sv_navigation/AppNavigation.kt:865:54 Unresolved reference: inclusive
Compile TV & Mobile APKs	Build Android TV & Mobile APKs	2026-09-07T03:30:59.8341274Z e: file:///home/runner/work/tvmime/tvmime/tvApp/src/main/java/com/tvmime/tv/sv_navigation/AppNavigation.kt:866:29 Unresolved reference: launchSingleTop
Compile TV & Mobile APKs	Build Android TV & Mobile APKs	2026-09-07T03:30:59.8343463Z e: file:///home/runner/work/tvmime/tvmime/tvApp/src/main/java/com/tvmime/tv/sv_navigation/AppNavigation.kt:871:17 @Composable invocations can only happen from the context of a @Composable function
Compile TV & Mobile APKs	Build Android TV & Mobile APKs	2026-09-07T03:30:59.8345688Z e: file:///home/runner/work/tvmime/tvmime/tvApp/src/main/java/com/tvmime/tv/sv_navigation/AppNavigation.kt:899:33 Unresolved reference: popUpTo
Compile TV & Mobile APKs	Build Android TV & Mobile APKs	2026-09-07T03:30:59.8347538Z e: file:///home/runner/work/tvmime/tvmime/tvApp/src/main/java/com/tvmime/tv/sv_navigation/AppNavigation.kt:899:58 Unresolved reference: inclusive
Compile TV & Mobile APKs	Build Android TV & Mobile APKs	2026-09-07T03:30:59.8349608Z e: file:///home/runner/work/tvmime/tvmime/tvApp/src/main/java/com/tvmime/tv/sv_navigation/AppNavigation.kt:900:33 Unresolved reference: launchSingleTop
Compile TV & Mobile APKs	Build Android TV & Mobile APKs	2026-09-07T03:30:59.8351706Z e: file:///home/runner/work/tvmime/tvmime/tvApp/src/main/java/com/tvmime/tv/sv_navigation/AppNavigation.kt:901:33 Unresolved reference: restoreState
Compile TV & Mobile APKs	Build Android TV & Mobile APKs	2026-09-07T03:30:59.8353546Z e: file:///home/runner/work/tvmime/tvmime/tvApp/src/main/java/com/tvmime/tv/sv_navigation/AppNavigation.kt:905:33 Unresolved reference: popUpTo
Compile TV & Mobile APKs	Build Android TV & Mobile APKs	2026-09-07T03:30:59.8355346Z e: file:///home/runner/work/tvmime/tvmime/tvApp/src/main/java/com/tvmime/tv/sv_navigation/AppNavigation.kt:905:58 Unresolved reference: inclusive
Compile TV & Mobile APKs	Build Android TV & Mobile APKs	2026-09-07T03:30:59.8357199Z e: file:///home/runner/work/tvmime/tvmime/tvApp/src/main/java/com/tvmime/tv/sv_navigation/AppNavigation.kt:906:33 Unresolved reference: launchSingleTop
Compile TV & Mobile APKs	Build Android TV & Mobile APKs	2026-09-07T03:30:59.8359082Z e: file:///home/runner/work/tvmime/tvmime/tvApp/src/main/java/com/tvmime/tv/sv_navigation/AppNavigation.kt:907:33 Unresolved reference: restoreState
Compile TV & Mobile APKs	Build Android TV & Mobile APKs	2026-09-07T03:30:59.8361112Z e: file:///home/runner/work/tvmime/tvmime/tvApp/src/main/java/com/tvmime/tv/sv_navigation/AppNavigation.kt:914:29 Unresolved reference: launchSingleTop
Compile TV & Mobile APKs	Build Android TV & Mobile APKs	2026-09-07T03:30:59.8362922Z e: file:///home/runner/work/tvmime/tvmime/tvApp/src/main/java/com/tvmime/tv/sv_navigation/AppNavigation.kt:916:33 Unresolved reference: popUpTo
Compile TV & Mobile APKs	Build Android TV & Mobile APKs	2026-09-07T03:30:59.8364727Z e: file:///home/runner/work/tvmime/tvmime/tvApp/src/main/java/com/tvmime/tv/sv_navigation/AppNavigation.kt:916:58 Unresolved reference: inclusive
Compile TV & Mobile APKs	Build Android TV & Mobile APKs	2026-09-07T03:30:59.8366536Z e: file:///home/runner/work/tvmime/tvmime/tvApp/src/main/java/com/tvmime/tv/sv_navigation/AppNavigation.kt:924:9 Unresolved reference: composable
Compile TV & Mobile APKs	Build Android TV & Mobile APKs	2026-09-07T03:30:59.8368365Z e: file:///home/runner/work/tvmime/tvmime/tvApp/src/main/java/com/tvmime/tv/sv_navigation/AppNavigation.kt:927:17 Unresolved reference: navArgument
Compile TV & Mobile APKs	Build Android TV & Mobile APKs	2026-09-07T03:30:59.8370342Z e: file:///home/runner/work/tvmime/tvmime/tvApp/src/main/java/com/tvmime/tv/sv_navigation/AppNavigation.kt:927:42 Unresolved reference: type
Compile TV & Mobile APKs	Build Android TV & Mobile APKs	2026-09-07T03:30:59.8372119Z e: file:///home/runner/work/tvmime/tvmime/tvApp/src/main/java/com/tvmime/tv/sv_navigation/AppNavigation.kt:927:49 Unresolved reference: NavType
Compile TV & Mobile APKs	Build Android TV & Mobile APKs	2026-09-07T03:30:59.8373923Z e: file:///home/runner/work/tvmime/tvmime/tvApp/src/main/java/com/tvmime/tv/sv_navigation/AppNavigation.kt:928:17 Unresolved reference: navArgument
Compile TV & Mobile APKs	Build Android TV & Mobile APKs	2026-09-07T03:30:59.8375717Z e: file:///home/runner/work/tvmime/tvmime/tvApp/src/main/java/com/tvmime/tv/sv_navigation/AppNavigation.kt:928:46 Unresolved reference: type
Compile TV & Mobile APKs	Build Android TV & Mobile APKs	2026-09-07T03:30:59.8377479Z e: file:///home/runner/work/tvmime/tvmime/tvApp/src/main/java/com/tvmime/tv/sv_navigation/AppNavigation.kt:928:53 Unresolved reference: NavType
Compile TV & Mobile APKs	Build Android TV & Mobile APKs	2026-09-07T03:30:59.8379299Z e: file:///home/runner/work/tvmime/tvmime/tvApp/src/main/java/com/tvmime/tv/sv_navigation/AppNavigation.kt:928:73 Unresolved reference: defaultValue
Compile TV & Mobile APKs	Build Android TV & Mobile APKs	2026-09-07T03:30:59.8381820Z e: file:///home/runner/work/tvmime/tvmime/tvApp/src/main/java/com/tvmime/tv/sv_navigation/AppNavigation.kt:930:13 Cannot infer a type for this parameter. Please specify it explicitly.
Compile TV & Mobile APKs	Build Android TV & Mobile APKs	2026-09-07T03:30:59.8383796Z e: file:///home/runner/work/tvmime/tvmime/tvApp/src/main/java/com/tvmime/tv/sv_navigation/AppNavigation.kt:933:91 Unresolved reference: it
Compile TV & Mobile APKs	Build Android TV & Mobile APKs	2026-09-07T03:30:59.8385530Z e: file:///home/runner/work/tvmime/tvmime/tvApp/src/main/java/com/tvmime/tv/sv_navigation/AppNavigation.kt:935:101 Unresolved reference: it
Compile TV & Mobile APKs	Build Android TV & Mobile APKs	2026-09-07T03:30:59.8387318Z e: file:///home/runner/work/tvmime/tvmime/tvApp/src/main/java/com/tvmime/tv/sv_navigation/AppNavigation.kt:937:41 Unresolved reference: movies
Compile TV & Mobile APKs	Build Android TV & Mobile APKs	2026-09-07T03:30:59.8389317Z e: file:///home/runner/work/tvmime/tvmime/tvApp/src/main/java/com/tvmime/tv/sv_navigation/AppNavigation.kt:938:28 Cannot infer a type for this parameter. Please specify it explicitly.
Compile TV & Mobile APKs	Build Android TV & Mobile APKs	2026-09-07T03:30:59.8391316Z e: file:///home/runner/work/tvmime/tvmime/tvApp/src/main/java/com/tvmime/tv/sv_navigation/AppNavigation.kt:942:61 Unresolved reference: it
Compile TV & Mobile APKs	Build Android TV & Mobile APKs	2026-09-07T03:30:59.8393202Z e: file:///home/runner/work/tvmime/tvmime/tvApp/src/main/java/com/tvmime/tv/sv_navigation/AppNavigation.kt:951:29 Unresolved reference: popUpTo
Compile TV & Mobile APKs	Build Android TV & Mobile APKs	2026-09-07T03:30:59.8394850Z e: file:///home/runner/work/tvmime/tvmime/tvApp/src/main/java/com/tvmime/tv/sv_navigation/AppNavigation.kt:951:96 Unresolved reference: inclusive
Compile TV & Mobile APKs	Build Android TV & Mobile APKs	2026-09-07T03:30:59.8396513Z e: file:///home/runner/work/tvmime/tvmime/tvApp/src/main/java/com/tvmime/tv/sv_navigation/AppNavigation.kt:952:29 Unresolved reference: launchSingleTop
Compile TV & Mobile APKs	Build Android TV & Mobile APKs	2026-09-07T03:30:59.8398201Z e: file:///home/runner/work/tvmime/tvmime/tvApp/src/main/java/com/tvmime/tv/sv_navigation/AppNavigation.kt:961:9 Unresolved reference: composable
Compile TV & Mobile APKs	Build Android TV & Mobile APKs	2026-09-07T03:30:59.8400038Z e: file:///home/runner/work/tvmime/tvmime/tvApp/src/main/java/com/tvmime/tv/sv_navigation/AppNavigation.kt:964:17 Unresolved reference: navArgument
Compile TV & Mobile APKs	Build Android TV & Mobile APKs	2026-09-07T03:30:59.8401700Z e: file:///home/runner/work/tvmime/tvmime/tvApp/src/main/java/com/tvmime/tv/sv_navigation/AppNavigation.kt:964:43 Unresolved reference: type
Compile TV & Mobile APKs	Build Android TV & Mobile APKs	2026-09-07T03:30:59.8403330Z e: file:///home/runner/work/tvmime/tvmime/tvApp/src/main/java/com/tvmime/tv/sv_navigation/AppNavigation.kt:964:50 Unresolved reference: NavType
Compile TV & Mobile APKs	Build Android TV & Mobile APKs	2026-09-07T03:30:59.8405493Z e: file:///home/runner/work/tvmime/tvmime/tvApp/src/main/java/com/tvmime/tv/sv_navigation/AppNavigation.kt:965:17 Unresolved reference: navArgument
Compile TV & Mobile APKs	Build Android TV & Mobile APKs	2026-09-07T03:30:59.8407416Z e: file:///home/runner/work/tvmime/tvmime/tvApp/src/main/java/com/tvmime/tv/sv_navigation/AppNavigation.kt:965:46 Unresolved reference: type
Compile TV & Mobile APKs	Build Android TV & Mobile APKs	2026-09-07T03:30:59.8409482Z e: file:///home/runner/work/tvmime/tvmime/tvApp/src/main/java/com/tvmime/tv/sv_navigation/AppNavigation.kt:965:53 Unresolved reference: NavType
Compile TV & Mobile APKs	Build Android TV & Mobile APKs	2026-09-07T03:30:59.8411639Z e: file:///home/runner/work/tvmime/tvmime/tvApp/src/main/java/com/tvmime/tv/sv_navigation/AppNavigation.kt:965:73 Unresolved reference: defaultValue
Compile TV & Mobile APKs	Build Android TV & Mobile APKs	2026-09-07T03:30:59.8413670Z e: file:///home/runner/work/tvmime/tvmime/tvApp/src/main/java/com/tvmime/tv/sv_navigation/AppNavigation.kt:967:13 Cannot infer a type for this parameter. Please specify it explicitly.
Compile TV & Mobile APKs	Build Android TV & Mobile APKs	2026-09-07T03:30:59.8415718Z e: file:///home/runner/work/tvmime/tvmime/tvApp/src/main/java/com/tvmime/tv/sv_navigation/AppNavigation.kt:970:92 Unresolved reference: it
Compile TV & Mobile APKs	Build Android TV & Mobile APKs	2026-09-07T03:30:59.8417457Z e: file:///home/runner/work/tvmime/tvmime/tvApp/src/main/java/com/tvmime/tv/sv_navigation/AppNavigation.kt:972:101 Unresolved reference: it
Compile TV & Mobile APKs	Build Android TV & Mobile APKs	2026-09-07T03:30:59.8419209Z e: file:///home/runner/work/tvmime/tvmime/tvApp/src/main/java/com/tvmime/tv/sv_navigation/AppNavigation.kt:974:41 Unresolved reference: series
Compile TV & Mobile APKs	Build Android TV & Mobile APKs	2026-09-07T03:30:59.8421419Z e: file:///home/runner/work/tvmime/tvmime/tvApp/src/main/java/com/tvmime/tv/sv_navigation/AppNavigation.kt:975:36 Cannot infer a type for this parameter. Please specify it explicitly.
Compile TV & Mobile APKs	Build Android TV & Mobile APKs	2026-09-07T03:30:59.8423699Z e: file:///home/runner/work/tvmime/tvmime/tvApp/src/main/java/com/tvmime/tv/sv_navigation/AppNavigation.kt:979:71 Unresolved reference: it
Compile TV & Mobile APKs	Build Android TV & Mobile APKs	2026-09-07T03:30:59.8425482Z e: file:///home/runner/work/tvmime/tvmime/tvApp/src/main/java/com/tvmime/tv/sv_navigation/AppNavigation.kt:988:29 Unresolved reference: popUpTo
Compile TV & Mobile APKs	Build Android TV & Mobile APKs	2026-09-07T03:30:59.8427340Z e: file:///home/runner/work/tvmime/tvmime/tvApp/src/main/java/com/tvmime/tv/sv_navigation/AppNavigation.kt:988:97 Unresolved reference: inclusive
Compile TV & Mobile APKs	Build Android TV & Mobile APKs	2026-09-07T03:30:59.8429210Z e: file:///home/runner/work/tvmime/tvmime/tvApp/src/main/java/com/tvmime/tv/sv_navigation/AppNavigation.kt:989:29 Unresolved reference: launchSingleTop
Compile TV & Mobile APKs	Build Android TV & Mobile APKs	2026-09-07T03:30:59.8431357Z e: file:///home/runner/work/tvmime/tvmime/tvApp/src/main/java/com/tvmime/tv/sv_navigation/AppNavigation.kt:998:9 Unresolved reference: composable
Compile TV & Mobile APKs	Build Android TV & Mobile APKs	2026-09-07T03:30:59.8433215Z e: file:///home/runner/work/tvmime/tvmime/tvApp/src/main/java/com/tvmime/tv/sv_navigation/AppNavigation.kt:999:13 Unresolved reference: MultiViewScreen
Compile TV & Mobile APKs	Build Android TV & Mobile APKs	2026-09-07T03:30:59.8435165Z e: file:///home/runner/work/tvmime/tvmime/tvApp/src/main/java/com/tvmime/tv/sv_navigation/AppNavigation.kt:1025:9 Cannot find a parameter with this name: mainActivity
Compile TV & Mobile APKs	Build Android TV & Mobile APKs	2026-09-07T03:30:59.8437321Z e: file:///home/runner/work/tvmime/tvmime/tvApp/src/main/java/com/tvmime/tv/sv_navigation/AppNavigation.kt:1028:9 No value passed for parameter 'viewModel'
Compile TV & Mobile APKs	Build Android TV & Mobile APKs	2026-09-07T03:30:59.8439255Z e: file:///home/runner/work/tvmime/tvmime/tvApp/src/main/java/com/tvmime/tv/sv_navigation/AppNavigation.kt:1041:9 Cannot find a parameter with this name: mainActivity
Compile TV & Mobile APKs	Build Android TV & Mobile APKs	2026-09-07T03:30:59.8441407Z e: file:///home/runner/work/tvmime/tvmime/tvApp/src/main/java/com/tvmime/tv/sv_navigation/AppNavigation.kt:1047:9 No value passed for parameter 'viewModel'
Compile TV & Mobile APKs	Build Android TV & Mobile APKs	2026-09-07T03:30:59.8443274Z e: file:///home/runner/work/tvmime/tvmime/tvApp/src/main/java/com/tvmime/tv/sv_navigation/StreamVaultNavViewModel.kt:6:8 Unresolved reference: dagger
Compile TV & Mobile APKs	Build Android TV & Mobile APKs	2026-09-07T03:30:59.8445418Z e: file:///home/runner/work/tvmime/tvmime/tvApp/src/main/java/com/tvmime/tv/sv_navigation/StreamVaultNavViewModel.kt:9:14 Unresolved reference: inject
Compile TV & Mobile APKs	Build Android TV & Mobile APKs	2026-09-07T03:30:59.8447445Z e: file:///home/runner/work/tvmime/tvmime/tvApp/src/main/java/com/tvmime/tv/sv_navigation/StreamVaultNavViewModel.kt:11:2 Unresolved reference: HiltViewModel
Compile TV & Mobile APKs	Build Android TV & Mobile APKs	2026-09-07T03:30:59.8449461Z e: file:///home/runner/work/tvmime/tvmime/tvApp/src/main/java/com/tvmime/tv/sv_navigation/StreamVaultNavViewModel.kt:12:32 Unresolved reference: Inject
Compile TV & Mobile APKs	Build Android TV & Mobile APKs	2026-09-07T03:30:59.8451568Z e: file:///home/runner/work/tvmime/tvmime/tvApp/src/main/java/com/tvmime/tv/sv_ui/components/AsyncImageModels.kt:7:8 Unresolved reference: coil3
Compile TV & Mobile APKs	Build Android TV & Mobile APKs	2026-09-07T03:30:59.8453420Z e: file:///home/runner/work/tvmime/tvmime/tvApp/src/main/java/com/tvmime/tv/sv_ui/components/AsyncImageModels.kt:8:8 Unresolved reference: coil3
Compile TV & Mobile APKs	Build Android TV & Mobile APKs	2026-09-07T03:30:59.8455473Z e: file:///home/runner/work/tvmime/tvmime/tvApp/src/main/java/com/tvmime/tv/sv_ui/components/AsyncImageModels.kt:16:13 Unresolved reference: ImageRequest
Compile TV & Mobile APKs	Build Android TV & Mobile APKs	2026-09-07T03:30:59.8457315Z e: file:///home/runner/work/tvmime/tvmime/tvApp/src/main/java/com/tvmime/tv/sv_ui/components/Cards.kt:59:8 Unresolved reference: coil3
Compile TV & Mobile APKs	Build Android TV & Mobile APKs	2026-09-07T03:30:59.8459071Z e: file:///home/runner/work/tvmime/tvmime/tvApp/src/main/java/com/tvmime/tv/sv_ui/components/ChannelLogo.kt:25:8 Unresolved reference: coil3
Compile TV & Mobile APKs	Build Android TV & Mobile APKs	2026-09-07T03:30:59.8461281Z e: file:///home/runner/work/tvmime/tvmime/tvApp/src/main/java/com/tvmime/tv/sv_ui/components/ChannelLogo.kt:50:13 Unresolved reference: AsyncImage
Compile TV & Mobile APKs	Build Android TV & Mobile APKs	2026-09-07T03:30:59.8463132Z e: file:///home/runner/work/tvmime/tvmime/tvApp/src/main/java/com/tvmime/tv/sv_ui/components/ChannelLogo.kt:69:17 Unresolved reference: AsyncImage
Compile TV & Mobile APKs	Build Android TV & Mobile APKs	2026-09-07T03:30:59.8464987Z e: file:///home/runner/work/tvmime/tvmime/tvApp/src/main/java/com/tvmime/tv/sv_ui/components/ContinueWatchingRow.kt:32:8 Unresolved reference: coil3
Compile TV & Mobile APKs	Build Android TV & Mobile APKs	2026-09-07T03:30:59.8466913Z e: file:///home/runner/work/tvmime/tvmime/tvApp/src/main/java/com/tvmime/tv/sv_ui/components/ContinueWatchingRow.kt:119:17 Unresolved reference: AsyncImage
Compile TV & Mobile APKs	Build Android TV & Mobile APKs	2026-09-07T03:30:59.8469434Z e: file:///home/runner/work/tvmime/tvmime/tvApp/src/main/java/com/tvmime/tv/sv_ui/components/FocusedMarqueeText.kt:43:30 This foundation API is experimental and is likely to change or be removed in the future.
Compile TV & Mobile APKs	Build Android TV & Mobile APKs	2026-09-07T03:30:59.8472104Z e: file:///home/runner/work/tvmime/tvmime/tvApp/src/main/java/com/tvmime/tv/sv_ui/components/FocusedMarqueeText.kt:46:25 Cannot find a parameter with this name: repeatDelayMillis
Compile TV & Mobile APKs	Build Android TV & Mobile APKs	2026-09-07T03:30:59.8474465Z e: file:///home/runner/work/tvmime/tvmime/tvApp/src/main/java/com/tvmime/tv/sv_ui/components/PlaylistSwitcher.kt:30:30 Conflicting import, imported name 'ClickableSurfaceDefaults' is ambiguous
Compile TV & Mobile APKs	Build Android TV & Mobile APKs	2026-09-07T03:30:59.8476887Z e: file:///home/runner/work/tvmime/tvmime/tvApp/src/main/java/com/tvmime/tv/sv_ui/components/PlaylistSwitcher.kt:34:30 Conflicting import, imported name 'ClickableSurfaceDefaults' is ambiguous
Compile TV & Mobile APKs	Build Android TV & Mobile APKs	2026-09-07T03:30:59.8479517Z e: file:///home/runner/work/tvmime/tvmime/tvApp/src/main/java/com/tvmime/tv/sv_ui/components/PlaylistSwitcher.kt:131:26 Type mismatch: inferred type is ClickableSurfaceColors but NonInteractiveSurfaceColors was expected
Compile TV & Mobile APKs	Build Android TV & Mobile APKs	2026-09-07T03:30:59.8482521Z e: file:///home/runner/work/tvmime/tvmime/tvApp/src/main/java/com/tvmime/tv/sv_ui/components/ReorderTopBar.kt:49:22 Type mismatch: inferred type is ClickableSurfaceColors but NonInteractiveSurfaceColors was expected
Compile TV & Mobile APKs	Build Android TV & Mobile APKs	2026-09-07T03:30:59.8485526Z e: file:///home/runner/work/tvmime/tvmime/tvApp/src/main/java/com/tvmime/tv/sv_ui/components/SavedCategoryContextCard.kt:47:18 Type mismatch: inferred type is ClickableSurfaceColors but NonInteractiveSurfaceColors was expected
Compile TV & Mobile APKs	Build Android TV & Mobile APKs	2026-09-07T03:30:59.8488324Z e: file:///home/runner/work/tvmime/tvmime/tvApp/src/main/java/com/tvmime/tv/sv_ui/components/SavedCategoryShortcutsRow.kt:24:30 Conflicting import, imported name 'ClickableSurfaceDefaults' is ambiguous
Compile TV & Mobile APKs	Build Android TV & Mobile APKs	2026-09-07T03:30:59.8491110Z e: file:///home/runner/work/tvmime/tvmime/tvApp/src/main/java/com/tvmime/tv/sv_ui/components/SavedCategoryShortcutsRow.kt:27:30 Conflicting import, imported name 'ClickableSurfaceDefaults' is ambiguous
Compile TV & Mobile APKs	Build Android TV & Mobile APKs	2026-09-07T03:30:59.8493838Z e: file:///home/runner/work/tvmime/tvmime/tvApp/src/main/java/com/tvmime/tv/sv_ui/components/SavedCategoryShortcutsRow.kt:97:26 Type mismatch: inferred type is ClickableSurfaceColors but NonInteractiveSurfaceColors was expected
Compile TV & Mobile APKs	Build Android TV & Mobile APKs	2026-09-07T03:30:59.8496160Z e: file:///home/runner/work/tvmime/tvmime/tvApp/src/main/java/com/tvmime/tv/sv_ui/components/SearchInput.kt:51:28 Unresolved reference: device
Compile TV & Mobile APKs	Build Android TV & Mobile APKs	2026-09-07T03:30:59.8498001Z e: file:///home/runner/work/tvmime/tvmime/tvApp/src/main/java/com/tvmime/tv/sv_ui/components/SearchInput.kt:78:30 Unresolved reference: rememberIsTelevisionDevice
Compile TV & Mobile APKs	Build Android TV & Mobile APKs	2026-09-07T03:30:59.8500126Z e: file:///home/runner/work/tvmime/tvmime/tvApp/src/main/java/com/tvmime/tv/sv_ui/components/SearchInput.kt:81:25 Not enough information to infer type variable T
Compile TV & Mobile APKs	Build Android TV & Mobile APKs	2026-09-07T03:30:59.8502624Z e: file:///home/runner/work/tvmime/tvmime/tvApp/src/main/java/com/tvmime/tv/sv_ui/components/SearchInput.kt:81:25 Property delegate must have a 'getValue(Nothing?, KProperty<*>)' method. None of the following functions is suitable: 
Compile TV & Mobile APKs	Build Android TV & Mobile APKs	2026-09-07T03:30:59.8505342Z public inline operator fun <T> State<???>.getValue(thisObj: Any?, property: KProperty<*>): ??? defined in androidx.compose.runtime
Compile TV & Mobile APKs	Build Android TV & Mobile APKs	2026-09-07T03:30:59.8507119Z e: file:///home/runner/work/tvmime/tvmime/tvApp/src/main/java/com/tvmime/tv/sv_ui/components/dialogs/AddToGroupDialog.kt:33:28 Unresolved reference: device
Compile TV & Mobile APKs	Build Android TV & Mobile APKs	2026-09-07T03:30:59.8509244Z e: file:///home/runner/work/tvmime/tvmime/tvApp/src/main/java/com/tvmime/tv/sv_ui/components/dialogs/AddToGroupDialog.kt:58:30 Unresolved reference: rememberIsTelevisionDevice
Compile TV & Mobile APKs	Build Android TV & Mobile APKs	2026-09-07T03:30:59.8511981Z e: file:///home/runner/work/tvmime/tvmime/tvApp/src/main/java/com/tvmime/tv/sv_ui/components/dialogs/AddToGroupDialog.kt:117:30 Type mismatch: inferred type is ClickableSurfaceColors but NonInteractiveSurfaceColors was expected
Compile TV & Mobile APKs	Build Android TV & Mobile APKs	2026-09-07T03:30:59.8514992Z e: file:///home/runner/work/tvmime/tvmime/tvApp/src/main/java/com/tvmime/tv/sv_ui/components/dialogs/CategoryOptionsDialog.kt:87:22 Type mismatch: inferred type is ClickableSurfaceColors but NonInteractiveSurfaceColors was expected
Compile TV & Mobile APKs	Build Android TV & Mobile APKs	2026-09-07T03:30:59.8517831Z e: file:///home/runner/work/tvmime/tvmime/tvApp/src/main/java/com/tvmime/tv/sv_ui/components/dialogs/CreateGroupDialog.kt:41:28 Unresolved reference: device
Compile TV & Mobile APKs	Build Android TV & Mobile APKs	2026-09-07T03:30:59.8520248Z e: file:///home/runner/work/tvmime/tvmime/tvApp/src/main/java/com/tvmime/tv/sv_ui/components/dialogs/CreateGroupDialog.kt:57:30 Unresolved reference: rememberIsTelevisionDevice
Compile TV & Mobile APKs	Build Android TV & Mobile APKs	2026-09-07T03:30:59.8522718Z e: file:///home/runner/work/tvmime/tvmime/tvApp/src/main/java/com/tvmime/tv/sv_ui/components/dialogs/CreateGroupDialog.kt:77:26 Type mismatch: inferred type is ClickableSurfaceColors but NonInteractiveSurfaceColors was expected
Compile TV & Mobile APKs	Build Android TV & Mobile APKs	2026-09-07T03:30:59.8524986Z e: file:///home/runner/work/tvmime/tvmime/tvApp/src/main/java/com/tvmime/tv/sv_ui/components/dialogs/DeleteGroupDialog.kt:32:28 Unresolved reference: device
Compile TV & Mobile APKs	Build Android TV & Mobile APKs	2026-09-07T03:30:59.8527167Z e: file:///home/runner/work/tvmime/tvmime/tvApp/src/main/java/com/tvmime/tv/sv_ui/components/dialogs/DeleteGroupDialog.kt:47:30 Unresolved reference: rememberIsTelevisionDevice
Compile TV & Mobile APKs	Build Android TV & Mobile APKs	2026-09-07T03:30:59.8530689Z e: file:///home/runner/work/tvmime/tvmime/tvApp/src/main/java/com/tvmime/tv/sv_ui/components/dialogs/DeleteGroupDialog.kt:63:26 Type mismatch: inferred type is ClickableSurfaceColors but NonInteractiveSurfaceColors was expected
Compile TV & Mobile APKs	Build Android TV & Mobile APKs	2026-09-07T03:30:59.8533990Z e: file:///home/runner/work/tvmime/tvmime/tvApp/src/main/java/com/tvmime/tv/sv_ui/components/dialogs/M3uCategoryOrganizerDialog.kt:37:22 Type mismatch: inferred type is ClickableSurfaceColors but NonInteractiveSurfaceColors was expected
Compile TV & Mobile APKs	Build Android TV & Mobile APKs	2026-09-07T03:30:59.8537178Z e: file:///home/runner/work/tvmime/tvmime/tvApp/src/main/java/com/tvmime/tv/sv_ui/components/dialogs/M3uCategorySeriesAssignmentDialog.kt:63:22 Type mismatch: inferred type is ClickableSurfaceColors but NonInteractiveSurfaceColors was expected
Compile TV & Mobile APKs	Build Android TV & Mobile APKs	2026-09-07T03:30:59.8540517Z e: file:///home/runner/work/tvmime/tvmime/tvApp/src/main/java/com/tvmime/tv/sv_ui/components/dialogs/M3uSeriesAssignmentDialog.kt:47:22 Type mismatch: inferred type is ClickableSurfaceColors but NonInteractiveSurfaceColors was expected
Compile TV & Mobile APKs	Build Android TV & Mobile APKs	2026-09-07T03:30:59.8543018Z e: file:///home/runner/work/tvmime/tvmime/tvApp/src/main/java/com/tvmime/tv/sv_ui/components/dialogs/PinDialog.kt:23:28 Unresolved reference: device
Compile TV & Mobile APKs	Build Android TV & Mobile APKs	2026-09-07T03:30:59.8545001Z e: file:///home/runner/work/tvmime/tvmime/tvApp/src/main/java/com/tvmime/tv/sv_ui/components/dialogs/PinDialog.kt:51:30 Unresolved reference: rememberIsTelevisionDevice
Compile TV & Mobile APKs	Build Android TV & Mobile APKs	2026-09-07T03:30:59.8547091Z e: file:///home/runner/work/tvmime/tvmime/tvApp/src/main/java/com/tvmime/tv/sv_ui/components/dialogs/PremiumDialog.kt:47:28 Unresolved reference: device
Compile TV & Mobile APKs	Build Android TV & Mobile APKs	2026-09-07T03:30:59.8549154Z e: file:///home/runner/work/tvmime/tvmime/tvApp/src/main/java/com/tvmime/tv/sv_ui/components/dialogs/PremiumDialog.kt:85:30 Unresolved reference: rememberIsTelevisionDevice
Compile TV & Mobile APKs	Build Android TV & Mobile APKs	2026-09-07T03:30:59.8551903Z e: file:///home/runner/work/tvmime/tvmime/tvApp/src/main/java/com/tvmime/tv/sv_ui/components/dialogs/PremiumDialog.kt:112:34 Type mismatch: inferred type is ClickableSurfaceColors but NonInteractiveSurfaceColors was expected
Compile TV & Mobile APKs	Build Android TV & Mobile APKs	2026-09-07T03:30:59.8554831Z e: file:///home/runner/work/tvmime/tvmime/tvApp/src/main/java/com/tvmime/tv/sv_ui/components/dialogs/PremiumDialog.kt:179:34 Type mismatch: inferred type is ClickableSurfaceColors but NonInteractiveSurfaceColors was expected
Compile TV & Mobile APKs	Build Android TV & Mobile APKs	2026-09-07T03:30:59.8557620Z e: file:///home/runner/work/tvmime/tvmime/tvApp/src/main/java/com/tvmime/tv/sv_ui/components/dialogs/ProgramHistoryDialog.kt:22:30 Conflicting import, imported name 'ClickableSurfaceDefaults' is ambiguous
Compile TV & Mobile APKs	Build Android TV & Mobile APKs	2026-09-07T03:30:59.8560756Z e: file:///home/runner/work/tvmime/tvmime/tvApp/src/main/java/com/tvmime/tv/sv_ui/components/dialogs/ProgramHistoryDialog.kt:25:30 Conflicting import, imported name 'ClickableSurfaceDefaults' is ambiguous
Compile TV & Mobile APKs	Build Android TV & Mobile APKs	2026-09-07T03:30:59.8563115Z e: file:///home/runner/work/tvmime/tvmime/tvApp/src/main/java/com/tvmime/tv/sv_ui/components/dialogs/ProgramHistoryDialog.kt:41:28 Unresolved reference: device
Compile TV & Mobile APKs	Build Android TV & Mobile APKs	2026-09-07T03:30:59.8565527Z e: file:///home/runner/work/tvmime/tvmime/tvApp/src/main/java/com/tvmime/tv/sv_ui/components/dialogs/ProgramHistoryDialog.kt:66:30 Unresolved reference: rememberIsTelevisionDevice
Compile TV & Mobile APKs	Build Android TV & Mobile APKs	2026-09-07T03:30:59.8568201Z e: file:///home/runner/work/tvmime/tvmime/tvApp/src/main/java/com/tvmime/tv/sv_ui/components/dialogs/ProgramHistoryDialog.kt:83:26 Type mismatch: inferred type is ClickableSurfaceColors but NonInteractiveSurfaceColors was expected
Compile TV & Mobile APKs	Build Android TV & Mobile APKs	2026-09-07T03:30:59.8571667Z e: file:///home/runner/work/tvmime/tvmime/tvApp/src/main/java/com/tvmime/tv/sv_ui/components/dialogs/RenameGroupDialog.kt:46:28 Unresolved reference: device
Compile TV & Mobile APKs	Build Android TV & Mobile APKs	2026-09-07T03:30:59.8574222Z e: file:///home/runner/work/tvmime/tvmime/tvApp/src/main/java/com/tvmime/tv/sv_ui/components/dialogs/RenameGroupDialog.kt:65:30 Unresolved reference: rememberIsTelevisionDevice
Compile TV & Mobile APKs	Build Android TV & Mobile APKs	2026-09-07T03:30:59.8576755Z e: file:///home/runner/work/tvmime/tvmime/tvApp/src/main/java/com/tvmime/tv/sv_ui/components/dialogs/RenameGroupDialog.kt:87:26 Type mismatch: inferred type is ClickableSurfaceColors but NonInteractiveSurfaceColors was expected
Compile TV & Mobile APKs	Build Android TV & Mobile APKs	2026-09-07T03:30:59.8579117Z e: file:///home/runner/work/tvmime/tvmime/tvApp/src/main/java/com/tvmime/tv/sv_ui/components/shell/AppMediaCards.kt:61:8 Unresolved reference: coil3
Compile TV & Mobile APKs	Build Android TV & Mobile APKs	2026-09-07T03:30:59.8581386Z e: file:///home/runner/work/tvmime/tvmime/tvApp/src/main/java/com/tvmime/tv/sv_ui/components/shell/AppMediaCards.kt:416:25 Unresolved reference: AsyncImage
Compile TV & Mobile APKs	Build Android TV & Mobile APKs	2026-09-07T03:30:59.8583307Z e: file:///home/runner/work/tvmime/tvmime/tvApp/src/main/java/com/tvmime/tv/sv_ui/components/shell/AppMediaCards.kt:492:13 Unresolved reference: AsyncImage
Compile TV & Mobile APKs	Build Android TV & Mobile APKs	2026-09-07T03:30:59.8585431Z e: file:///home/runner/work/tvmime/tvmime/tvApp/src/main/java/com/tvmime/tv/sv_ui/components/shell/AppShell.kt:70:30 Conflicting import, imported name 'ClickableSurfaceDefaults' is ambiguous
Compile TV & Mobile APKs	Build Android TV & Mobile APKs	2026-09-07T03:30:59.8587785Z e: file:///home/runner/work/tvmime/tvmime/tvApp/src/main/java/com/tvmime/tv/sv_ui/components/shell/AppShell.kt:74:30 Conflicting import, imported name 'ClickableSurfaceDefaults' is ambiguous
Compile TV & Mobile APKs	Build Android TV & Mobile APKs	2026-09-07T03:30:59.8590072Z e: file:///home/runner/work/tvmime/tvmime/tvApp/src/main/java/com/tvmime/tv/sv_ui/components/shell/AppShell.kt:77:28 Unresolved reference: MainActivity
Compile TV & Mobile APKs	Build Android TV & Mobile APKs	2026-09-07T03:30:59.8591919Z e: file:///home/runner/work/tvmime/tvmime/tvApp/src/main/java/com/tvmime/tv/sv_ui/components/shell/AppShell.kt:78:28 Unresolved reference: navigation
Compile TV & Mobile APKs	Build Android TV & Mobile APKs	2026-09-07T03:30:59.8593738Z e: file:///home/runner/work/tvmime/tvmime/tvApp/src/main/java/com/tvmime/tv/sv_ui/components/shell/AppShell.kt:79:28 Unresolved reference: navigation
Compile TV & Mobile APKs	Build Android TV & Mobile APKs	2026-09-07T03:30:59.8595541Z e: file:///home/runner/work/tvmime/tvmime/tvApp/src/main/java/com/tvmime/tv/sv_ui/components/shell/AppShell.kt:269:13 Unresolved reference: onEnter
Compile TV & Mobile APKs	Build Android TV & Mobile APKs	2026-09-07T03:30:59.8597819Z e: file:///home/runner/work/tvmime/tvmime/tvApp/src/main/java/com/tvmime/tv/sv_ui/components/shell/AppShell.kt:275:18 Type mismatch: inferred type is ClickableSurfaceColors but NonInteractiveSurfaceColors was expected
Compile TV & Mobile APKs	Build Android TV & Mobile APKs	2026-09-07T03:30:59.8600814Z e: file:///home/runner/work/tvmime/tvmime/tvApp/src/main/java/com/tvmime/tv/sv_ui/components/shell/AppShell.kt:441:18 Type mismatch: inferred type is ClickableSurfaceColors but NonInteractiveSurfaceColors was expected
Compile TV & Mobile APKs	Build Android TV & Mobile APKs	2026-09-07T03:30:59.8603524Z e: file:///home/runner/work/tvmime/tvmime/tvApp/src/main/java/com/tvmime/tv/sv_ui/components/shell/AppShell.kt:591:18 Type mismatch: inferred type is ClickableSurfaceColors but NonInteractiveSurfaceColors was expected
Compile TV & Mobile APKs	Build Android TV & Mobile APKs	2026-09-07T03:30:59.8606256Z e: file:///home/runner/work/tvmime/tvmime/tvApp/src/main/java/com/tvmime/tv/sv_ui/components/shell/AppShell.kt:722:17 Unresolved reference: onEnter
Compile TV & Mobile APKs	Build Android TV & Mobile APKs	2026-09-07T03:30:59.8608067Z e: file:///home/runner/work/tvmime/tvmime/tvApp/src/main/java/com/tvmime/tv/sv_ui/components/shell/AppShell.kt:858:41 Unresolved reference: Routes
Compile TV & Mobile APKs	Build Android TV & Mobile APKs	2026-09-07T03:30:59.8610038Z e: file:///home/runner/work/tvmime/tvmime/tvApp/src/main/java/com/tvmime/tv/sv_ui/components/shell/AppShell.kt:886:52 Unresolved reference: Routes
Compile TV & Mobile APKs	Build Android TV & Mobile APKs	2026-09-07T03:30:59.8612029Z e: file:///home/runner/work/tvmime/tvmime/tvApp/src/main/java/com/tvmime/tv/sv_ui/components/shell/AppShell.kt:887:55 Unresolved reference: Routes
Compile TV & Mobile APKs	Build Android TV & Mobile APKs	2026-09-07T03:30:59.8613815Z e: file:///home/runner/work/tvmime/tvmime/tvApp/src/main/java/com/tvmime/tv/sv_ui/components/shell/AppShell.kt:888:54 Unresolved reference: Routes
Compile TV & Mobile APKs	Build Android TV & Mobile APKs	2026-09-07T03:30:59.8615594Z e: file:///home/runner/work/tvmime/tvmime/tvApp/src/main/java/com/tvmime/tv/sv_ui/components/shell/AppShell.kt:889:54 Unresolved reference: Routes
Compile TV & Mobile APKs	Build Android TV & Mobile APKs	2026-09-07T03:30:59.8617715Z e: file:///home/runner/work/tvmime/tvmime/tvApp/src/main/java/com/tvmime/tv/sv_ui/components/shell/AppShell.kt:890:57 Unresolved reference: Routes
Compile TV & Mobile APKs	Build Android TV & Mobile APKs	2026-09-07T03:30:59.8619477Z e: file:///home/runner/work/tvmime/tvmime/tvApp/src/main/java/com/tvmime/tv/sv_ui/components/shell/AppShell.kt:891:53 Unresolved reference: Routes
Compile TV & Mobile APKs	Build Android TV & Mobile APKs	2026-09-07T03:30:59.8621446Z e: file:///home/runner/work/tvmime/tvmime/tvApp/src/main/java/com/tvmime/tv/sv_ui/components/shell/AppShell.kt:892:54 Unresolved reference: Routes
Compile TV & Mobile APKs	Build Android TV & Mobile APKs	2026-09-07T03:30:59.8623298Z e: file:///home/runner/work/tvmime/tvmime/tvApp/src/main/java/com/tvmime/tv/sv_ui/components/shell/AppShell.kt:893:55 Unresolved reference: Routes
Compile TV & Mobile APKs	Build Android TV & Mobile APKs	2026-09-07T03:30:59.8625235Z e: file:///home/runner/work/tvmime/tvmime/tvApp/src/main/java/com/tvmime/tv/sv_ui/components/shell/AppShell.kt:894:56 Unresolved reference: Routes
Compile TV & Mobile APKs	Build Android TV & Mobile APKs	2026-09-07T03:30:59.8627040Z e: file:///home/runner/work/tvmime/tvmime/tvApp/src/main/java/com/tvmime/tv/sv_ui/components/shell/AppShell.kt:897:41 Unresolved reference: MainActivity
Compile TV & Mobile APKs	Build Android TV & Mobile APKs	2026-09-07T03:30:59.8628892Z e: file:///home/runner/work/tvmime/tvmime/tvApp/src/main/java/com/tvmime/tv/sv_ui/components/shell/AppShell.kt:900:24 Unresolved reference: MainActivity
Compile TV & Mobile APKs	Build Android TV & Mobile APKs	2026-09-07T03:30:59.8631274Z e: file:///home/runner/work/tvmime/tvmime/tvApp/src/main/java/com/tvmime/tv/sv_ui/components/shell/ExternalRatingsStrip.kt:48:9 The API of this layout is experimental and is likely to change in the future.
Compile TV & Mobile APKs	Build Android TV & Mobile APKs	2026-09-07T03:30:59.8633528Z e: file:///home/runner/work/tvmime/tvmime/tvApp/src/main/java/com/tvmime/tv/sv_ui/components/shell/LibraryBrowseScaffold.kt:31:28 Unresolved reference: device
Compile TV & Mobile APKs	Build Android TV & Mobile APKs	2026-09-07T03:30:59.8635499Z e: file:///home/runner/work/tvmime/tvmime/tvApp/src/main/java/com/tvmime/tv/sv_ui/components/shell/LibraryBrowseScaffold.kt:39:8 Unresolved reference: coil3
Compile TV & Mobile APKs	Build Android TV & Mobile APKs	2026-09-07T03:30:59.8637599Z e: file:///home/runner/work/tvmime/tvmime/tvApp/src/main/java/com/tvmime/tv/sv_ui/components/shell/LibraryBrowseScaffold.kt:70:38 Unresolved reference: rememberIsTelevisionDevice
Compile TV & Mobile APKs	Build Android TV & Mobile APKs	2026-09-07T03:30:59.8640387Z e: file:///home/runner/work/tvmime/tvmime/tvApp/src/main/java/com/tvmime/tv/sv_ui/components/shell/LibraryBrowseScaffold.kt:129:18 Type mismatch: inferred type is ClickableSurfaceColors but NonInteractiveSurfaceColors was expected
Compile TV & Mobile APKs	Build Android TV & Mobile APKs	2026-09-07T03:30:59.8643211Z e: file:///home/runner/work/tvmime/tvmime/tvApp/src/main/java/com/tvmime/tv/sv_ui/components/shell/LibraryBrowseScaffold.kt:255:17 Unresolved reference: AsyncImage
Compile TV & Mobile APKs	Build Android TV & Mobile APKs	2026-09-07T03:30:59.8645201Z e: file:///home/runner/work/tvmime/tvmime/tvApp/src/main/java/com/tvmime/tv/sv_ui/components/shell/VodChrome.kt:33:28 Unresolved reference: device
Compile TV & Mobile APKs	Build Android TV & Mobile APKs	2026-09-07T03:30:59.8647262Z e: file:///home/runner/work/tvmime/tvmime/tvApp/src/main/java/com/tvmime/tv/sv_ui/components/shell/VodChrome.kt:35:30 Conflicting import, imported name 'ClickableSurfaceDefaults' is ambiguous
Compile TV & Mobile APKs	Build Android TV & Mobile APKs	2026-09-07T03:30:59.8649601Z e: file:///home/runner/work/tvmime/tvmime/tvApp/src/main/java/com/tvmime/tv/sv_ui/components/shell/VodChrome.kt:38:30 Conflicting import, imported name 'ClickableSurfaceDefaults' is ambiguous
Compile TV & Mobile APKs	Build Android TV & Mobile APKs	2026-09-07T03:30:59.8652356Z e: file:///home/runner/work/tvmime/tvmime/tvApp/src/main/java/com/tvmime/tv/sv_ui/components/shell/VodChrome.kt:158:26 Type mismatch: inferred type is ClickableSurfaceColors but NonInteractiveSurfaceColors was expected
Compile TV & Mobile APKs	Build Android TV & Mobile APKs	2026-09-07T03:30:59.8654738Z e: file:///home/runner/work/tvmime/tvmime/tvApp/src/main/java/com/tvmime/tv/sv_ui/components/shell/VodChrome.kt:230:46 Unresolved reference: rememberIsTelevisionDevice
Compile TV & Mobile APKs	Build Android TV & Mobile APKs	2026-09-07T03:30:59.8657099Z e: file:///home/runner/work/tvmime/tvmime/tvApp/src/main/java/com/tvmime/tv/sv_ui/components/shell/VodChrome.kt:371:9 The API of this layout is experimental and is likely to change in the future.
Compile TV & Mobile APKs	Build Android TV & Mobile APKs	2026-09-07T03:30:59.8659104Z e: file:///home/runner/work/tvmime/tvmime/tvApp/src/main/java/com/tvmime/tv/sv_ui/design/AppTypography.kt:17:12 Unresolved reference: font
Compile TV & Mobile APKs	Build Android TV & Mobile APKs	2026-09-07T03:30:59.8660940Z e: file:///home/runner/work/tvmime/tvmime/tvApp/src/main/java/com/tvmime/tv/sv_ui/design/AppTypography.kt:18:12 Unresolved reference: font
Compile TV & Mobile APKs	Build Android TV & Mobile APKs	2026-09-07T03:30:59.8662625Z e: file:///home/runner/work/tvmime/tvmime/tvApp/src/main/java/com/tvmime/tv/sv_ui/design/AppTypography.kt:19:12 Unresolved reference: font
Compile TV & Mobile APKs	Build Android TV & Mobile APKs	2026-09-07T03:30:59.8664282Z e: file:///home/runner/work/tvmime/tvmime/tvApp/src/main/java/com/tvmime/tv/sv_ui/design/AppTypography.kt:20:12 Unresolved reference: font
Compile TV & Mobile APKs	Build Android TV & Mobile APKs	2026-09-07T03:30:59.8666048Z e: file:///home/runner/work/tvmime/tvmime/tvApp/src/main/java/com/tvmime/tv/sv_ui/design/FocusHelpers.kt:16:35 Unresolved reference: LocalLifecycleOwner
Compile TV & Mobile APKs	Build Android TV & Mobile APKs	2026-09-07T03:30:59.8667910Z e: file:///home/runner/work/tvmime/tvmime/tvApp/src/main/java/com/tvmime/tv/sv_ui/design/FocusHelpers.kt:48:26 Unresolved reference: LocalLifecycleOwner
Compile TV & Mobile APKs	Build Android TV & Mobile APKs	2026-09-07T03:30:59.8670245Z e: file:///home/runner/work/tvmime/tvmime/tvApp/src/main/java/com/tvmime/tv/sv_ui/interaction/MouseSupport.kt:16:28 Unresolved reference: device
Compile TV & Mobile APKs	Build Android TV & Mobile APKs	2026-09-07T03:30:59.8672254Z e: file:///home/runner/work/tvmime/tvmime/tvApp/src/main/java/com/tvmime/tv/sv_ui/interaction/MouseSupport.kt:35:44 Unresolved reference: isTelevisionDevice
Compile TV & Mobile APKs	Build Android TV & Mobile APKs	2026-09-07T03:30:59.8674068Z e: file:///home/runner/work/tvmime/tvmime/tvApp/src/main/java/com/tvmime/tv/sv_ui/interaction/MouseSupport.kt:38:9 Unresolved reference: !
Compile TV & Mobile APKs	Build Android TV & Mobile APKs	2026-09-07T03:30:59.8675989Z e: file:///home/runner/work/tvmime/tvmime/tvApp/src/main/java/com/tvmime/tv/sv_ui/interaction/MouseSupport.kt:52:18 This API is experimental and is likely to change in the future.
Compile TV & Mobile APKs	Build Android TV & Mobile APKs	2026-09-07T03:30:59.8678175Z e: file:///home/runner/work/tvmime/tvmime/tvApp/src/main/java/com/tvmime/tv/sv_ui/interaction/MouseSupport.kt:77:14 This API is experimental and is likely to change in the future.
Compile TV & Mobile APKs	Build Android TV & Mobile APKs	2026-09-07T03:30:59.8680806Z e: file:///home/runner/work/tvmime/tvmime/tvApp/src/main/java/com/tvmime/tv/sv_ui/interaction/TvComponents.kt:69:29 Type mismatch: inferred type is MutableInteractionSource? but MutableInteractionSource was expected
Compile TV & Mobile APKs	Build Android TV & Mobile APKs	2026-09-07T03:30:59.8683519Z e: file:///home/runner/work/tvmime/tvmime/tvApp/src/main/java/com/tvmime/tv/sv_ui/interaction/TvComponents.kt:100:29 Type mismatch: inferred type is MutableInteractionSource? but MutableInteractionSource was expected
Compile TV & Mobile APKs	Build Android TV & Mobile APKs	2026-09-07T03:30:59.8686222Z e: file:///home/runner/work/tvmime/tvmime/tvApp/src/main/java/com/tvmime/tv/sv_ui/interaction/TvComponents.kt:142:29 Type mismatch: inferred type is MutableInteractionSource? but MutableInteractionSource was expected
Compile TV & Mobile APKs	Build Android TV & Mobile APKs	2026-09-07T03:30:59.8688520Z e: file:///home/runner/work/tvmime/tvmime/tvApp/src/main/java/com/tvmime/tv/sv_ui/screens/dashboard/DashboardScreen.kt:43:17 Unresolved reference: hilt
Compile TV & Mobile APKs	Build Android TV & Mobile APKs	2026-09-07T03:30:59.8690920Z e: file:///home/runner/work/tvmime/tvmime/tvApp/src/main/java/com/tvmime/tv/sv_ui/screens/dashboard/DashboardScreen.kt:47:30 Conflicting import, imported name 'ClickableSurfaceDefaults' is ambiguous
Compile TV & Mobile APKs	Build Android TV & Mobile APKs	2026-09-07T03:30:59.8693407Z e: file:///home/runner/work/tvmime/tvmime/tvApp/src/main/java/com/tvmime/tv/sv_ui/screens/dashboard/DashboardScreen.kt:50:30 Conflicting import, imported name 'ClickableSurfaceDefaults' is ambiguous
Compile TV & Mobile APKs	Build Android TV & Mobile APKs	2026-09-07T03:30:59.8695853Z e: file:///home/runner/work/tvmime/tvmime/tvApp/src/main/java/com/tvmime/tv/sv_ui/screens/dashboard/DashboardScreen.kt:52:8 Unresolved reference: coil3
Compile TV & Mobile APKs	Build Android TV & Mobile APKs	2026-09-07T03:30:59.8697716Z e: file:///home/runner/work/tvmime/tvmime/tvApp/src/main/java/com/tvmime/tv/sv_ui/screens/dashboard/DashboardScreen.kt:54:28 Unresolved reference: device
Compile TV & Mobile APKs	Build Android TV & Mobile APKs	2026-09-07T03:30:59.8699633Z e: file:///home/runner/work/tvmime/tvmime/tvApp/src/main/java/com/tvmime/tv/sv_ui/screens/dashboard/DashboardScreen.kt:56:28 Unresolved reference: navigation
Compile TV & Mobile APKs	Build Android TV & Mobile APKs	2026-09-07T03:30:59.8702080Z e: file:///home/runner/work/tvmime/tvmime/tvApp/src/main/java/com/tvmime/tv/sv_ui/screens/dashboard/DashboardScreen.kt:102:37 Unresolved reference: hiltViewModel
Compile TV & Mobile APKs	Build Android TV & Mobile APKs	2026-09-07T03:30:59.8704042Z e: file:///home/runner/work/tvmime/tvmime/tvApp/src/main/java/com/tvmime/tv/sv_ui/screens/dashboard/DashboardScreen.kt:131:51 Unresolved reference: Routes
Compile TV & Mobile APKs	Build Android TV & Mobile APKs	2026-09-07T03:30:59.8705938Z e: file:///home/runner/work/tvmime/tvmime/tvApp/src/main/java/com/tvmime/tv/sv_ui/screens/dashboard/DashboardScreen.kt:175:59 Unresolved reference: Routes
Compile TV & Mobile APKs	Build Android TV & Mobile APKs	2026-09-07T03:30:59.8708415Z e: file:///home/runner/work/tvmime/tvmime/tvApp/src/main/java/com/tvmime/tv/sv_ui/screens/dashboard/DashboardScreen.kt:183:59 Unresolved reference: Routes
Compile TV & Mobile APKs	Build Android TV & Mobile APKs	2026-09-07T03:30:59.8710493Z e: file:///home/runner/work/tvmime/tvmime/tvApp/src/main/java/com/tvmime/tv/sv_ui/screens/dashboard/DashboardScreen.kt:196:44 Unresolved reference: Routes
Compile TV & Mobile APKs	Build Android TV & Mobile APKs	2026-09-07T03:30:59.8712391Z e: file:///home/runner/work/tvmime/tvmime/tvApp/src/main/java/com/tvmime/tv/sv_ui/screens/dashboard/DashboardScreen.kt:197:45 Unresolved reference: Routes
Compile TV & Mobile APKs	Build Android TV & Mobile APKs	2026-09-07T03:30:59.8714492Z e: file:///home/runner/work/tvmime/tvmime/tvApp/src/main/java/com/tvmime/tv/sv_ui/screens/dashboard/DashboardScreen.kt:204:49 Unresolved reference: Routes
Compile TV & Mobile APKs	Build Android TV & Mobile APKs	2026-09-07T03:30:59.8716382Z e: file:///home/runner/work/tvmime/tvmime/tvApp/src/main/java/com/tvmime/tv/sv_ui/screens/dashboard/DashboardScreen.kt:214:49 Unresolved reference: Routes
Compile TV & Mobile APKs	Build Android TV & Mobile APKs	2026-09-07T03:30:59.8718264Z e: file:///home/runner/work/tvmime/tvmime/tvApp/src/main/java/com/tvmime/tv/sv_ui/screens/dashboard/DashboardScreen.kt:233:49 Unresolved reference: Routes
Compile TV & Mobile APKs	Build Android TV & Mobile APKs	2026-09-07T03:30:59.8720336Z e: file:///home/runner/work/tvmime/tvmime/tvApp/src/main/java/com/tvmime/tv/sv_ui/screens/dashboard/DashboardScreen.kt:245:49 Unresolved reference: Routes
Compile TV & Mobile APKs	Build Android TV & Mobile APKs	2026-09-07T03:30:59.8722223Z e: file:///home/runner/work/tvmime/tvmime/tvApp/src/main/java/com/tvmime/tv/sv_ui/screens/dashboard/DashboardScreen.kt:258:49 Unresolved reference: Routes
Compile TV & Mobile APKs	Build Android TV & Mobile APKs	2026-09-07T03:30:59.8724104Z e: file:///home/runner/work/tvmime/tvmime/tvApp/src/main/java/com/tvmime/tv/sv_ui/screens/dashboard/DashboardScreen.kt:267:49 Unresolved reference: Routes
Compile TV & Mobile APKs	Build Android TV & Mobile APKs	2026-09-07T03:30:59.8725997Z e: file:///home/runner/work/tvmime/tvmime/tvApp/src/main/java/com/tvmime/tv/sv_ui/screens/dashboard/DashboardScreen.kt:292:49 Unresolved reference: Routes
Compile TV & Mobile APKs	Build Android TV & Mobile APKs	2026-09-07T03:30:59.8727867Z e: file:///home/runner/work/tvmime/tvmime/tvApp/src/main/java/com/tvmime/tv/sv_ui/screens/dashboard/DashboardScreen.kt:301:49 Unresolved reference: Routes
Compile TV & Mobile APKs	Build Android TV & Mobile APKs	2026-09-07T03:30:59.8730037Z e: file:///home/runner/work/tvmime/tvmime/tvApp/src/main/java/com/tvmime/tv/sv_ui/screens/dashboard/DashboardScreen.kt:342:30 Unresolved reference: rememberIsTelevisionDevice
Compile TV & Mobile APKs	Build Android TV & Mobile APKs	2026-09-07T03:30:59.8732088Z e: file:///home/runner/work/tvmime/tvmime/tvApp/src/main/java/com/tvmime/tv/sv_ui/screens/dashboard/DashboardScreen.kt:354:13 Unresolved reference: AsyncImage
Compile TV & Mobile APKs	Build Android TV & Mobile APKs	2026-09-07T03:30:59.8734490Z e: file:///home/runner/work/tvmime/tvmime/tvApp/src/main/java/com/tvmime/tv/sv_ui/screens/dashboard/DashboardScreen.kt:433:26 Type mismatch: inferred type is ClickableSurfaceColors but NonInteractiveSurfaceColors was expected
Compile TV & Mobile APKs	Build Android TV & Mobile APKs	2026-09-07T03:30:59.8737018Z e: file:///home/runner/work/tvmime/tvmime/tvApp/src/main/java/com/tvmime/tv/sv_ui/screens/dashboard/DashboardScreen.kt:496:30 Unresolved reference: rememberIsTelevisionDevice
Compile TV & Mobile APKs	Build Android TV & Mobile APKs	2026-09-07T03:30:59.8739508Z e: file:///home/runner/work/tvmime/tvmime/tvApp/src/main/java/com/tvmime/tv/sv_ui/screens/dashboard/DashboardScreen.kt:624:18 Type mismatch: inferred type is ClickableSurfaceColors but NonInteractiveSurfaceColors was expected
Compile TV & Mobile APKs	Build Android TV & Mobile APKs	2026-09-07T03:30:59.8742481Z e: file:///home/runner/work/tvmime/tvmime/tvApp/src/main/java/com/tvmime/tv/sv_ui/screens/dashboard/DashboardScreen.kt:696:18 Type mismatch: inferred type is ClickableSurfaceColors but NonInteractiveSurfaceColors was expected
Compile TV & Mobile APKs	Build Android TV & Mobile APKs	2026-09-07T03:30:59.8745491Z e: file:///home/runner/work/tvmime/tvmime/tvApp/src/main/java/com/tvmime/tv/sv_ui/screens/dashboard/DashboardScreen.kt:726:18 Type mismatch: inferred type is ClickableSurfaceColors but NonInteractiveSurfaceColors was expected
Compile TV & Mobile APKs	Build Android TV & Mobile APKs	2026-09-07T03:30:59.8748121Z e: file:///home/runner/work/tvmime/tvmime/tvApp/src/main/java/com/tvmime/tv/sv_ui/screens/dashboard/DashboardScreen.kt:763:18 Type mismatch: inferred type is ClickableSurfaceColors but NonInteractiveSurfaceColors was expected
Compile TV & Mobile APKs	Build Android TV & Mobile APKs	2026-09-07T03:30:59.8750591Z e: file:///home/runner/work/tvmime/tvmime/tvApp/src/main/java/com/tvmime/tv/sv_ui/screens/dashboard/DashboardScreen.kt:821:34 Unresolved reference: rememberIsTelevisionDevice
Compile TV & Mobile APKs	Build Android TV & Mobile APKs	2026-09-07T03:30:59.8752947Z e: file:///home/runner/work/tvmime/tvmime/tvApp/src/main/java/com/tvmime/tv/sv_ui/screens/dashboard/DashboardScreen.kt:832:22 Type mismatch: inferred type is ClickableSurfaceColors but NonInteractiveSurfaceColors was expected
Compile TV & Mobile APKs	Build Android TV & Mobile APKs	2026-09-07T03:30:59.8755270Z e: file:///home/runner/work/tvmime/tvmime/tvApp/src/main/java/com/tvmime/tv/sv_ui/screens/dashboard/DashboardViewModel.kt:7:34 Unresolved reference: ProviderSyncStateSource
Compile TV & Mobile APKs	Build Android TV & Mobile APKs	2026-09-07T03:30:59.8757177Z e: file:///home/runner/work/tvmime/tvmime/tvApp/src/main/java/com/tvmime/tv/sv_ui/screens/dashboard/DashboardViewModel.kt:8:28 Unresolved reference: update
Compile TV & Mobile APKs	Build Android TV & Mobile APKs	2026-09-07T03:30:59.8759175Z e: file:///home/runner/work/tvmime/tvmime/tvApp/src/main/java/com/tvmime/tv/sv_ui/screens/dashboard/DashboardViewModel.kt:9:28 Unresolved reference: update
Compile TV & Mobile APKs	Build Android TV & Mobile APKs	2026-09-07T03:30:59.8761292Z e: file:///home/runner/work/tvmime/tvmime/tvApp/src/main/java/com/tvmime/tv/sv_ui/screens/dashboard/DashboardViewModel.kt:10:28 Unresolved reference: update
Compile TV & Mobile APKs	Build Android TV & Mobile APKs	2026-09-07T03:30:59.8763176Z e: file:///home/runner/work/tvmime/tvmime/tvApp/src/main/java/com/tvmime/tv/sv_ui/screens/dashboard/DashboardViewModel.kt:11:28 Unresolved reference: update
Compile TV & Mobile APKs	Build Android TV & Mobile APKs	2026-09-07T03:30:59.8765094Z e: file:///home/runner/work/tvmime/tvmime/tvApp/src/main/java/com/tvmime/tv/sv_ui/screens/dashboard/DashboardViewModel.kt:41:8 Unresolved reference: dagger
Compile TV & Mobile APKs	Build Android TV & Mobile APKs	2026-09-07T03:30:59.8767083Z e: file:///home/runner/work/tvmime/tvmime/tvApp/src/main/java/com/tvmime/tv/sv_ui/screens/dashboard/DashboardViewModel.kt:42:8 Unresolved reference: dagger
Compile TV & Mobile APKs	Build Android TV & Mobile APKs	2026-09-07T03:30:59.8769015Z e: file:///home/runner/work/tvmime/tvmime/tvApp/src/main/java/com/tvmime/tv/sv_ui/screens/dashboard/DashboardViewModel.kt:46:14 Unresolved reference: inject
Compile TV & Mobile APKs	Build Android TV & Mobile APKs	2026-09-07T03:30:59.8770856Z e: file:///home/runner/work/tvmime/tvmime/tvApp/src/main/java/com/tvmime/tv/sv_ui/screens/dashboard/DashboardViewModel.kt:63:2 Unresolved reference: HiltViewModel
Compile TV & Mobile APKs	Build Android TV & Mobile APKs	2026-09-07T03:30:59.8771957Z e: file:///home/runner/work/tvmime/tvmime/tvApp/src/main/java/com/tvmime/tv/sv_ui/screens/dashboard/DashboardViewModel.kt:65:27 Unresolved reference: Inject
Compile TV & Mobile APKs	Build Android TV & Mobile APKs	2026-09-07T03:30:59.8773095Z e: file:///home/runner/work/tvmime/tvmime/tvApp/src/main/java/com/tvmime/tv/sv_ui/screens/dashboard/DashboardViewModel.kt:66:6 Unresolved reference: ApplicationContext
Compile TV & Mobile APKs	Build Android TV & Mobile APKs	2026-09-07T03:30:59.8774279Z e: file:///home/runner/work/tvmime/tvmime/tvApp/src/main/java/com/tvmime/tv/sv_ui/screens/dashboard/DashboardViewModel.kt:77:30 Unresolved reference: ProviderSyncStateSource
Compile TV & Mobile APKs	Build Android TV & Mobile APKs	2026-09-07T03:30:59.8775469Z e: file:///home/runner/work/tvmime/tvmime/tvApp/src/main/java/com/tvmime/tv/sv_ui/screens/dashboard/DashboardViewModel.kt:78:37 Unresolved reference: AppUpdateInstaller
Compile TV & Mobile APKs	Build Android TV & Mobile APKs	2026-09-07T03:30:59.8776663Z e: file:///home/runner/work/tvmime/tvmime/tvApp/src/main/java/com/tvmime/tv/sv_ui/screens/dashboard/DashboardViewModel.kt:169:26 Not enough information to infer type variable T2
Compile TV & Mobile APKs	Build Android TV & Mobile APKs	2026-09-07T03:30:59.8777850Z e: file:///home/runner/work/tvmime/tvmime/tvApp/src/main/java/com/tvmime/tv/sv_ui/screens/dashboard/DashboardViewModel.kt:171:35 Unresolved reference: parentalControlLevel
Compile TV & Mobile APKs	Build Android TV & Mobile APKs	2026-09-07T03:30:59.8779102Z e: file:///home/runner/work/tvmime/tvmime/tvApp/src/main/java/com/tvmime/tv/sv_ui/screens/dashboard/DashboardViewModel.kt:172:21 Cannot infer a type for this parameter. Please specify it explicitly.
Compile TV & Mobile APKs	Build Android TV & Mobile APKs	2026-09-07T03:30:59.8781398Z e: file:///home/runner/work/tvmime/tvmime/tvApp/src/main/java/com/tvmime/tv/sv_ui/screens/dashboard/DashboardViewModel.kt:177:34 Not enough information to infer type variable T2
Compile TV & Mobile APKs	Build Android TV & Mobile APKs	2026-09-07T03:30:59.8783498Z e: file:///home/runner/work/tvmime/tvmime/tvApp/src/main/java/com/tvmime/tv/sv_ui/screens/dashboard/DashboardViewModel.kt:179:35 Unresolved reference: parentalControlLevel
Compile TV & Mobile APKs	Build Android TV & Mobile APKs	2026-09-07T03:30:59.8785711Z e: file:///home/runner/work/tvmime/tvmime/tvApp/src/main/java/com/tvmime/tv/sv_ui/screens/dashboard/DashboardViewModel.kt:180:21 Cannot infer a type for this parameter. Please specify it explicitly.
Compile TV & Mobile APKs	Build Android TV & Mobile APKs	2026-09-07T03:30:59.8787897Z e: file:///home/runner/work/tvmime/tvmime/tvApp/src/main/java/com/tvmime/tv/sv_ui/screens/dashboard/DashboardViewModel.kt:185:37 Not enough information to infer type variable T2
Compile TV & Mobile APKs	Build Android TV & Mobile APKs	2026-09-07T03:30:59.8790209Z e: file:///home/runner/work/tvmime/tvmime/tvApp/src/main/java/com/tvmime/tv/sv_ui/screens/dashboard/DashboardViewModel.kt:187:35 Unresolved reference: parentalControlLevel
Compile TV & Mobile APKs	Build Android TV & Mobile APKs	2026-09-07T03:30:59.8792459Z e: file:///home/runner/work/tvmime/tvmime/tvApp/src/main/java/com/tvmime/tv/sv_ui/screens/dashboard/DashboardViewModel.kt:188:21 Cannot infer a type for this parameter. Please specify it explicitly.
Compile TV & Mobile APKs	Build Android TV & Mobile APKs	2026-09-07T03:30:59.8794941Z e: file:///home/runner/work/tvmime/tvmime/tvApp/src/main/java/com/tvmime/tv/sv_ui/screens/dashboard/DashboardViewModel.kt:193:27 Not enough information to infer type variable T2
Compile TV & Mobile APKs	Build Android TV & Mobile APKs	2026-09-07T03:30:59.8797066Z e: file:///home/runner/work/tvmime/tvmime/tvApp/src/main/java/com/tvmime/tv/sv_ui/screens/dashboard/DashboardViewModel.kt:195:35 Unresolved reference: parentalControlLevel
Compile TV & Mobile APKs	Build Android TV & Mobile APKs	2026-09-07T03:30:59.8799262Z e: file:///home/runner/work/tvmime/tvmime/tvApp/src/main/java/com/tvmime/tv/sv_ui/screens/dashboard/DashboardViewModel.kt:196:21 Cannot infer a type for this parameter. Please specify it explicitly.
Compile TV & Mobile APKs	Build Android TV & Mobile APKs	2026-09-07T03:30:59.8801743Z e: file:///home/runner/work/tvmime/tvmime/tvApp/src/main/java/com/tvmime/tv/sv_ui/screens/dashboard/DashboardViewModel.kt:201:34 Not enough information to infer type variable T4
Compile TV & Mobile APKs	Build Android TV & Mobile APKs	2026-09-07T03:30:59.8803790Z e: file:///home/runner/work/tvmime/tvmime/tvApp/src/main/java/com/tvmime/tv/sv_ui/screens/dashboard/DashboardViewModel.kt:205:34 Unresolved reference: emit
Compile TV & Mobile APKs	Build Android TV & Mobile APKs	2026-09-07T03:30:59.8805719Z e: file:///home/runner/work/tvmime/tvmime/tvApp/src/main/java/com/tvmime/tv/sv_ui/screens/dashboard/DashboardViewModel.kt:206:35 Unresolved reference: emit
Compile TV & Mobile APKs	Build Android TV & Mobile APKs	2026-09-07T03:30:59.8808471Z e: file:///home/runner/work/tvmime/tvmime/tvApp/src/main/java/com/tvmime/tv/sv_ui/screens/dashboard/DashboardViewModel.kt:207:70 Cannot infer a type for this parameter. Please specify it explicitly.
Compile TV & Mobile APKs	Build Android TV & Mobile APKs	2026-09-07T03:30:59.8811072Z e: file:///home/runner/work/tvmime/tvmime/tvApp/src/main/java/com/tvmime/tv/sv_ui/screens/dashboard/DashboardViewModel.kt:207:84 Cannot infer a type for this parameter. Please specify it explicitly.
Compile TV & Mobile APKs	Build Android TV & Mobile APKs	2026-09-07T03:30:59.8813284Z e: file:///home/runner/work/tvmime/tvmime/tvApp/src/main/java/com/tvmime/tv/sv_ui/screens/dashboard/DashboardViewModel.kt:218:43 Not enough information to infer type variable T1
Compile TV & Mobile APKs	Build Android TV & Mobile APKs	2026-09-07T03:30:59.8815479Z e: file:///home/runner/work/tvmime/tvmime/tvApp/src/main/java/com/tvmime/tv/sv_ui/screens/dashboard/DashboardViewModel.kt:224:13 Cannot infer a type for this parameter. Please specify it explicitly.
Compile TV & Mobile APKs	Build Android TV & Mobile APKs	2026-09-07T03:30:59.8817550Z e: file:///home/runner/work/tvmime/tvmime/tvApp/src/main/java/com/tvmime/tv/sv_ui/screens/dashboard/DashboardViewModel.kt:233:51 Unresolved reference: emit
Compile TV & Mobile APKs	Build Android TV & Mobile APKs	2026-09-07T03:30:59.8819591Z e: file:///home/runner/work/tvmime/tvmime/tvApp/src/main/java/com/tvmime/tv/sv_ui/screens/dashboard/DashboardViewModel.kt:233:74 Cannot infer a type for this parameter. Please specify it explicitly.
Compile TV & Mobile APKs	Build Android TV & Mobile APKs	2026-09-07T03:30:59.8822104Z e: file:///home/runner/work/tvmime/tvmime/tvApp/src/main/java/com/tvmime/tv/sv_ui/screens/dashboard/DashboardViewModel.kt:233:83 Cannot infer a type for this parameter. Please specify it explicitly.
Compile TV & Mobile APKs	Build Android TV & Mobile APKs	2026-09-07T03:30:59.8824172Z e: file:///home/runner/work/tvmime/tvmime/tvApp/src/main/java/com/tvmime/tv/sv_ui/screens/dashboard/DashboardViewModel.kt:236:54 Unresolved reference: emit
Compile TV & Mobile APKs	Build Android TV & Mobile APKs	2026-09-07T03:30:59.8826661Z e: file:///home/runner/work/tvmime/tvmime/tvApp/src/main/java/com/tvmime/tv/sv_ui/screens/dashboard/DashboardViewModel.kt:236:77 Cannot infer a type for this parameter. Please specify it explicitly.
Compile TV & Mobile APKs	Build Android TV & Mobile APKs	2026-09-07T03:30:59.8829168Z e: file:///home/runner/work/tvmime/tvmime/tvApp/src/main/java/com/tvmime/tv/sv_ui/screens/dashboard/DashboardViewModel.kt:236:86 Cannot infer a type for this parameter. Please specify it explicitly.
Compile TV & Mobile APKs	Build Android TV & Mobile APKs	2026-09-07T03:30:59.8831825Z e: file:///home/runner/work/tvmime/tvmime/tvApp/src/main/java/com/tvmime/tv/sv_ui/screens/dashboard/DashboardViewModel.kt:242:28 Not enough information to infer type variable T1
Compile TV & Mobile APKs	Build Android TV & Mobile APKs	2026-09-07T03:30:59.8834113Z e: file:///home/runner/work/tvmime/tvmime/tvApp/src/main/java/com/tvmime/tv/sv_ui/screens/dashboard/DashboardViewModel.kt:253:13 Cannot infer a type for this parameter. Please specify it explicitly.
Compile TV & Mobile APKs	Build Android TV & Mobile APKs	2026-09-07T03:30:59.8836425Z e: file:///home/runner/work/tvmime/tvmime/tvApp/src/main/java/com/tvmime/tv/sv_ui/screens/dashboard/DashboardViewModel.kt:266:35 Unresolved reference: appHomeDashboardShelves
Compile TV & Mobile APKs	Build Android TV & Mobile APKs	2026-09-07T03:30:59.8838507Z e: file:///home/runner/work/tvmime/tvmime/tvApp/src/main/java/com/tvmime/tv/sv_ui/screens/dashboard/DashboardViewModel.kt:266:69 Unresolved reference: emit
Compile TV & Mobile APKs	Build Android TV & Mobile APKs	2026-09-07T03:30:59.8841132Z e: file:///home/runner/work/tvmime/tvmime/tvApp/src/main/java/com/tvmime/tv/sv_ui/screens/dashboard/DashboardViewModel.kt:267:13 Cannot infer a type for this parameter. Please specify it explicitly.
Compile TV & Mobile APKs	Build Android TV & Mobile APKs	2026-09-07T03:30:59.8843596Z e: file:///home/runner/work/tvmime/tvmime/tvApp/src/main/java/com/tvmime/tv/sv_ui/screens/dashboard/DashboardViewModel.kt:267:23 Cannot infer a type for this parameter. Please specify it explicitly.
Compile TV & Mobile APKs	Build Android TV & Mobile APKs	2026-09-07T03:30:59.8846118Z e: file:///home/runner/work/tvmime/tvmime/tvApp/src/main/java/com/tvmime/tv/sv_ui/screens/dashboard/DashboardViewModel.kt:269:67 Cannot infer a type for this parameter. Please specify it explicitly.
Compile TV & Mobile APKs	Build Android TV & Mobile APKs	2026-09-07T03:30:59.8848503Z e: file:///home/runner/work/tvmime/tvmime/tvApp/src/main/java/com/tvmime/tv/sv_ui/screens/dashboard/DashboardViewModel.kt:269:77 Cannot infer a type for this parameter. Please specify it explicitly.
Compile TV & Mobile APKs	Build Android TV & Mobile APKs	2026-09-07T03:30:59.8850868Z e: file:///home/runner/work/tvmime/tvmime/tvApp/src/main/java/com/tvmime/tv/sv_ui/screens/dashboard/DashboardViewModel.kt:271:75 Unresolved reference: emit
Compile TV & Mobile APKs	Build Android TV & Mobile APKs	2026-09-07T03:30:59.8853124Z e: file:///home/runner/work/tvmime/tvmime/tvApp/src/main/java/com/tvmime/tv/sv_ui/screens/dashboard/DashboardViewModel.kt:271:101 Cannot infer a type for this parameter. Please specify it explicitly.
Compile TV & Mobile APKs	Build Android TV & Mobile APKs	2026-09-07T03:30:59.8855756Z e: file:///home/runner/work/tvmime/tvmime/tvApp/src/main/java/com/tvmime/tv/sv_ui/screens/dashboard/DashboardViewModel.kt:271:111 Cannot infer a type for this parameter. Please specify it explicitly.
Compile TV & Mobile APKs	Build Android TV & Mobile APKs	2026-09-07T03:30:59.8858133Z e: file:///home/runner/work/tvmime/tvmime/tvApp/src/main/java/com/tvmime/tv/sv_ui/screens/dashboard/DashboardViewModel.kt:346:14 Not enough information to infer type variable T2
Compile TV & Mobile APKs	Build Android TV & Mobile APKs	2026-09-07T03:30:59.8860548Z e: file:///home/runner/work/tvmime/tvmime/tvApp/src/main/java/com/tvmime/tv/sv_ui/screens/dashboard/DashboardViewModel.kt:346:44 Unresolved reference: parentalControlLevel
Compile TV & Mobile APKs	Build Android TV & Mobile APKs	2026-09-07T03:30:59.8862892Z e: file:///home/runner/work/tvmime/tvmime/tvApp/src/main/java/com/tvmime/tv/sv_ui/screens/dashboard/DashboardViewModel.kt:346:76 Cannot infer a type for this parameter. Please specify it explicitly.
Compile TV & Mobile APKs	Build Android TV & Mobile APKs	2026-09-07T03:30:59.8865209Z e: file:///home/runner/work/tvmime/tvmime/tvApp/src/main/java/com/tvmime/tv/sv_ui/screens/dashboard/DashboardViewModel.kt:362:14 Not enough information to infer type variable T2
Compile TV & Mobile APKs	Build Android TV & Mobile APKs	2026-09-07T03:30:59.8867388Z e: file:///home/runner/work/tvmime/tvmime/tvApp/src/main/java/com/tvmime/tv/sv_ui/screens/dashboard/DashboardViewModel.kt:362:44 Unresolved reference: parentalControlLevel
Compile TV & Mobile APKs	Build Android TV & Mobile APKs	2026-09-07T03:30:59.8869672Z e: file:///home/runner/work/tvmime/tvmime/tvApp/src/main/java/com/tvmime/tv/sv_ui/screens/dashboard/DashboardViewModel.kt:362:76 Cannot infer a type for this parameter. Please specify it explicitly.
Compile TV & Mobile APKs	Build Android TV & Mobile APKs	2026-09-07T03:30:59.8872438Z e: file:///home/runner/work/tvmime/tvmime/tvApp/src/main/java/com/tvmime/tv/sv_ui/screens/dashboard/DashboardViewModel.kt:369:9 Not enough information to infer type variable T1
Compile TV & Mobile APKs	Build Android TV & Mobile APKs	2026-09-07T03:30:59.8874582Z e: file:///home/runner/work/tvmime/tvmime/tvApp/src/main/java/com/tvmime/tv/sv_ui/screens/dashboard/DashboardViewModel.kt:370:35 Unresolved reference: showRecentChannelsCategory
Compile TV & Mobile APKs	Build Android TV & Mobile APKs	2026-09-07T03:30:59.8876888Z e: file:///home/runner/work/tvmime/tvmime/tvApp/src/main/java/com/tvmime/tv/sv_ui/screens/dashboard/DashboardViewModel.kt:370:78 Cannot infer a type for this parameter. Please specify it explicitly.
Compile TV & Mobile APKs	Build Android TV & Mobile APKs	2026-09-07T03:30:59.8879159Z e: file:///home/runner/work/tvmime/tvmime/tvApp/src/main/java/com/tvmime/tv/sv_ui/screens/dashboard/DashboardViewModel.kt:375:35 Unresolved reference: parentalControlLevel
Compile TV & Mobile APKs	Build Android TV & Mobile APKs	2026-09-07T03:30:59.8881533Z e: file:///home/runner/work/tvmime/tvmime/tvApp/src/main/java/com/tvmime/tv/sv_ui/screens/dashboard/DashboardViewModel.kt:376:13 Cannot infer a type for this parameter. Please specify it explicitly.
Compile TV & Mobile APKs	Build Android TV & Mobile APKs	2026-09-07T03:30:59.8883937Z e: file:///home/runner/work/tvmime/tvmime/tvApp/src/main/java/com/tvmime/tv/sv_ui/screens/dashboard/DashboardViewModel.kt:376:23 Cannot infer a type for this parameter. Please specify it explicitly.
Compile TV & Mobile APKs	Build Android TV & Mobile APKs	2026-09-07T03:30:59.8886539Z e: file:///home/runner/work/tvmime/tvmime/tvApp/src/main/java/com/tvmime/tv/sv_ui/screens/dashboard/DashboardViewModel.kt:436:16 Not enough information to infer type variable T3
Compile TV & Mobile APKs	Build Android TV & Mobile APKs	2026-09-07T03:30:59.8888726Z e: file:///home/runner/work/tvmime/tvmime/tvApp/src/main/java/com/tvmime/tv/sv_ui/screens/dashboard/DashboardViewModel.kt:439:35 Unresolved reference: promotedLiveGroupIds
Compile TV & Mobile APKs	Build Android TV & Mobile APKs	2026-09-07T03:30:59.8891277Z e: file:///home/runner/work/tvmime/tvmime/tvApp/src/main/java/com/tvmime/tv/sv_ui/screens/dashboard/DashboardViewModel.kt:440:54 Cannot infer a type for this parameter. Please specify it explicitly.
Compile TV & Mobile APKs	Build Android TV & Mobile APKs	2026-09-07T03:30:59.8893585Z e: file:///home/runner/work/tvmime/tvmime/tvApp/src/main/java/com/tvmime/tv/sv_ui/screens/dashboard/DashboardViewModel.kt:441:70 Operator '==' cannot be applied to 'Long' and 'String?'
Compile TV & Mobile APKs	Build Android TV & Mobile APKs	2026-09-07T03:30:59.8895818Z e: file:///home/runner/work/tvmime/tvmime/tvApp/src/main/java/com/tvmime/tv/sv_ui/screens/dashboard/DashboardViewModel.kt:594:29 Not enough information to infer type variable T1
Compile TV & Mobile APKs	Build Android TV & Mobile APKs	2026-09-07T03:30:59.8898016Z e: file:///home/runner/work/tvmime/tvmime/tvApp/src/main/java/com/tvmime/tv/sv_ui/screens/dashboard/DashboardViewModel.kt:595:35 Unresolved reference: cachedAppUpdateVersionName
Compile TV & Mobile APKs	Build Android TV & Mobile APKs	2026-09-07T03:30:59.8900407Z e: file:///home/runner/work/tvmime/tvmime/tvApp/src/main/java/com/tvmime/tv/sv_ui/screens/dashboard/DashboardViewModel.kt:596:35 Unresolved reference: cachedAppUpdateVersionCode
Compile TV & Mobile APKs	Build Android TV & Mobile APKs	2026-09-07T03:30:59.8902579Z e: file:///home/runner/work/tvmime/tvmime/tvApp/src/main/java/com/tvmime/tv/sv_ui/screens/dashboard/DashboardViewModel.kt:597:35 Unresolved reference: cachedAppUpdatePublishedAt
Compile TV & Mobile APKs	Build Android TV & Mobile APKs	2026-09-07T03:30:59.8904790Z e: file:///home/runner/work/tvmime/tvmime/tvApp/src/main/java/com/tvmime/tv/sv_ui/screens/dashboard/DashboardViewModel.kt:598:35 Unresolved reference: cachedAppUpdateDownloadUrl
Compile TV & Mobile APKs	Build Android TV & Mobile APKs	2026-09-07T03:30:59.8907029Z e: file:///home/runner/work/tvmime/tvmime/tvApp/src/main/java/com/tvmime/tv/sv_ui/screens/dashboard/DashboardViewModel.kt:599:35 Unresolved reference: cachedAppUpdateDownloadSha256
Compile TV & Mobile APKs	Build Android TV & Mobile APKs	2026-09-07T03:30:59.8910121Z e: file:///home/runner/work/tvmime/tvmime/tvApp/src/main/java/com/tvmime/tv/sv_ui/screens/dashboard/DashboardViewModel.kt:600:13 Cannot infer a type for this parameter. Please specify it explicitly.
Compile TV & Mobile APKs	Build Android TV & Mobile APKs	2026-09-07T03:30:59.8912660Z e: file:///home/runner/work/tvmime/tvmime/tvApp/src/main/java/com/tvmime/tv/sv_ui/screens/dashboard/DashboardViewModel.kt:600:32 Cannot infer a type for this parameter. Please specify it explicitly.
Compile TV & Mobile APKs	Build Android TV & Mobile APKs	2026-09-07T03:30:59.8915114Z e: file:///home/runner/work/tvmime/tvmime/tvApp/src/main/java/com/tvmime/tv/sv_ui/screens/dashboard/DashboardViewModel.kt:600:51 Cannot infer a type for this parameter. Please specify it explicitly.
Compile TV & Mobile APKs	Build Android TV & Mobile APKs	2026-09-07T03:30:59.8917847Z e: file:///home/runner/work/tvmime/tvmime/tvApp/src/main/java/com/tvmime/tv/sv_ui/screens/dashboard/DashboardViewModel.kt:600:64 Cannot infer a type for this parameter. Please specify it explicitly.
Compile TV & Mobile APKs	Build Android TV & Mobile APKs	2026-09-07T03:30:59.8920536Z e: file:///home/runner/work/tvmime/tvmime/tvApp/src/main/java/com/tvmime/tv/sv_ui/screens/dashboard/DashboardViewModel.kt:600:77 Cannot infer a type for this parameter. Please specify it explicitly.
Compile TV & Mobile APKs	Build Android TV & Mobile APKs	2026-09-07T03:30:59.8923447Z e: file:///home/runner/work/tvmime/tvmime/tvApp/src/main/java/com/tvmime/tv/sv_ui/screens/dashboard/DashboardViewModel.kt:610:74 Cannot infer a type for this parameter. Please specify it explicitly.
Compile TV & Mobile APKs	Build Android TV & Mobile APKs	2026-09-07T03:30:59.8925894Z e: file:///home/runner/work/tvmime/tvmime/tvApp/src/main/java/com/tvmime/tv/sv_ui/screens/dashboard/DashboardViewModel.kt:610:83 Cannot infer a type for this parameter. Please specify it explicitly.
Compile TV & Mobile APKs	Build Android TV & Mobile APKs	2026-09-07T03:30:59.8928165Z e: file:///home/runner/work/tvmime/tvmime/tvApp/src/main/java/com/tvmime/tv/sv_ui/screens/dashboard/DashboardViewModel.kt:616:35 Unresolved reference: isRemoteVersionNewer
Compile TV & Mobile APKs	Build Android TV & Mobile APKs	2026-09-07T03:30:59.8930510Z e: file:///home/runner/work/tvmime/tvmime/tvApp/src/main/java/com/tvmime/tv/sv_ui/screens/dashboard/DashboardViewModel.kt:628:31 Unresolved reference: latestAppUpdateAction
Compile TV & Mobile APKs	Build Android TV & Mobile APKs	2026-09-07T03:30:59.8932910Z e: file:///home/runner/work/tvmime/tvmime/tvApp/src/main/java/com/tvmime/tv/sv_ui/screens/dashboard/DashboardViewModel.kt:764:35 Unresolved reference: setAppHomeDashboardShelves
Compile TV & Mobile APKs	Build Android TV & Mobile APKs	2026-09-07T03:30:59.8935097Z e: file:///home/runner/work/tvmime/tvmime/tvApp/src/main/java/com/tvmime/tv/sv_ui/screens/dashboard/DashboardViewModel.kt:772:35 Unresolved reference: setAppHomeDashboardShelves
Compile TV & Mobile APKs	Build Android TV & Mobile APKs	2026-09-07T03:30:59.8937499Z e: file:///home/runner/work/tvmime/tvmime/tvApp/src/main/java/com/tvmime/tv/sv_ui/screens/dashboard/DashboardViewModel.kt:783:20 One type argument expected. Use 'Success<*>' if you don't want to pass type arguments
Compile TV & Mobile APKs	Build Android TV & Mobile APKs	2026-09-07T03:30:59.8940054Z e: file:///home/runner/work/tvmime/tvmime/tvApp/src/main/java/com/tvmime/tv/sv_ui/screens/dashboard/DashboardViewModel.kt:874:22 Unresolved reference: AppUpdateActionState
Compile TV & Mobile APKs	Build Android TV & Mobile APKs	2026-09-07T03:30:59.8942022Z e: file:///home/runner/work/tvmime/tvmime/tvApp/src/main/java/com/tvmime/tv/sv_ui/screens/dashboard/DashboardViewModel.kt:877:32 Unresolved reference: AppUpdateActionState
Compile TV & Mobile APKs	Build Android TV & Mobile APKs	2026-09-07T03:30:59.8943996Z e: file:///home/runner/work/tvmime/tvmime/tvApp/src/main/java/com/tvmime/tv/sv_ui/screens/dashboard/DashboardViewModel.kt:880:32 Unresolved reference: AppUpdateActionState
Compile TV & Mobile APKs	Build Android TV & Mobile APKs	2026-09-07T03:30:59.8946158Z e: file:///home/runner/work/tvmime/tvmime/tvApp/src/main/java/com/tvmime/tv/sv_ui/screens/epg/EpgControlComponents.kt:59:28 Unresolved reference: device
Compile TV & Mobile APKs	Build Android TV & Mobile APKs	2026-09-07T03:30:59.8948350Z e: file:///home/runner/work/tvmime/tvmime/tvApp/src/main/java/com/tvmime/tv/sv_ui/screens/epg/EpgControlComponents.kt:224:30 Unresolved reference: rememberIsTelevisionDevice
Compile TV & Mobile APKs	Build Android TV & Mobile APKs	2026-09-07T03:30:59.8950908Z e: file:///home/runner/work/tvmime/tvmime/tvApp/src/main/java/com/tvmime/tv/sv_ui/screens/epg/EpgControlComponents.kt:227:25 Not enough information to infer type variable T
Compile TV & Mobile APKs	Build Android TV & Mobile APKs	2026-09-07T03:30:59.8953549Z e: file:///home/runner/work/tvmime/tvmime/tvApp/src/main/java/com/tvmime/tv/sv_ui/screens/epg/EpgControlComponents.kt:227:25 Property delegate must have a 'getValue(Nothing?, KProperty<*>)' method. None of the following functions is suitable: 
Compile TV & Mobile APKs	Build Android TV & Mobile APKs	2026-09-07T03:30:59.8955846Z public inline operator fun <T> State<???>.getValue(thisObj: Any?, property: KProperty<*>): ??? defined in androidx.compose.runtime
Compile TV & Mobile APKs	Build Android TV & Mobile APKs	2026-09-07T03:30:59.8957977Z e: file:///home/runner/work/tvmime/tvmime/tvApp/src/main/java/com/tvmime/tv/sv_ui/screens/epg/EpgControlComponents.kt:237:34 This foundation API is experimental and is likely to change or be removed in the future.
Compile TV & Mobile APKs	Build Android TV & Mobile APKs	2026-09-07T03:30:59.8961029Z e: file:///home/runner/work/tvmime/tvmime/tvApp/src/main/java/com/tvmime/tv/sv_ui/screens/epg/EpgControlComponents.kt:237:45 This foundation API is experimental and is likely to change or be removed in the future.
Compile TV & Mobile APKs	Build Android TV & Mobile APKs	2026-09-07T03:30:59.8963944Z e: file:///home/runner/work/tvmime/tvmime/tvApp/src/main/java/com/tvmime/tv/sv_ui/screens/epg/EpgControlComponents.kt:249:27 This foundation API is experimental and is likely to change or be removed in the future.
Compile TV & Mobile APKs	Build Android TV & Mobile APKs	2026-09-07T03:30:59.8966564Z e: file:///home/runner/work/tvmime/tvmime/tvApp/src/main/java/com/tvmime/tv/sv_ui/screens/epg/EpgControlComponents.kt:249:50 This foundation API is experimental and is likely to change or be removed in the future.
Compile TV & Mobile APKs	Build Android TV & Mobile APKs	2026-09-07T03:30:59.8969257Z e: file:///home/runner/work/tvmime/tvmime/tvApp/src/main/java/com/tvmime/tv/sv_ui/screens/epg/EpgControlComponents.kt:325:14 This foundation API is experimental and is likely to change or be removed in the future.
Compile TV & Mobile APKs	Build Android TV & Mobile APKs	2026-09-07T03:30:59.8972199Z e: file:///home/runner/work/tvmime/tvmime/tvApp/src/main/java/com/tvmime/tv/sv_ui/screens/epg/EpgControlComponents.kt:325:37 This foundation API is experimental and is likely to change or be removed in the future.
Compile TV & Mobile APKs	Build Android TV & Mobile APKs	2026-09-07T03:30:59.8974721Z e: file:///home/runner/work/tvmime/tvmime/tvApp/src/main/java/com/tvmime/tv/sv_ui/screens/epg/EpgControlComponents.kt:380:55 This API is experimental and is likely to change in the future.
Compile TV & Mobile APKs	Build Android TV & Mobile APKs	2026-09-07T03:30:59.8977239Z e: file:///home/runner/work/tvmime/tvmime/tvApp/src/main/java/com/tvmime/tv/sv_ui/screens/epg/EpgControlComponents.kt:381:56 This API is experimental and is likely to change in the future.
Compile TV & Mobile APKs	Build Android TV & Mobile APKs	2026-09-07T03:30:59.8979596Z e: file:///home/runner/work/tvmime/tvmime/tvApp/src/main/java/com/tvmime/tv/sv_ui/screens/epg/EpgGridComponents.kt:47:30 Conflicting import, imported name 'ClickableSurfaceDefaults' is ambiguous
Compile TV & Mobile APKs	Build Android TV & Mobile APKs	2026-09-07T03:30:59.8990155Z e: file:///home/runner/work/tvmime/tvmime/tvApp/src/main/java/com/tvmime/tv/sv_ui/screens/epg/EpgGridComponents.kt:50:30 Conflicting import, imported name 'ClickableSurfaceDefaults' is ambiguous
Compile TV & Mobile APKs	Build Android TV & Mobile APKs	2026-09-07T03:30:59.8992918Z e: file:///home/runner/work/tvmime/tvmime/tvApp/src/main/java/com/tvmime/tv/sv_ui/screens/epg/EpgGridComponents.kt:438:38 This foundation API is experimental and is likely to change or be removed in the future.
Compile TV & Mobile APKs	Build Android TV & Mobile APKs	2026-09-07T03:30:59.8995463Z e: file:///home/runner/work/tvmime/tvmime/tvApp/src/main/java/com/tvmime/tv/sv_ui/screens/epg/EpgGridComponents.kt:441:33 Cannot find a parameter with this name: repeatDelayMillis
Compile TV & Mobile APKs	Build Android TV & Mobile APKs	2026-09-07T03:30:59.8997935Z e: file:///home/runner/work/tvmime/tvmime/tvApp/src/main/java/com/tvmime/tv/sv_ui/screens/epg/EpgHeroComponents.kt:39:30 Conflicting import, imported name 'ClickableSurfaceDefaults' is ambiguous
Compile TV & Mobile APKs	Build Android TV & Mobile APKs	2026-09-07T03:30:59.9000831Z e: file:///home/runner/work/tvmime/tvmime/tvApp/src/main/java/com/tvmime/tv/sv_ui/screens/epg/EpgHeroComponents.kt:42:30 Conflicting import, imported name 'ClickableSurfaceDefaults' is ambiguous
Compile TV & Mobile APKs	Build Android TV & Mobile APKs	2026-09-07T03:30:59.9003709Z e: file:///home/runner/work/tvmime/tvmime/tvApp/src/main/java/com/tvmime/tv/sv_ui/screens/epg/EpgHeroComponents.kt:161:18 Type mismatch: inferred type is ClickableSurfaceColors but NonInteractiveSurfaceColors was expected
Compile TV & Mobile APKs	Build Android TV & Mobile APKs	2026-09-07T03:30:59.9006786Z e: file:///home/runner/work/tvmime/tvmime/tvApp/src/main/java/com/tvmime/tv/sv_ui/screens/epg/EpgHeroComponents.kt:296:18 Type mismatch: inferred type is ClickableSurfaceColors but NonInteractiveSurfaceColors was expected
Compile TV & Mobile APKs	Build Android TV & Mobile APKs	2026-09-07T03:30:59.9040342Z e: file:///home/runner/work/tvmime/tvmime/tvApp/src/main/java/com/tvmime/tv/sv_ui/screens/epg/EpgHeroComponents.kt:328:18 Type mismatch: inferred type is ClickableSurfaceColors but NonInteractiveSurfaceColors was expected
Compile TV & Mobile APKs	Build Android TV & Mobile APKs	2026-09-07T03:30:59.9042834Z e: file:///home/runner/work/tvmime/tvmime/tvApp/src/main/java/com/tvmime/tv/sv_ui/screens/epg/EpgScreen.kt:81:17 Unresolved reference: hilt
Compile TV & Mobile APKs	Build Android TV & Mobile APKs	2026-09-07T03:30:59.9044971Z e: file:///home/runner/work/tvmime/tvmime/tvApp/src/main/java/com/tvmime/tv/sv_ui/screens/epg/EpgScreen.kt:88:30 Conflicting import, imported name 'ClickableSurfaceDefaults' is ambiguous
Compile TV & Mobile APKs	Build Android TV & Mobile APKs	2026-09-07T03:30:59.9054842Z e: file:///home/runner/work/tvmime/tvmime/tvApp/src/main/java/com/tvmime/tv/sv_ui/screens/epg/EpgScreen.kt:91:30 Conflicting import, imported name 'ClickableSurfaceDefaults' is ambiguous
Compile TV & Mobile APKs	Build Android TV & Mobile APKs	2026-09-07T03:30:59.9057458Z e: file:///home/runner/work/tvmime/tvmime/tvApp/src/main/java/com/tvmime/tv/sv_ui/screens/epg/EpgScreen.kt:94:28 Unresolved reference: device
Compile TV & Mobile APKs	Build Android TV & Mobile APKs	2026-09-07T03:30:59.9059364Z e: file:///home/runner/work/tvmime/tvmime/tvApp/src/main/java/com/tvmime/tv/sv_ui/screens/epg/EpgScreen.kt:96:28 Unresolved reference: navigation
Compile TV & Mobile APKs	Build Android TV & Mobile APKs	2026-09-07T03:30:59.9061583Z e: file:///home/runner/work/tvmime/tvmime/tvApp/src/main/java/com/tvmime/tv/sv_ui/screens/epg/EpgScreen.kt:148:31 Unresolved reference: hiltViewModel
Compile TV & Mobile APKs	Build Android TV & Mobile APKs	2026-09-07T03:30:59.9063511Z e: file:///home/runner/work/tvmime/tvmime/tvApp/src/main/java/com/tvmime/tv/sv_ui/screens/epg/EpgScreen.kt:176:9 Unresolved reference: Routes
Compile TV & Mobile APKs	Build Android TV & Mobile APKs	2026-09-07T03:30:59.9065882Z e: file:///home/runner/work/tvmime/tvmime/tvApp/src/main/java/com/tvmime/tv/sv_ui/screens/epg/EpgScreen.kt:793:18 Type mismatch: inferred type is ClickableSurfaceColors but NonInteractiveSurfaceColors was expected
Compile TV & Mobile APKs	Build Android TV & Mobile APKs	2026-09-07T03:30:59.9068750Z e: file:///home/runner/work/tvmime/tvmime/tvApp/src/main/java/com/tvmime/tv/sv_ui/screens/epg/EpgScreen.kt:835:18 Type mismatch: inferred type is ClickableSurfaceColors but NonInteractiveSurfaceColors was expected
Compile TV & Mobile APKs	Build Android TV & Mobile APKs	2026-09-07T03:30:59.9092065Z e: file:///home/runner/work/tvmime/tvmime/tvApp/src/main/java/com/tvmime/tv/sv_ui/screens/epg/EpgScreenDialogs.kt:47:30 Conflicting import, imported name 'ClickableSurfaceDefaults' is ambiguous
Compile TV & Mobile APKs	Build Android TV & Mobile APKs	2026-09-07T03:30:59.9094452Z e: file:///home/runner/work/tvmime/tvmime/tvApp/src/main/java/com/tvmime/tv/sv_ui/screens/epg/EpgScreenDialogs.kt:50:30 Conflicting import, imported name 'ClickableSurfaceDefaults' is ambiguous
Compile TV & Mobile APKs	Build Android TV & Mobile APKs	2026-09-07T03:30:59.9097033Z e: file:///home/runner/work/tvmime/tvmime/tvApp/src/main/java/com/tvmime/tv/sv_ui/screens/epg/EpgScreenDialogs.kt:138:22 Type mismatch: inferred type is ClickableSurfaceColors but NonInteractiveSurfaceColors was expected
Compile TV & Mobile APKs	Build Android TV & Mobile APKs	2026-09-07T03:30:59.9100019Z e: file:///home/runner/work/tvmime/tvmime/tvApp/src/main/java/com/tvmime/tv/sv_ui/screens/epg/EpgScreenDialogs.kt:215:22 Type mismatch: inferred type is ClickableSurfaceColors but NonInteractiveSurfaceColors was expected
Compile TV & Mobile APKs	Build Android TV & Mobile APKs	2026-09-07T03:30:59.9102948Z e: file:///home/runner/work/tvmime/tvmime/tvApp/src/main/java/com/tvmime/tv/sv_ui/screens/epg/EpgScreenDialogs.kt:327:22 Type mismatch: inferred type is ClickableSurfaceColors but NonInteractiveSurfaceColors was expected
Compile TV & Mobile APKs	Build Android TV & Mobile APKs	2026-09-07T03:30:59.9105853Z e: file:///home/runner/work/tvmime/tvmime/tvApp/src/main/java/com/tvmime/tv/sv_ui/screens/epg/EpgScreenDialogs.kt:524:22 Type mismatch: inferred type is ClickableSurfaceColors but NonInteractiveSurfaceColors was expected
Compile TV & Mobile APKs	Build Android TV & Mobile APKs	2026-09-07T03:30:59.9108774Z e: file:///home/runner/work/tvmime/tvmime/tvApp/src/main/java/com/tvmime/tv/sv_ui/screens/epg/EpgScreenDialogs.kt:727:22 Type mismatch: inferred type is ClickableSurfaceColors but NonInteractiveSurfaceColors was expected
Compile TV & Mobile APKs	Build Android TV & Mobile APKs	2026-09-07T03:30:59.9140759Z e: file:///home/runner/work/tvmime/tvmime/tvApp/src/main/java/com/tvmime/tv/sv_ui/screens/epg/EpgViewModel.kt:41:8 Unresolved reference: dagger
Compile TV & Mobile APKs	Build Android TV & Mobile APKs	2026-09-07T03:30:59.9142589Z e: file:///home/runner/work/tvmime/tvmime/tvApp/src/main/java/com/tvmime/tv/sv_ui/screens/epg/EpgViewModel.kt:66:14 Unresolved reference: inject
Compile TV & Mobile APKs	Build Android TV & Mobile APKs	2026-09-07T03:30:59.9144239Z e: file:///home/runner/work/tvmime/tvmime/tvApp/src/main/java/com/tvmime/tv/sv_ui/screens/epg/EpgViewModel.kt:69:28 Unresolved reference: di
Compile TV & Mobile APKs	Build Android TV & Mobile APKs	2026-09-07T03:30:59.9145911Z e: file:///home/runner/work/tvmime/tvmime/tvApp/src/main/java/com/tvmime/tv/sv_ui/screens/epg/EpgViewModel.kt:70:28 Unresolved reference: player
Compile TV & Mobile APKs	Build Android TV & Mobile APKs	2026-09-07T03:30:59.9147550Z e: file:///home/runner/work/tvmime/tvmime/tvApp/src/main/java/com/tvmime/tv/sv_ui/screens/epg/EpgViewModel.kt:71:28 Unresolved reference: player
Compile TV & Mobile APKs	Build Android TV & Mobile APKs	2026-09-07T03:30:59.9149334Z e: file:///home/runner/work/tvmime/tvmime/tvApp/src/main/java/com/tvmime/tv/sv_ui/screens/epg/EpgViewModel.kt:75:14 Unresolved reference: inject
Compile TV & Mobile APKs	Build Android TV & Mobile APKs	2026-09-07T03:30:59.9151329Z e: file:///home/runner/work/tvmime/tvmime/tvApp/src/main/java/com/tvmime/tv/sv_ui/screens/epg/EpgViewModel.kt:269:2 Unresolved reference: HiltViewModel
Compile TV & Mobile APKs	Build Android TV & Mobile APKs	2026-09-07T03:30:59.9153705Z e: file:///home/runner/work/tvmime/tvmime/tvApp/src/main/java/com/tvmime/tv/sv_ui/screens/epg/EpgViewModel.kt:271:21 Unresolved reference: Inject
Compile TV & Mobile APKs	Build Android TV & Mobile APKs	2026-09-07T03:30:59.9155569Z e: file:///home/runner/work/tvmime/tvmime/tvApp/src/main/java/com/tvmime/tv/sv_ui/screens/epg/EpgViewModel.kt:284:12 Unresolved reference: AuxiliaryPlayerEngine
Compile TV & Mobile APKs	Build Android TV & Mobile APKs	2026-09-07T03:30:59.9157569Z e: file:///home/runner/work/tvmime/tvmime/tvApp/src/main/java/com/tvmime/tv/sv_ui/screens/epg/EpgViewModel.kt:284:68 Unresolved reference: InjectProvider
Compile TV & Mobile APKs	Build Android TV & Mobile APKs	2026-09-07T03:30:59.9159570Z e: file:///home/runner/work/tvmime/tvmime/tvApp/src/main/java/com/tvmime/tv/sv_ui/screens/epg/EpgViewModel.kt:286:44 Unresolved reference: LivePreviewHandoffManager
Compile TV & Mobile APKs	Build Android TV & Mobile APKs	2026-09-07T03:30:59.9161993Z e: file:///home/runner/work/tvmime/tvmime/tvApp/src/main/java/com/tvmime/tv/sv_ui/screens/epg/EpgViewModel.kt:339:68 Cannot infer a type for this parameter. Please specify it explicitly.
Compile TV & Mobile APKs	Build Android TV & Mobile APKs	2026-09-07T03:30:59.9164652Z e: file:///home/runner/work/tvmime/tvmime/tvApp/src/main/java/com/tvmime/tv/sv_ui/screens/epg/EpgViewModel.kt:340:58 Unresolved reference: PreviewHandoffSource
Compile TV & Mobile APKs	Build Android TV & Mobile APKs	2026-09-07T03:30:59.9166700Z e: file:///home/runner/work/tvmime/tvmime/tvApp/src/main/java/com/tvmime/tv/sv_ui/screens/epg/EpgViewModel.kt:349:36 Unresolved reference: observeUpcomingReminders
Compile TV & Mobile APKs	Build Android TV & Mobile APKs	2026-09-07T03:30:59.9169110Z e: file:///home/runner/work/tvmime/tvmime/tvApp/src/main/java/com/tvmime/tv/sv_ui/screens/epg/EpgViewModel.kt:352:34 Cannot infer a type for this parameter. Please specify it explicitly.
Compile TV & Mobile APKs	Build Android TV & Mobile APKs	2026-09-07T03:30:59.9202482Z e: file:///home/runner/work/tvmime/tvmime/tvApp/src/main/java/com/tvmime/tv/sv_ui/screens/epg/EpgViewModel.kt:382:31 Unresolved reference: verifyParentalPin
Compile TV & Mobile APKs	Build Android TV & Mobile APKs	2026-09-07T03:30:59.9204312Z e: file:///home/runner/work/tvmime/tvmime/tvApp/src/main/java/com/tvmime/tv/sv_ui/screens/epg/EpgViewModel.kt:387:101 Unresolved reference: it
Compile TV & Mobile APKs	Build Android TV & Mobile APKs	2026-09-07T03:30:59.9206273Z e: file:///home/runner/work/tvmime/tvmime/tvApp/src/main/java/com/tvmime/tv/sv_ui/screens/epg/EpgViewModel.kt:431:46 'when' expression must be exhaustive, add necessary 'else' branch
Compile TV & Mobile APKs	Build Android TV & Mobile APKs	2026-09-07T03:30:59.9208399Z e: file:///home/runner/work/tvmime/tvmime/tvApp/src/main/java/com/tvmime/tv/sv_ui/screens/epg/EpgViewModel.kt:431:74 Unresolved reference: preparePlaybackStreamInfo
Compile TV & Mobile APKs	Build Android TV & Mobile APKs	2026-09-07T03:30:59.9210809Z e: file:///home/runner/work/tvmime/tvmime/tvApp/src/main/java/com/tvmime/tv/sv_ui/screens/epg/EpgViewModel.kt:432:28 One type argument expected. Use 'Success<*>' if you don't want to pass type arguments
Compile TV & Mobile APKs	Build Android TV & Mobile APKs	2026-09-07T03:30:59.9213559Z e: file:///home/runner/work/tvmime/tvmime/tvApp/src/main/java/com/tvmime/tv/sv_ui/screens/epg/EpgViewModel.kt:445:59 Unresolved reference: playerAudioDecoderMode
Compile TV & Mobile APKs	Build Android TV & Mobile APKs	2026-09-07T03:30:59.9215542Z e: file:///home/runner/work/tvmime/tvmime/tvApp/src/main/java/com/tvmime/tv/sv_ui/screens/epg/EpgViewModel.kt:457:34 Unresolved reference: PreviewHandoffSource
Compile TV & Mobile APKs	Build Android TV & Mobile APKs	2026-09-07T03:30:59.9217513Z e: file:///home/runner/work/tvmime/tvmime/tvApp/src/main/java/com/tvmime/tv/sv_ui/screens/epg/EpgViewModel.kt:492:71 Unresolved reference: PreviewHandoffSource
Compile TV & Mobile APKs	Build Android TV & Mobile APKs	2026-09-07T03:30:59.9219387Z e: file:///home/runner/work/tvmime/tvmime/tvApp/src/main/java/com/tvmime/tv/sv_ui/screens/epg/EpgViewModel.kt:493:30 Unresolved reference: engine
Compile TV & Mobile APKs	Build Android TV & Mobile APKs	2026-09-07T03:30:59.9221398Z e: file:///home/runner/work/tvmime/tvmime/tvApp/src/main/java/com/tvmime/tv/sv_ui/screens/epg/EpgViewModel.kt:509:33 Unresolved reference: channelId
Compile TV & Mobile APKs	Build Android TV & Mobile APKs	2026-09-07T03:30:59.9223258Z e: file:///home/runner/work/tvmime/tvmime/tvApp/src/main/java/com/tvmime/tv/sv_ui/screens/epg/EpgViewModel.kt:510:34 Unresolved reference: providerId
Compile TV & Mobile APKs	Build Android TV & Mobile APKs	2026-09-07T03:30:59.9225134Z e: file:///home/runner/work/tvmime/tvmime/tvApp/src/main/java/com/tvmime/tv/sv_ui/screens/epg/EpgViewModel.kt:511:34 Unresolved reference: streamInfo
Compile TV & Mobile APKs	Build Android TV & Mobile APKs	2026-09-07T03:30:59.9227063Z e: file:///home/runner/work/tvmime/tvmime/tvApp/src/main/java/com/tvmime/tv/sv_ui/screens/epg/EpgViewModel.kt:513:22 Unresolved reference: PreviewHandoffSource
Compile TV & Mobile APKs	Build Android TV & Mobile APKs	2026-09-07T03:30:59.9229323Z e: file:///home/runner/work/tvmime/tvmime/tvApp/src/main/java/com/tvmime/tv/sv_ui/screens/epg/EpgViewModel.kt:517:44 Unresolved reference: channelId
Compile TV & Mobile APKs	Build Android TV & Mobile APKs	2026-09-07T03:30:59.9260818Z e: file:///home/runner/work/tvmime/tvmime/tvApp/src/main/java/com/tvmime/tv/sv_ui/screens/epg/EpgViewModel.kt:524:50 Cannot infer a type for this parameter. Please specify it explicitly.
Compile TV & Mobile APKs	Build Android TV & Mobile APKs	2026-09-07T03:30:59.9262930Z e: file:///home/runner/work/tvmime/tvmime/tvApp/src/main/java/com/tvmime/tv/sv_ui/screens/epg/EpgViewModel.kt:525:62 Unresolved reference: channelId
Compile TV & Mobile APKs	Build Android TV & Mobile APKs	2026-09-07T03:30:59.9264824Z e: file:///home/runner/work/tvmime/tvmime/tvApp/src/main/java/com/tvmime/tv/sv_ui/screens/epg/EpgViewModel.kt:735:52 Unresolved reference: isReminderScheduled
Compile TV & Mobile APKs	Build Android TV & Mobile APKs	2026-09-07T03:30:59.9266717Z e: file:///home/runner/work/tvmime/tvmime/tvApp/src/main/java/com/tvmime/tv/sv_ui/screens/epg/EpgViewModel.kt:770:40 Unresolved reference: cancelReminder
Compile TV & Mobile APKs	Build Android TV & Mobile APKs	2026-09-07T03:30:59.9268589Z e: file:///home/runner/work/tvmime/tvmime/tvApp/src/main/java/com/tvmime/tv/sv_ui/screens/epg/EpgViewModel.kt:777:40 Unresolved reference: scheduleReminder
Compile TV & Mobile APKs	Build Android TV & Mobile APKs	2026-09-07T03:30:59.9270800Z e: file:///home/runner/work/tvmime/tvmime/tvApp/src/main/java/com/tvmime/tv/sv_ui/screens/epg/EpgViewModel.kt:875:36 Unresolved reference: restoreScheduledReminders
Compile TV & Mobile APKs	Build Android TV & Mobile APKs	2026-09-07T03:30:59.9273159Z e: file:///home/runner/work/tvmime/tvmime/tvApp/src/main/java/com/tvmime/tv/sv_ui/screens/epg/EpgViewModel.kt:980:35 Unresolved reference: setGuideScheduledOnly
Compile TV & Mobile APKs	Build Android TV & Mobile APKs	2026-09-07T03:30:59.9275152Z e: file:///home/runner/work/tvmime/tvmime/tvApp/src/main/java/com/tvmime/tv/sv_ui/screens/epg/EpgViewModel.kt:987:35 Unresolved reference: setGuideChannelMode
Compile TV & Mobile APKs	Build Android TV & Mobile APKs	2026-09-07T03:30:59.9277120Z e: file:///home/runner/work/tvmime/tvmime/tvApp/src/main/java/com/tvmime/tv/sv_ui/screens/epg/EpgViewModel.kt:994:35 Unresolved reference: setGuideDensity
Compile TV & Mobile APKs	Build Android TV & Mobile APKs	2026-09-07T03:30:59.9279087Z e: file:///home/runner/work/tvmime/tvmime/tvApp/src/main/java/com/tvmime/tv/sv_ui/screens/epg/EpgViewModel.kt:1002:35 Unresolved reference: setGuideFavoritesOnly
Compile TV & Mobile APKs	Build Android TV & Mobile APKs	2026-09-07T03:30:59.9351722Z e: file:///home/runner/work/tvmime/tvmime/tvApp/src/main/java/com/tvmime/tv/sv_ui/screens/epg/EpgViewModel.kt:1078:9 Not enough information to infer type variable T4
Compile TV & Mobile APKs	Build Android TV & Mobile APKs	2026-09-07T03:30:59.9353821Z e: file:///home/runner/work/tvmime/tvmime/tvApp/src/main/java/com/tvmime/tv/sv_ui/screens/epg/EpgViewModel.kt:1082:35 Unresolved reference: getCategorySortMode
Compile TV & Mobile APKs	Build Android TV & Mobile APKs	2026-09-07T03:30:59.9355944Z e: file:///home/runner/work/tvmime/tvmime/tvApp/src/main/java/com/tvmime/tv/sv_ui/screens/epg/EpgViewModel.kt:1083:70 Cannot infer a type for this parameter. Please specify it explicitly.
Compile TV & Mobile APKs	Build Android TV & Mobile APKs	2026-09-07T03:30:59.9358206Z e: file:///home/runner/work/tvmime/tvmime/tvApp/src/main/java/com/tvmime/tv/sv_ui/screens/epg/EpgViewModel.kt:1087:37 Type mismatch: inferred type is Set<String> but Set<Long> was expected
Compile TV & Mobile APKs	Build Android TV & Mobile APKs	2026-09-07T03:30:59.9360533Z e: file:///home/runner/work/tvmime/tvmime/tvApp/src/main/java/com/tvmime/tv/sv_ui/screens/epg/EpgViewModel.kt:1090:41 Unresolved reference: showAllChannelsCategory
Compile TV & Mobile APKs	Build Android TV & Mobile APKs	2026-09-07T03:30:59.9362743Z e: file:///home/runner/work/tvmime/tvmime/tvApp/src/main/java/com/tvmime/tv/sv_ui/screens/epg/EpgViewModel.kt:1090:68 Cannot infer a type for this parameter. Please specify it explicitly.
Compile TV & Mobile APKs	Build Android TV & Mobile APKs	2026-09-07T03:30:59.9365125Z e: file:///home/runner/work/tvmime/tvmime/tvApp/src/main/java/com/tvmime/tv/sv_ui/screens/epg/EpgViewModel.kt:1090:74 Cannot infer a type for this parameter. Please specify it explicitly.
Compile TV & Mobile APKs	Build Android TV & Mobile APKs	2026-09-07T03:30:59.9367474Z e: file:///home/runner/work/tvmime/tvmime/tvApp/src/main/java/com/tvmime/tv/sv_ui/screens/epg/EpgViewModel.kt:1106:17 Cannot infer a type for this parameter. Please specify it explicitly.
Compile TV & Mobile APKs	Build Android TV & Mobile APKs	2026-09-07T03:30:59.9370210Z e: file:///home/runner/work/tvmime/tvmime/tvApp/src/main/java/com/tvmime/tv/sv_ui/screens/epg/EpgViewModel.kt:1106:31 Cannot infer a type for this parameter. Please specify it explicitly.
Compile TV & Mobile APKs	Build Android TV & Mobile APKs	2026-09-07T03:30:59.9372348Z e: file:///home/runner/work/tvmime/tvmime/tvApp/src/main/java/com/tvmime/tv/sv_ui/screens/epg/EpgViewModel.kt:1108:75 Unresolved reference: it
Compile TV & Mobile APKs	Build Android TV & Mobile APKs	2026-09-07T03:30:59.9374936Z e: file:///home/runner/work/tvmime/tvmime/tvApp/src/main/java/com/tvmime/tv/sv_ui/screens/epg/EpgViewModel.kt:1134:31 Cannot infer a type for this parameter. Please specify it explicitly.
Compile TV & Mobile APKs	Build Android TV & Mobile APKs	2026-09-07T03:30:59.9377286Z e: file:///home/runner/work/tvmime/tvmime/tvApp/src/main/java/com/tvmime/tv/sv_ui/screens/epg/EpgViewModel.kt:1163:19 Suspension functions can be called only within coroutine body
Compile TV & Mobile APKs	Build Android TV & Mobile APKs	2026-09-07T03:30:59.9379541Z e: file:///home/runner/work/tvmime/tvmime/tvApp/src/main/java/com/tvmime/tv/sv_ui/screens/epg/EpgViewModel.kt:1216:11 Not enough information to infer type variable T2
Compile TV & Mobile APKs	Build Android TV & Mobile APKs	2026-09-07T03:30:59.9411990Z e: file:///home/runner/work/tvmime/tvmime/tvApp/src/main/java/com/tvmime/tv/sv_ui/screens/epg/EpgViewModel.kt:1216:41 Unresolved reference: showAllChannelsCategory
Compile TV & Mobile APKs	Build Android TV & Mobile APKs	2026-09-07T03:30:59.9414183Z e: file:///home/runner/work/tvmime/tvmime/tvApp/src/main/java/com/tvmime/tv/sv_ui/screens/epg/EpgViewModel.kt:1216:74 Cannot infer a type for this parameter. Please specify it explicitly.
Compile TV & Mobile APKs	Build Android TV & Mobile APKs	2026-09-07T03:30:59.9416474Z e: file:///home/runner/work/tvmime/tvmime/tvApp/src/main/java/com/tvmime/tv/sv_ui/screens/epg/EpgViewModel.kt:1242:27 Cannot infer a type for this parameter. Please specify it explicitly.
Compile TV & Mobile APKs	Build Android TV & Mobile APKs	2026-09-07T03:30:59.9419006Z e: file:///home/runner/work/tvmime/tvmime/tvApp/src/main/java/com/tvmime/tv/sv_ui/screens/epg/EpgViewModel.kt:1246:49 Suspension functions can be called only within coroutine body
Compile TV & Mobile APKs	Build Android TV & Mobile APKs	2026-09-07T03:30:59.9421828Z e: file:///home/runner/work/tvmime/tvmime/tvApp/src/main/java/com/tvmime/tv/sv_ui/screens/epg/EpgViewModel.kt:1277:15 Suspension functions can be called only within coroutine body
Compile TV & Mobile APKs	Build Android TV & Mobile APKs	2026-09-07T03:30:59.9424062Z e: file:///home/runner/work/tvmime/tvmime/tvApp/src/main/java/com/tvmime/tv/sv_ui/screens/epg/EpgViewModel.kt:1358:34 Not enough information to infer type variable T2
Compile TV & Mobile APKs	Build Android TV & Mobile APKs	2026-09-07T03:30:59.9426108Z e: file:///home/runner/work/tvmime/tvmime/tvApp/src/main/java/com/tvmime/tv/sv_ui/screens/epg/EpgViewModel.kt:1358:64 Unresolved reference: parentalControlLevel
Compile TV & Mobile APKs	Build Android TV & Mobile APKs	2026-09-07T03:30:59.9428299Z e: file:///home/runner/work/tvmime/tvmime/tvApp/src/main/java/com/tvmime/tv/sv_ui/screens/epg/EpgViewModel.kt:1358:99 Cannot infer a type for this parameter. Please specify it explicitly.
Compile TV & Mobile APKs	Build Android TV & Mobile APKs	2026-09-07T03:30:59.9430825Z e: file:///home/runner/work/tvmime/tvmime/tvApp/src/main/java/com/tvmime/tv/sv_ui/screens/epg/EpgViewModel.kt:1515:35 Unresolved reference: guideDensity
Compile TV & Mobile APKs	Build Android TV & Mobile APKs	2026-09-07T03:30:59.9433013Z e: file:///home/runner/work/tvmime/tvmime/tvApp/src/main/java/com/tvmime/tv/sv_ui/screens/epg/EpgViewModel.kt:1516:25 Cannot infer a type for this parameter. Please specify it explicitly.
Compile TV & Mobile APKs	Build Android TV & Mobile APKs	2026-09-07T03:30:59.9435174Z e: file:///home/runner/work/tvmime/tvmime/tvApp/src/main/java/com/tvmime/tv/sv_ui/screens/epg/EpgViewModel.kt:1521:35 Unresolved reference: guideChannelMode
Compile TV & Mobile APKs	Build Android TV & Mobile APKs	2026-09-07T03:30:59.9437299Z e: file:///home/runner/work/tvmime/tvmime/tvApp/src/main/java/com/tvmime/tv/sv_ui/screens/epg/EpgViewModel.kt:1522:25 Cannot infer a type for this parameter. Please specify it explicitly.
Compile TV & Mobile APKs	Build Android TV & Mobile APKs	2026-09-07T03:30:59.9439448Z e: file:///home/runner/work/tvmime/tvmime/tvApp/src/main/java/com/tvmime/tv/sv_ui/screens/epg/EpgViewModel.kt:1527:61 Unresolved reference: guideDefaultCategoryId
Compile TV & Mobile APKs	Build Android TV & Mobile APKs	2026-09-07T03:30:59.9471869Z e: file:///home/runner/work/tvmime/tvmime/tvApp/src/main/java/com/tvmime/tv/sv_ui/screens/epg/EpgViewModel.kt:1528:61 Unresolved reference: guideFavoritesOnly
Compile TV & Mobile APKs	Build Android TV & Mobile APKs	2026-09-07T03:30:59.9473818Z e: file:///home/runner/work/tvmime/tvmime/tvApp/src/main/java/com/tvmime/tv/sv_ui/screens/epg/EpgViewModel.kt:1529:61 Unresolved reference: guideScheduledOnly
Compile TV & Mobile APKs	Build Android TV & Mobile APKs	2026-09-07T03:30:59.9475796Z e: file:///home/runner/work/tvmime/tvmime/tvApp/src/main/java/com/tvmime/tv/sv_ui/screens/epg/EpgViewModel.kt:1530:35 Unresolved reference: guideAnchorTime
Compile TV & Mobile APKs	Build Android TV & Mobile APKs	2026-09-07T03:30:59.9477698Z e: file:///home/runner/work/tvmime/tvmime/tvApp/src/main/java/com/tvmime/tv/sv_ui/screens/epg/EpgViewModel.kt:1531:28 Unresolved reference: it
Compile TV & Mobile APKs	Build Android TV & Mobile APKs	2026-09-07T03:30:59.9479663Z e: file:///home/runner/work/tvmime/tvmime/tvApp/src/main/java/com/tvmime/tv/sv_ui/screens/epg/EpgViewModel.kt:1532:49 Unresolved reference: it
Compile TV & Mobile APKs	Build Android TV & Mobile APKs	2026-09-07T03:30:59.9482382Z e: file:///home/runner/work/tvmime/tvmime/tvApp/src/main/java/com/tvmime/tv/sv_ui/screens/epg/EpgViewModel.kt:1573:35 Unresolved reference: setGuideAnchorTime
Compile TV & Mobile APKs	Build Android TV & Mobile APKs	2026-09-07T03:30:59.9484382Z e: file:///home/runner/work/tvmime/tvmime/tvApp/src/main/java/com/tvmime/tv/sv_ui/screens/favorites/FavoritesScreen.kt:50:17 Unresolved reference: hilt
Compile TV & Mobile APKs	Build Android TV & Mobile APKs	2026-09-07T03:30:59.9486602Z e: file:///home/runner/work/tvmime/tvmime/tvApp/src/main/java/com/tvmime/tv/sv_ui/screens/favorites/FavoritesScreen.kt:52:30 Conflicting import, imported name 'ClickableSurfaceDefaults' is ambiguous
Compile TV & Mobile APKs	Build Android TV & Mobile APKs	2026-09-07T03:30:59.9489128Z e: file:///home/runner/work/tvmime/tvmime/tvApp/src/main/java/com/tvmime/tv/sv_ui/screens/favorites/FavoritesScreen.kt:55:30 Conflicting import, imported name 'ClickableSurfaceDefaults' is ambiguous
Compile TV & Mobile APKs	Build Android TV & Mobile APKs	2026-09-07T03:30:59.9491616Z e: file:///home/runner/work/tvmime/tvmime/tvApp/src/main/java/com/tvmime/tv/sv_ui/screens/favorites/FavoritesScreen.kt:88:37 Unresolved reference: hiltViewModel
Compile TV & Mobile APKs	Build Android TV & Mobile APKs	2026-09-07T03:30:59.9494084Z e: file:///home/runner/work/tvmime/tvmime/tvApp/src/main/java/com/tvmime/tv/sv_ui/screens/favorites/FavoritesScreen.kt:697:18 Type mismatch: inferred type is ClickableSurfaceColors but NonInteractiveSurfaceColors was expected
Compile TV & Mobile APKs	Build Android TV & Mobile APKs	2026-09-07T03:30:59.9497342Z e: file:///home/runner/work/tvmime/tvmime/tvApp/src/main/java/com/tvmime/tv/sv_ui/screens/favorites/FavoritesScreen.kt:746:18 Type mismatch: inferred type is ClickableSurfaceColors but NonInteractiveSurfaceColors was expected
Compile TV & Mobile APKs	Build Android TV & Mobile APKs	2026-09-07T03:30:59.9521588Z e: file:///home/runner/work/tvmime/tvmime/tvApp/src/main/java/com/tvmime/tv/sv_ui/screens/favorites/FavoritesViewModel.kt:26:8 Unresolved reference: dagger
Compile TV & Mobile APKs	Build Android TV & Mobile APKs	2026-09-07T03:30:59.9523700Z e: file:///home/runner/work/tvmime/tvmime/tvApp/src/main/java/com/tvmime/tv/sv_ui/screens/favorites/FavoritesViewModel.kt:27:8 Unresolved reference: dagger
Compile TV & Mobile APKs	Build Android TV & Mobile APKs	2026-09-07T03:30:59.9525660Z e: file:///home/runner/work/tvmime/tvmime/tvApp/src/main/java/com/tvmime/tv/sv_ui/screens/favorites/FavoritesViewModel.kt:41:14 Unresolved reference: inject
Compile TV & Mobile APKs	Build Android TV & Mobile APKs	2026-09-07T03:30:59.9527660Z e: file:///home/runner/work/tvmime/tvmime/tvApp/src/main/java/com/tvmime/tv/sv_ui/screens/favorites/FavoritesViewModel.kt:127:2 Unresolved reference: HiltViewModel
Compile TV & Mobile APKs	Build Android TV & Mobile APKs	2026-09-07T03:30:59.9529648Z e: file:///home/runner/work/tvmime/tvmime/tvApp/src/main/java/com/tvmime/tv/sv_ui/screens/favorites/FavoritesViewModel.kt:129:27 Unresolved reference: Inject
Compile TV & Mobile APKs	Build Android TV & Mobile APKs	2026-09-07T03:30:59.9531909Z e: file:///home/runner/work/tvmime/tvmime/tvApp/src/main/java/com/tvmime/tv/sv_ui/screens/favorites/FavoritesViewModel.kt:130:6 Unresolved reference: ApplicationContext
Compile TV & Mobile APKs	Build Android TV & Mobile APKs	2026-09-07T03:30:59.9534102Z e: file:///home/runner/work/tvmime/tvmime/tvApp/src/main/java/com/tvmime/tv/sv_ui/screens/favorites/FavoritesViewModel.kt:172:55 Not enough information to infer type variable R
Compile TV & Mobile APKs	Build Android TV & Mobile APKs	2026-09-07T03:30:59.9536250Z e: file:///home/runner/work/tvmime/tvmime/tvApp/src/main/java/com/tvmime/tv/sv_ui/screens/favorites/FavoritesViewModel.kt:173:13 Not enough information to infer type variable T3
Compile TV & Mobile APKs	Build Android TV & Mobile APKs	2026-09-07T03:30:59.9538421Z e: file:///home/runner/work/tvmime/tvmime/tvApp/src/main/java/com/tvmime/tv/sv_ui/screens/favorites/FavoritesViewModel.kt:176:39 Unresolved reference: promotedLiveGroupIds
Compile TV & Mobile APKs	Build Android TV & Mobile APKs	2026-09-07T03:30:59.9540882Z e: file:///home/runner/work/tvmime/tvmime/tvApp/src/main/java/com/tvmime/tv/sv_ui/screens/favorites/FavoritesViewModel.kt:177:41 Cannot infer a type for this parameter. Please specify it explicitly.
Compile TV & Mobile APKs	Build Android TV & Mobile APKs	2026-09-07T03:30:59.9543215Z e: file:///home/runner/work/tvmime/tvmime/tvApp/src/main/java/com/tvmime/tv/sv_ui/screens/favorites/FavoritesViewModel.kt:218:35 Not enough information to infer type variable T1
Compile TV & Mobile APKs	Build Android TV & Mobile APKs	2026-09-07T03:30:59.9545674Z e: file:///home/runner/work/tvmime/tvmime/tvApp/src/main/java/com/tvmime/tv/sv_ui/screens/favorites/FavoritesViewModel.kt:222:13 Cannot infer a type for this parameter. Please specify it explicitly.
Compile TV & Mobile APKs	Build Android TV & Mobile APKs	2026-09-07T03:30:59.9548079Z e: file:///home/runner/work/tvmime/tvmime/tvApp/src/main/java/com/tvmime/tv/sv_ui/screens/favorites/FavoritesViewModel.kt:276:13 Not enough information to infer type variable T3
Compile TV & Mobile APKs	Build Android TV & Mobile APKs	2026-09-07T03:30:59.9571222Z e: file:///home/runner/work/tvmime/tvmime/tvApp/src/main/java/com/tvmime/tv/sv_ui/screens/favorites/FavoritesViewModel.kt:288:44 Cannot infer a type for this parameter. Please specify it explicitly.
Compile TV & Mobile APKs	Build Android TV & Mobile APKs	2026-09-07T03:30:59.9573654Z e: file:///home/runner/work/tvmime/tvmime/tvApp/src/main/java/com/tvmime/tv/sv_ui/screens/favorites/FavoritesViewModel.kt:296:25 Cannot infer a type for this parameter. Please specify it explicitly.
Compile TV & Mobile APKs	Build Android TV & Mobile APKs	2026-09-07T03:30:59.9575859Z e: file:///home/runner/work/tvmime/tvmime/tvApp/src/main/java/com/tvmime/tv/sv_ui/screens/favorites/FavoritesViewModel.kt:301:36 Unresolved reference: it
Compile TV & Mobile APKs	Build Android TV & Mobile APKs	2026-09-07T03:30:59.9577724Z e: file:///home/runner/work/tvmime/tvmime/tvApp/src/main/java/com/tvmime/tv/sv_ui/screens/favorites/FavoritesViewModel.kt:312:61 Unresolved reference: it
Compile TV & Mobile APKs	Build Android TV & Mobile APKs	2026-09-07T03:30:59.9579599Z e: file:///home/runner/work/tvmime/tvmime/tvApp/src/main/java/com/tvmime/tv/sv_ui/screens/favorites/FavoritesViewModel.kt:313:62 Unresolved reference: it
Compile TV & Mobile APKs	Build Android TV & Mobile APKs	2026-09-07T03:30:59.9581716Z e: file:///home/runner/work/tvmime/tvmime/tvApp/src/main/java/com/tvmime/tv/sv_ui/screens/favorites/FavoritesViewModel.kt:314:63 Unresolved reference: it
Compile TV & Mobile APKs	Build Android TV & Mobile APKs	2026-09-07T03:30:59.9583952Z e: file:///home/runner/work/tvmime/tvmime/tvApp/src/main/java/com/tvmime/tv/sv_ui/screens/favorites/FavoritesViewModel.kt:315:65 Unresolved reference: it
Compile TV & Mobile APKs	Build Android TV & Mobile APKs	2026-09-07T03:30:59.9585834Z e: file:///home/runner/work/tvmime/tvmime/tvApp/src/main/java/com/tvmime/tv/sv_ui/screens/favorites/FavoritesViewModel.kt:323:62 Unresolved reference: it
Compile TV & Mobile APKs	Build Android TV & Mobile APKs	2026-09-07T03:30:59.9587700Z e: file:///home/runner/work/tvmime/tvmime/tvApp/src/main/java/com/tvmime/tv/sv_ui/screens/favorites/FavoritesViewModel.kt:324:63 Unresolved reference: it
Compile TV & Mobile APKs	Build Android TV & Mobile APKs	2026-09-07T03:30:59.9589562Z e: file:///home/runner/work/tvmime/tvmime/tvApp/src/main/java/com/tvmime/tv/sv_ui/screens/favorites/FavoritesViewModel.kt:325:65 Unresolved reference: it
Compile TV & Mobile APKs	Build Android TV & Mobile APKs	2026-09-07T03:30:59.9591702Z e: file:///home/runner/work/tvmime/tvmime/tvApp/src/main/java/com/tvmime/tv/sv_ui/screens/favorites/FavoritesViewModel.kt:461:61 Unresolved reference: promotedLiveGroupIds
Compile TV & Mobile APKs	Build Android TV & Mobile APKs	2026-09-07T03:30:59.9593823Z e: file:///home/runner/work/tvmime/tvmime/tvApp/src/main/java/com/tvmime/tv/sv_ui/screens/favorites/FavoritesViewModel.kt:462:39 Unresolved reference: setPromotedLiveGroupIds
Compile TV & Mobile APKs	Build Android TV & Mobile APKs	2026-09-07T03:30:59.9595976Z e: file:///home/runner/work/tvmime/tvmime/tvApp/src/main/java/com/tvmime/tv/sv_ui/screens/favorites/FavoritesViewModel.kt:476:57 Unresolved reference: promotedLiveGroupIds
Compile TV & Mobile APKs	Build Android TV & Mobile APKs	2026-09-07T03:30:59.9598167Z e: file:///home/runner/work/tvmime/tvmime/tvApp/src/main/java/com/tvmime/tv/sv_ui/screens/favorites/FavoritesViewModel.kt:482:35 Unresolved reference: setPromotedLiveGroupIds
Compile TV & Mobile APKs	Build Android TV & Mobile APKs	2026-09-07T03:30:59.9631228Z e: file:///home/runner/work/tvmime/tvmime/tvApp/src/main/java/com/tvmime/tv/sv_ui/screens/favorites/FavoritesViewModel.kt:514:69 Unresolved reference: promotedLiveGroupIds
Compile TV & Mobile APKs	Build Android TV & Mobile APKs	2026-09-07T03:30:59.9633692Z e: file:///home/runner/work/tvmime/tvmime/tvApp/src/main/java/com/tvmime/tv/sv_ui/screens/favorites/FavoritesViewModel.kt:515:47 Unresolved reference: setPromotedLiveGroupIds
Compile TV & Mobile APKs	Build Android TV & Mobile APKs	2026-09-07T03:30:59.9636108Z e: file:///home/runner/work/tvmime/tvmime/tvApp/src/main/java/com/tvmime/tv/sv_ui/screens/home/HomeScreen.kt:38:17 Unresolved reference: hilt
Compile TV & Mobile APKs	Build Android TV & Mobile APKs	2026-09-07T03:30:59.9638091Z e: file:///home/runner/work/tvmime/tvmime/tvApp/src/main/java/com/tvmime/tv/sv_ui/screens/home/HomeScreen.kt:45:28 Unresolved reference: device
Compile TV & Mobile APKs	Build Android TV & Mobile APKs	2026-09-07T03:30:59.9660441Z e: file:///home/runner/work/tvmime/tvmime/tvApp/src/main/java/com/tvmime/tv/sv_ui/screens/home/HomeScreen.kt:83:36 Unresolved reference: multiview
Compile TV & Mobile APKs	Build Android TV & Mobile APKs	2026-09-07T03:30:59.9662737Z e: file:///home/runner/work/tvmime/tvmime/tvApp/src/main/java/com/tvmime/tv/sv_ui/screens/home/HomeScreen.kt:84:36 Unresolved reference: multiview
Compile TV & Mobile APKs	Build Android TV & Mobile APKs	2026-09-07T03:30:59.9664895Z e: file:///home/runner/work/tvmime/tvmime/tvApp/src/main/java/com/tvmime/tv/sv_ui/screens/home/HomeScreen.kt:85:28 Unresolved reference: navigation
Compile TV & Mobile APKs	Build Android TV & Mobile APKs	2026-09-07T03:30:59.9667574Z e: file:///home/runner/work/tvmime/tvmime/tvApp/src/main/java/com/tvmime/tv/sv_ui/screens/home/HomeScreen.kt:149:32 Unresolved reference: hiltViewModel
Compile TV & Mobile APKs	Build Android TV & Mobile APKs	2026-09-07T03:30:59.9670028Z e: file:///home/runner/work/tvmime/tvmime/tvApp/src/main/java/com/tvmime/tv/sv_ui/screens/home/HomeScreen.kt:150:25 Unresolved reference: MultiViewViewModel
Compile TV & Mobile APKs	Build Android TV & Mobile APKs	2026-09-07T03:30:59.9672161Z e: file:///home/runner/work/tvmime/tvmime/tvApp/src/main/java/com/tvmime/tv/sv_ui/screens/home/HomeScreen.kt:150:46 Unresolved reference: hiltViewModel
Compile TV & Mobile APKs	Build Android TV & Mobile APKs	2026-09-07T03:30:59.9674369Z e: file:///home/runner/work/tvmime/tvmime/tvApp/src/main/java/com/tvmime/tv/sv_ui/screens/home/HomeScreen.kt:165:30 Unresolved reference: rememberIsTelevisionDevice
Compile TV & Mobile APKs	Build Android TV & Mobile APKs	2026-09-07T03:30:59.9676506Z e: file:///home/runner/work/tvmime/tvmime/tvApp/src/main/java/com/tvmime/tv/sv_ui/screens/home/HomeScreen.kt:687:64 Unresolved reference: Routes
Compile TV & Mobile APKs	Build Android TV & Mobile APKs	2026-09-07T03:30:59.9678470Z e: file:///home/runner/work/tvmime/tvmime/tvApp/src/main/java/com/tvmime/tv/sv_ui/screens/home/HomeScreen.kt:706:72 Unresolved reference: Routes
Compile TV & Mobile APKs	Build Android TV & Mobile APKs	2026-09-07T03:30:59.9711136Z e: file:///home/runner/work/tvmime/tvmime/tvApp/src/main/java/com/tvmime/tv/sv_ui/screens/home/HomeScreen.kt:1038:42 This foundation API is experimental and is likely to change or be removed in the future.
Compile TV & Mobile APKs	Build Android TV & Mobile APKs	2026-09-07T03:30:59.9714085Z e: file:///home/runner/work/tvmime/tvmime/tvApp/src/main/java/com/tvmime/tv/sv_ui/screens/home/HomeScreen.kt:1041:45 Cannot find a parameter with this name: repeatDelayMillis
Compile TV & Mobile APKs	Build Android TV & Mobile APKs	2026-09-07T03:30:59.9716339Z e: file:///home/runner/work/tvmime/tvmime/tvApp/src/main/java/com/tvmime/tv/sv_ui/screens/home/HomeScreenDialogs.kt:15:28 Unresolved reference: navigation
Compile TV & Mobile APKs	Build Android TV & Mobile APKs	2026-09-07T03:30:59.9718393Z e: file:///home/runner/work/tvmime/tvmime/tvApp/src/main/java/com/tvmime/tv/sv_ui/screens/home/HomeScreenDialogs.kt:27:36 Unresolved reference: multiview
Compile TV & Mobile APKs	Build Android TV & Mobile APKs	2026-09-07T03:30:59.9720726Z e: file:///home/runner/work/tvmime/tvmime/tvApp/src/main/java/com/tvmime/tv/sv_ui/screens/home/HomeScreenDialogs.kt:28:36 Unresolved reference: multiview
Compile TV & Mobile APKs	Build Android TV & Mobile APKs	2026-09-07T03:30:59.9723232Z e: file:///home/runner/work/tvmime/tvmime/tvApp/src/main/java/com/tvmime/tv/sv_ui/screens/home/HomeScreenDialogs.kt:46:25 Unresolved reference: MultiViewViewModel
Compile TV & Mobile APKs	Build Android TV & Mobile APKs	2026-09-07T03:30:59.9725375Z e: file:///home/runner/work/tvmime/tvmime/tvApp/src/main/java/com/tvmime/tv/sv_ui/screens/home/HomeScreenDialogs.kt:240:9 Unresolved reference: MultiViewPlannerDialog
Compile TV & Mobile APKs	Build Android TV & Mobile APKs	2026-09-07T03:30:59.9727621Z e: file:///home/runner/work/tvmime/tvmime/tvApp/src/main/java/com/tvmime/tv/sv_ui/screens/home/HomeScreenDialogs.kt:247:28 Unresolved reference: Routes
Compile TV & Mobile APKs	Build Android TV & Mobile APKs	2026-09-07T03:30:59.9730158Z e: file:///home/runner/work/tvmime/tvmime/tvApp/src/main/java/com/tvmime/tv/sv_ui/screens/home/HomeScreenDialogs.kt:356:9 Unresolved reference: MultiViewPlannerDialog
Compile TV & Mobile APKs	Build Android TV & Mobile APKs	2026-09-07T03:30:59.9732402Z e: file:///home/runner/work/tvmime/tvmime/tvApp/src/main/java/com/tvmime/tv/sv_ui/screens/home/HomeScreenDialogs.kt:362:28 Unresolved reference: Routes
Compile TV & Mobile APKs	Build Android TV & Mobile APKs	2026-09-07T03:30:59.9734744Z e: file:///home/runner/work/tvmime/tvmime/tvApp/src/main/java/com/tvmime/tv/sv_ui/screens/home/HomeSidebarComponents.kt:47:30 Conflicting import, imported name 'ClickableSurfaceDefaults' is ambiguous
Compile TV & Mobile APKs	Build Android TV & Mobile APKs	2026-09-07T03:30:59.9737347Z e: file:///home/runner/work/tvmime/tvmime/tvApp/src/main/java/com/tvmime/tv/sv_ui/screens/home/HomeSidebarComponents.kt:50:30 Conflicting import, imported name 'ClickableSurfaceDefaults' is ambiguous
Compile TV & Mobile APKs	Build Android TV & Mobile APKs	2026-09-07T03:30:59.9790311Z e: file:///home/runner/work/tvmime/tvmime/tvApp/src/main/java/com/tvmime/tv/sv_ui/screens/home/HomeSidebarComponents.kt:53:28 Unresolved reference: device
Compile TV & Mobile APKs	Build Android TV & Mobile APKs	2026-09-07T03:30:59.9793105Z e: file:///home/runner/work/tvmime/tvmime/tvApp/src/main/java/com/tvmime/tv/sv_ui/screens/home/HomeSidebarComponents.kt:137:18 Type mismatch: inferred type is ClickableSurfaceColors but NonInteractiveSurfaceColors was expected
Compile TV & Mobile APKs	Build Android TV & Mobile APKs	2026-09-07T03:30:59.9796092Z e: file:///home/runner/work/tvmime/tvmime/tvApp/src/main/java/com/tvmime/tv/sv_ui/screens/home/HomeSidebarComponents.kt:394:30 Unresolved reference: rememberIsTelevisionDevice
Compile TV & Mobile APKs	Build Android TV & Mobile APKs	2026-09-07T03:30:59.9798605Z e: file:///home/runner/work/tvmime/tvmime/tvApp/src/main/java/com/tvmime/tv/sv_ui/screens/home/HomeViewModel.kt:5:28 Unresolved reference: di
Compile TV & Mobile APKs	Build Android TV & Mobile APKs	2026-09-07T03:30:59.9800841Z e: file:///home/runner/work/tvmime/tvmime/tvApp/src/main/java/com/tvmime/tv/sv_ui/screens/home/HomeViewModel.kt:6:28 Unresolved reference: player
Compile TV & Mobile APKs	Build Android TV & Mobile APKs	2026-09-07T03:30:59.9803550Z e: file:///home/runner/work/tvmime/tvmime/tvApp/src/main/java/com/tvmime/tv/sv_ui/screens/home/HomeViewModel.kt:7:28 Unresolved reference: player
Compile TV & Mobile APKs	Build Android TV & Mobile APKs	2026-09-07T03:30:59.9805535Z e: file:///home/runner/work/tvmime/tvmime/tvApp/src/main/java/com/tvmime/tv/sv_ui/screens/home/HomeViewModel.kt:10:36 Unresolved reference: multiview
Compile TV & Mobile APKs	Build Android TV & Mobile APKs	2026-09-07T03:30:59.9807687Z e: file:///home/runner/work/tvmime/tvmime/tvApp/src/main/java/com/tvmime/tv/sv_ui/screens/home/HomeViewModel.kt:17:34 Unresolved reference: ProviderSyncStateSource
Compile TV & Mobile APKs	Build Android TV & Mobile APKs	2026-09-07T03:30:59.9810010Z e: file:///home/runner/work/tvmime/tvmime/tvApp/src/main/java/com/tvmime/tv/sv_ui/screens/home/HomeViewModel.kt:56:8 Unresolved reference: dagger
Compile TV & Mobile APKs	Build Android TV & Mobile APKs	2026-09-07T03:30:59.9811996Z e: file:///home/runner/work/tvmime/tvmime/tvApp/src/main/java/com/tvmime/tv/sv_ui/screens/home/HomeViewModel.kt:68:14 Unresolved reference: inject
Compile TV & Mobile APKs	Build Android TV & Mobile APKs	2026-09-07T03:30:59.9814400Z e: file:///home/runner/work/tvmime/tvmime/tvApp/src/main/java/com/tvmime/tv/sv_ui/screens/home/HomeViewModel.kt:70:14 Unresolved reference: inject
Compile TV & Mobile APKs	Build Android TV & Mobile APKs	2026-09-07T03:30:59.9816392Z e: file:///home/runner/work/tvmime/tvmime/tvApp/src/main/java/com/tvmime/tv/sv_ui/screens/home/HomeViewModel.kt:72:2 Unresolved reference: HiltViewModel
Compile TV & Mobile APKs	Build Android TV & Mobile APKs	2026-09-07T03:30:59.9818428Z e: file:///home/runner/work/tvmime/tvmime/tvApp/src/main/java/com/tvmime/tv/sv_ui/screens/home/HomeViewModel.kt:74:22 Unresolved reference: Inject
Compile TV & Mobile APKs	Build Android TV & Mobile APKs	2026-09-07T03:31:00.0026819Z e: file:///home/runner/work/tvmime/tvmime/tvApp/src/main/java/com/tvmime/tv/sv_ui/screens/home/HomeViewModel.kt:88:30 Unresolved reference: ProviderSyncStateSource
Compile TV & Mobile APKs	Build Android TV & Mobile APKs	2026-09-07T03:31:00.0029256Z e: file:///home/runner/work/tvmime/tvmime/tvApp/src/main/java/com/tvmime/tv/sv_ui/screens/home/HomeViewModel.kt:90:35 Unresolved reference: MultiViewManager
Compile TV & Mobile APKs	Build Android TV & Mobile APKs	2026-09-07T03:31:00.0031424Z e: file:///home/runner/work/tvmime/tvmime/tvApp/src/main/java/com/tvmime/tv/sv_ui/screens/home/HomeViewModel.kt:91:44 Unresolved reference: LivePreviewHandoffManager
Compile TV & Mobile APKs	Build Android TV & Mobile APKs	2026-09-07T03:31:00.0033398Z e: file:///home/runner/work/tvmime/tvmime/tvApp/src/main/java/com/tvmime/tv/sv_ui/screens/home/HomeViewModel.kt:93:12 Unresolved reference: AuxiliaryPlayerEngine
Compile TV & Mobile APKs	Build Android TV & Mobile APKs	2026-09-07T03:31:00.0035332Z e: file:///home/runner/work/tvmime/tvmime/tvApp/src/main/java/com/tvmime/tv/sv_ui/screens/home/HomeViewModel.kt:94:39 Unresolved reference: InjectProvider
Compile TV & Mobile APKs	Build Android TV & Mobile APKs	2026-09-07T03:31:00.0037388Z e: file:///home/runner/work/tvmime/tvmime/tvApp/src/main/java/com/tvmime/tv/sv_ui/screens/home/HomeViewModel.kt:130:68 Cannot infer a type for this parameter. Please specify it explicitly.
Compile TV & Mobile APKs	Build Android TV & Mobile APKs	2026-09-07T03:31:00.0039483Z e: file:///home/runner/work/tvmime/tvmime/tvApp/src/main/java/com/tvmime/tv/sv_ui/screens/home/HomeViewModel.kt:131:58 Unresolved reference: PreviewHandoffSource
Compile TV & Mobile APKs	Build Android TV & Mobile APKs	2026-09-07T03:31:00.0041764Z e: file:///home/runner/work/tvmime/tvmime/tvApp/src/main/java/com/tvmime/tv/sv_ui/screens/home/HomeViewModel.kt:137:13 Not enough information to infer type variable T1
Compile TV & Mobile APKs	Build Android TV & Mobile APKs	2026-09-07T03:31:00.0043828Z e: file:///home/runner/work/tvmime/tvmime/tvApp/src/main/java/com/tvmime/tv/sv_ui/screens/home/HomeViewModel.kt:139:39 Unresolved reference: multiViewCenterTwoSlotLayout
Compile TV & Mobile APKs	Build Android TV & Mobile APKs	2026-09-07T03:31:00.0046081Z e: file:///home/runner/work/tvmime/tvmime/tvApp/src/main/java/com/tvmime/tv/sv_ui/screens/home/HomeViewModel.kt:140:17 Cannot infer a type for this parameter. Please specify it explicitly.
Compile TV & Mobile APKs	Build Android TV & Mobile APKs	2026-09-07T03:31:00.0048347Z e: file:///home/runner/work/tvmime/tvmime/tvApp/src/main/java/com/tvmime/tv/sv_ui/screens/home/HomeViewModel.kt:140:24 Cannot infer a type for this parameter. Please specify it explicitly.
Compile TV & Mobile APKs	Build Android TV & Mobile APKs	2026-09-07T03:31:00.0080887Z e: file:///home/runner/work/tvmime/tvmime/tvApp/src/main/java/com/tvmime/tv/sv_ui/screens/home/HomeViewModel.kt:141:74 Unresolved reference: MultiViewManager
Compile TV & Mobile APKs	Build Android TV & Mobile APKs	2026-09-07T03:31:00.0083424Z e: file:///home/runner/work/tvmime/tvmime/tvApp/src/main/java/com/tvmime/tv/sv_ui/screens/home/HomeViewModel.kt:142:31 Unresolved reference: it
Compile TV & Mobile APKs	Build Android TV & Mobile APKs	2026-09-07T03:31:00.0085510Z e: file:///home/runner/work/tvmime/tvmime/tvApp/src/main/java/com/tvmime/tv/sv_ui/screens/home/HomeViewModel.kt:143:25 Cannot infer a type for this parameter. Please specify it explicitly.
Compile TV & Mobile APKs	Build Android TV & Mobile APKs	2026-09-07T03:31:00.0087699Z e: file:///home/runner/work/tvmime/tvmime/tvApp/src/main/java/com/tvmime/tv/sv_ui/screens/home/HomeViewModel.kt:221:47 Unresolved reference: setLastActiveProviderId
Compile TV & Mobile APKs	Build Android TV & Mobile APKs	2026-09-07T03:31:00.0089743Z e: file:///home/runner/work/tvmime/tvmime/tvApp/src/main/java/com/tvmime/tv/sv_ui/screens/home/HomeViewModel.kt:327:35 Unresolved reference: parentalControlLevel
Compile TV & Mobile APKs	Build Android TV & Mobile APKs	2026-09-07T03:31:00.0092126Z e: file:///home/runner/work/tvmime/tvmime/tvApp/src/main/java/com/tvmime/tv/sv_ui/screens/home/HomeViewModel.kt:327:72 Cannot infer a type for this parameter. Please specify it explicitly.
Compile TV & Mobile APKs	Build Android TV & Mobile APKs	2026-09-07T03:31:00.0094279Z e: file:///home/runner/work/tvmime/tvmime/tvApp/src/main/java/com/tvmime/tv/sv_ui/screens/home/HomeViewModel.kt:356:35 Unresolved reference: liveTvChannelMode
Compile TV & Mobile APKs	Build Android TV & Mobile APKs	2026-09-07T03:31:00.0096670Z e: file:///home/runner/work/tvmime/tvmime/tvApp/src/main/java/com/tvmime/tv/sv_ui/screens/home/HomeViewModel.kt:359:34 Cannot infer a type for this parameter. Please specify it explicitly.
Compile TV & Mobile APKs	Build Android TV & Mobile APKs	2026-09-07T03:31:00.0098837Z e: file:///home/runner/work/tvmime/tvmime/tvApp/src/main/java/com/tvmime/tv/sv_ui/screens/home/HomeViewModel.kt:368:35 Unresolved reference: liveTvCategoryFilters
Compile TV & Mobile APKs	Build Android TV & Mobile APKs	2026-09-07T03:31:00.0101103Z e: file:///home/runner/work/tvmime/tvmime/tvApp/src/main/java/com/tvmime/tv/sv_ui/screens/home/HomeViewModel.kt:368:73 Cannot infer a type for this parameter. Please specify it explicitly.
Compile TV & Mobile APKs	Build Android TV & Mobile APKs	2026-09-07T03:31:00.0103004Z e: file:///home/runner/work/tvmime/tvmime/tvApp/src/main/java/com/tvmime/tv/sv_ui/screens/home/HomeViewModel.kt:371:62 Unresolved reference: it
Compile TV & Mobile APKs	Build Android TV & Mobile APKs	2026-09-07T03:31:00.0104598Z e: file:///home/runner/work/tvmime/tvmime/tvApp/src/main/java/com/tvmime/tv/sv_ui/screens/home/HomeViewModel.kt:372:50 Unresolved reference: it
Compile TV & Mobile APKs	Build Android TV & Mobile APKs	2026-09-07T03:31:00.0106405Z e: file:///home/runner/work/tvmime/tvmime/tvApp/src/main/java/com/tvmime/tv/sv_ui/screens/home/HomeViewModel.kt:382:35 Unresolved reference: liveTvQuickFilterVisibility
Compile TV & Mobile APKs	Build Android TV & Mobile APKs	2026-09-07T03:31:00.0108482Z e: file:///home/runner/work/tvmime/tvmime/tvApp/src/main/java/com/tvmime/tv/sv_ui/screens/home/HomeViewModel.kt:385:34 Cannot infer a type for this parameter. Please specify it explicitly.
Compile TV & Mobile APKs	Build Android TV & Mobile APKs	2026-09-07T03:31:00.0128150Z e: file:///home/runner/work/tvmime/tvmime/tvApp/src/main/java/com/tvmime/tv/sv_ui/screens/home/HomeViewModel.kt:391:35 Unresolved reference: showLiveSourceSwitcher
Compile TV & Mobile APKs	Build Android TV & Mobile APKs	2026-09-07T03:31:00.0130652Z e: file:///home/runner/work/tvmime/tvmime/tvApp/src/main/java/com/tvmime/tv/sv_ui/screens/home/HomeViewModel.kt:393:34 Cannot infer a type for this parameter. Please specify it explicitly.
Compile TV & Mobile APKs	Build Android TV & Mobile APKs	2026-09-07T03:31:00.0132901Z e: file:///home/runner/work/tvmime/tvmime/tvApp/src/main/java/com/tvmime/tv/sv_ui/screens/home/HomeViewModel.kt:405:50 Incompatible types: SyncState.Syncing and SyncState.Idle
Compile TV & Mobile APKs	Build Android TV & Mobile APKs	2026-09-07T03:31:00.0134953Z e: file:///home/runner/work/tvmime/tvmime/tvApp/src/main/java/com/tvmime/tv/sv_ui/screens/home/HomeViewModel.kt:461:43 Unresolved reference: defaultCategoryId
Compile TV & Mobile APKs	Build Android TV & Mobile APKs	2026-09-07T03:31:00.0136922Z e: file:///home/runner/work/tvmime/tvmime/tvApp/src/main/java/com/tvmime/tv/sv_ui/screens/home/HomeViewModel.kt:464:43 Unresolved reference: getCategorySortMode
Compile TV & Mobile APKs	Build Android TV & Mobile APKs	2026-09-07T03:31:00.0138909Z e: file:///home/runner/work/tvmime/tvmime/tvApp/src/main/java/com/tvmime/tv/sv_ui/screens/home/HomeViewModel.kt:521:19 Not enough information to infer type variable T2
Compile TV & Mobile APKs	Build Android TV & Mobile APKs	2026-09-07T03:31:00.0141158Z e: file:///home/runner/work/tvmime/tvmime/tvApp/src/main/java/com/tvmime/tv/sv_ui/screens/home/HomeViewModel.kt:521:49 Unresolved reference: showRecentChannelsCategory
Compile TV & Mobile APKs	Build Android TV & Mobile APKs	2026-09-07T03:31:00.0152023Z e: file:///home/runner/work/tvmime/tvmime/tvApp/src/main/java/com/tvmime/tv/sv_ui/screens/home/HomeViewModel.kt:521:84 Cannot infer a type for this parameter. Please specify it explicitly.
Compile TV & Mobile APKs	Build Android TV & Mobile APKs	2026-09-07T03:31:00.0154245Z e: file:///home/runner/work/tvmime/tvmime/tvApp/src/main/java/com/tvmime/tv/sv_ui/screens/home/HomeViewModel.kt:523:49 Unresolved reference: showAllChannelsCategory
Compile TV & Mobile APKs	Build Android TV & Mobile APKs	2026-09-07T03:31:00.0156415Z e: file:///home/runner/work/tvmime/tvmime/tvApp/src/main/java/com/tvmime/tv/sv_ui/screens/home/HomeViewModel.kt:523:76 Cannot infer a type for this parameter. Please specify it explicitly.
Compile TV & Mobile APKs	Build Android TV & Mobile APKs	2026-09-07T03:31:00.0158657Z e: file:///home/runner/work/tvmime/tvmime/tvApp/src/main/java/com/tvmime/tv/sv_ui/screens/home/HomeViewModel.kt:523:81 Cannot infer a type for this parameter. Please specify it explicitly.
Compile TV & Mobile APKs	Build Android TV & Mobile APKs	2026-09-07T03:31:00.0191090Z e: file:///home/runner/work/tvmime/tvmime/tvApp/src/main/java/com/tvmime/tv/sv_ui/screens/home/HomeViewModel.kt:524:81 Unresolved reference: it
Compile TV & Mobile APKs	Build Android TV & Mobile APKs	2026-09-07T03:31:00.0193238Z e: file:///home/runner/work/tvmime/tvmime/tvApp/src/main/java/com/tvmime/tv/sv_ui/screens/home/HomeViewModel.kt:525:29 Cannot infer a type for this parameter. Please specify it explicitly.
Compile TV & Mobile APKs	Build Android TV & Mobile APKs	2026-09-07T03:31:00.0196007Z e: file:///home/runner/work/tvmime/tvmime/tvApp/src/main/java/com/tvmime/tv/sv_ui/screens/home/HomeViewModel.kt:529:93 Cannot infer a type for this parameter. Please specify it explicitly.
Compile TV & Mobile APKs	Build Android TV & Mobile APKs	2026-09-07T03:31:00.0198026Z e: file:///home/runner/work/tvmime/tvmime/tvApp/src/main/java/com/tvmime/tv/sv_ui/screens/home/HomeViewModel.kt:530:43 Unresolved reference: it
Compile TV & Mobile APKs	Build Android TV & Mobile APKs	2026-09-07T03:31:00.0199655Z e: file:///home/runner/work/tvmime/tvmime/tvApp/src/main/java/com/tvmime/tv/sv_ui/screens/home/HomeViewModel.kt:530:69 Unresolved reference: it
Compile TV & Mobile APKs	Build Android TV & Mobile APKs	2026-09-07T03:31:00.0201475Z e: file:///home/runner/work/tvmime/tvmime/tvApp/src/main/java/com/tvmime/tv/sv_ui/screens/home/HomeViewModel.kt:544:43 Unresolved reference: it
Compile TV & Mobile APKs	Build Android TV & Mobile APKs	2026-09-07T03:31:00.0203312Z e: file:///home/runner/work/tvmime/tvmime/tvApp/src/main/java/com/tvmime/tv/sv_ui/screens/home/HomeViewModel.kt:554:59 Cannot infer a type for this parameter. Please specify it explicitly.
Compile TV & Mobile APKs	Build Android TV & Mobile APKs	2026-09-07T03:31:00.0205208Z e: file:///home/runner/work/tvmime/tvmime/tvApp/src/main/java/com/tvmime/tv/sv_ui/screens/home/HomeViewModel.kt:554:83 Unresolved reference: it
Compile TV & Mobile APKs	Build Android TV & Mobile APKs	2026-09-07T03:31:00.0206972Z e: file:///home/runner/work/tvmime/tvmime/tvApp/src/main/java/com/tvmime/tv/sv_ui/screens/home/HomeViewModel.kt:555:62 Unresolved reference: it
Compile TV & Mobile APKs	Build Android TV & Mobile APKs	2026-09-07T03:31:00.0208719Z e: file:///home/runner/work/tvmime/tvmime/tvApp/src/main/java/com/tvmime/tv/sv_ui/screens/home/HomeViewModel.kt:564:63 Unresolved reference: it
Compile TV & Mobile APKs	Build Android TV & Mobile APKs	2026-09-07T03:31:00.0210943Z e: file:///home/runner/work/tvmime/tvmime/tvApp/src/main/java/com/tvmime/tv/sv_ui/screens/home/HomeViewModel.kt:571:63 Cannot infer a type for this parameter. Please specify it explicitly.
Compile TV & Mobile APKs	Build Android TV & Mobile APKs	2026-09-07T03:31:00.0212980Z e: file:///home/runner/work/tvmime/tvmime/tvApp/src/main/java/com/tvmime/tv/sv_ui/screens/home/HomeViewModel.kt:571:87 Unresolved reference: it
Compile TV & Mobile APKs	Build Android TV & Mobile APKs	2026-09-07T03:31:00.0214767Z e: file:///home/runner/work/tvmime/tvmime/tvApp/src/main/java/com/tvmime/tv/sv_ui/screens/home/HomeViewModel.kt:572:66 Unresolved reference: it
Compile TV & Mobile APKs	Build Android TV & Mobile APKs	2026-09-07T03:31:00.0216666Z e: file:///home/runner/work/tvmime/tvmime/tvApp/src/main/java/com/tvmime/tv/sv_ui/screens/home/HomeViewModel.kt:636:19 Not enough information to infer type variable T2
Compile TV & Mobile APKs	Build Android TV & Mobile APKs	2026-09-07T03:31:00.0218739Z e: file:///home/runner/work/tvmime/tvmime/tvApp/src/main/java/com/tvmime/tv/sv_ui/screens/home/HomeViewModel.kt:636:49 Unresolved reference: showRecentChannelsCategory
Compile TV & Mobile APKs	Build Android TV & Mobile APKs	2026-09-07T03:31:00.0229548Z e: file:///home/runner/work/tvmime/tvmime/tvApp/src/main/java/com/tvmime/tv/sv_ui/screens/home/HomeViewModel.kt:636:84 Cannot infer a type for this parameter. Please specify it explicitly.
Compile TV & Mobile APKs	Build Android TV & Mobile APKs	2026-09-07T03:31:00.0231873Z e: file:///home/runner/work/tvmime/tvmime/tvApp/src/main/java/com/tvmime/tv/sv_ui/screens/home/HomeViewModel.kt:638:49 Unresolved reference: showAllChannelsCategory
Compile TV & Mobile APKs	Build Android TV & Mobile APKs	2026-09-07T03:31:00.0234373Z e: file:///home/runner/work/tvmime/tvmime/tvApp/src/main/java/com/tvmime/tv/sv_ui/screens/home/HomeViewModel.kt:638:76 Cannot infer a type for this parameter. Please specify it explicitly.
Compile TV & Mobile APKs	Build Android TV & Mobile APKs	2026-09-07T03:31:00.0236569Z e: file:///home/runner/work/tvmime/tvmime/tvApp/src/main/java/com/tvmime/tv/sv_ui/screens/home/HomeViewModel.kt:638:81 Cannot infer a type for this parameter. Please specify it explicitly.
Compile TV & Mobile APKs	Build Android TV & Mobile APKs	2026-09-07T03:31:00.0238527Z e: file:///home/runner/work/tvmime/tvmime/tvApp/src/main/java/com/tvmime/tv/sv_ui/screens/home/HomeViewModel.kt:639:81 Unresolved reference: it
Compile TV & Mobile APKs	Build Android TV & Mobile APKs	2026-09-07T03:31:00.0240732Z e: file:///home/runner/work/tvmime/tvmime/tvApp/src/main/java/com/tvmime/tv/sv_ui/screens/home/HomeViewModel.kt:640:29 Cannot infer a type for this parameter. Please specify it explicitly.
Compile TV & Mobile APKs	Build Android TV & Mobile APKs	2026-09-07T03:31:00.0242720Z e: file:///home/runner/work/tvmime/tvmime/tvApp/src/main/java/com/tvmime/tv/sv_ui/screens/home/HomeViewModel.kt:653:62 Unresolved reference: it
Compile TV & Mobile APKs	Build Android TV & Mobile APKs	2026-09-07T03:31:00.0244352Z e: file:///home/runner/work/tvmime/tvmime/tvApp/src/main/java/com/tvmime/tv/sv_ui/screens/home/HomeViewModel.kt:655:77 Unresolved reference: it
Compile TV & Mobile APKs	Build Android TV & Mobile APKs	2026-09-07T03:31:00.0246177Z e: file:///home/runner/work/tvmime/tvmime/tvApp/src/main/java/com/tvmime/tv/sv_ui/screens/home/HomeViewModel.kt:656:62 Unresolved reference: it
Compile TV & Mobile APKs	Build Android TV & Mobile APKs	2026-09-07T03:31:00.0248327Z e: file:///home/runner/work/tvmime/tvmime/tvApp/src/main/java/com/tvmime/tv/sv_ui/screens/home/HomeViewModel.kt:699:48 Unresolved reference: isIncognitoMode
Compile TV & Mobile APKs	Build Android TV & Mobile APKs	2026-09-07T03:31:00.0271375Z e: file:///home/runner/work/tvmime/tvmime/tvApp/src/main/java/com/tvmime/tv/sv_ui/screens/home/HomeViewModel.kt:700:47 Unresolved reference: setLastLiveCategoryId
Compile TV & Mobile APKs	Build Android TV & Mobile APKs	2026-09-07T03:31:00.0273426Z e: file:///home/runner/work/tvmime/tvmime/tvApp/src/main/java/com/tvmime/tv/sv_ui/screens/home/HomeViewModel.kt:830:17 Not enough information to infer type variable T2
Compile TV & Mobile APKs	Build Android TV & Mobile APKs	2026-09-07T03:31:00.0275346Z e: file:///home/runner/work/tvmime/tvmime/tvApp/src/main/java/com/tvmime/tv/sv_ui/screens/home/HomeViewModel.kt:832:43 Unresolved reference: liveChannelNumberingMode
Compile TV & Mobile APKs	Build Android TV & Mobile APKs	2026-09-07T03:31:00.0277383Z e: file:///home/runner/work/tvmime/tvmime/tvApp/src/main/java/com/tvmime/tv/sv_ui/screens/home/HomeViewModel.kt:835:31 Cannot infer a type for this parameter. Please specify it explicitly.
Compile TV & Mobile APKs	Build Android TV & Mobile APKs	2026-09-07T03:31:00.0279499Z e: file:///home/runner/work/tvmime/tvmime/tvApp/src/main/java/com/tvmime/tv/sv_ui/screens/home/HomeViewModel.kt:839:36 'when' expression must be exhaustive, add necessary 'else' branch
Compile TV & Mobile APKs	Build Android TV & Mobile APKs	2026-09-07T03:31:00.0281975Z e: file:///home/runner/work/tvmime/tvmime/tvApp/src/main/java/com/tvmime/tv/sv_ui/screens/home/HomeViewModel.kt:840:25 Comparison of incompatible enums '???' and 'ChannelNumberingMode' is always unsuccessful
Compile TV & Mobile APKs	Build Android TV & Mobile APKs	2026-09-07T03:31:00.0284400Z e: file:///home/runner/work/tvmime/tvmime/tvApp/src/main/java/com/tvmime/tv/sv_ui/screens/home/HomeViewModel.kt:843:25 Comparison of incompatible enums '???' and 'ChannelNumberingMode' is always unsuccessful
Compile TV & Mobile APKs	Build Android TV & Mobile APKs	2026-09-07T03:31:00.0286809Z e: file:///home/runner/work/tvmime/tvmime/tvApp/src/main/java/com/tvmime/tv/sv_ui/screens/home/HomeViewModel.kt:844:25 Comparison of incompatible enums '???' and 'ChannelNumberingMode' is always unsuccessful
Compile TV & Mobile APKs	Build Android TV & Mobile APKs	2026-09-07T03:31:00.0289248Z e: file:///home/runner/work/tvmime/tvmime/tvApp/src/main/java/com/tvmime/tv/sv_ui/screens/home/HomeViewModel.kt:853:29 Cannot infer a type for this parameter. Please specify it explicitly.
Compile TV & Mobile APKs	Build Android TV & Mobile APKs	2026-09-07T03:31:00.0292087Z e: file:///home/runner/work/tvmime/tvmime/tvApp/src/main/java/com/tvmime/tv/sv_ui/screens/home/HomeViewModel.kt:966:39 Unresolved reference: addLiveTvCategoryFilter
Compile TV & Mobile APKs	Build Android TV & Mobile APKs	2026-09-07T03:31:00.0294216Z e: file:///home/runner/work/tvmime/tvmime/tvApp/src/main/java/com/tvmime/tv/sv_ui/screens/home/HomeViewModel.kt:1013:101 Unresolved reference: it
Compile TV & Mobile APKs	Build Android TV & Mobile APKs	2026-09-07T03:31:00.0296387Z e: file:///home/runner/work/tvmime/tvmime/tvApp/src/main/java/com/tvmime/tv/sv_ui/screens/home/HomeViewModel.kt:1061:46 'when' expression must be exhaustive, add necessary 'else' branch
Compile TV & Mobile APKs	Build Android TV & Mobile APKs	2026-09-07T03:31:00.0298586Z e: file:///home/runner/work/tvmime/tvmime/tvApp/src/main/java/com/tvmime/tv/sv_ui/screens/home/HomeViewModel.kt:1061:85 Unresolved reference: preparePlaybackStreamInfo
Compile TV & Mobile APKs	Build Android TV & Mobile APKs	2026-09-07T03:31:00.0331093Z e: file:///home/runner/work/tvmime/tvmime/tvApp/src/main/java/com/tvmime/tv/sv_ui/screens/home/HomeViewModel.kt:1062:28 One type argument expected. Use 'Success<*>' if you don't want to pass type arguments
Compile TV & Mobile APKs	Build Android TV & Mobile APKs	2026-09-07T03:31:00.0333400Z e: file:///home/runner/work/tvmime/tvmime/tvApp/src/main/java/com/tvmime/tv/sv_ui/screens/home/HomeViewModel.kt:1078:59 Unresolved reference: playerAudioDecoderMode
Compile TV & Mobile APKs	Build Android TV & Mobile APKs	2026-09-07T03:31:00.0335481Z e: file:///home/runner/work/tvmime/tvmime/tvApp/src/main/java/com/tvmime/tv/sv_ui/screens/home/HomeViewModel.kt:1093:34 Unresolved reference: PreviewHandoffSource
Compile TV & Mobile APKs	Build Android TV & Mobile APKs	2026-09-07T03:31:00.0337540Z e: file:///home/runner/work/tvmime/tvmime/tvApp/src/main/java/com/tvmime/tv/sv_ui/screens/home/HomeViewModel.kt:1165:71 Unresolved reference: PreviewHandoffSource
Compile TV & Mobile APKs	Build Android TV & Mobile APKs	2026-09-07T03:31:00.0339504Z e: file:///home/runner/work/tvmime/tvmime/tvApp/src/main/java/com/tvmime/tv/sv_ui/screens/home/HomeViewModel.kt:1166:30 Unresolved reference: engine
Compile TV & Mobile APKs	Build Android TV & Mobile APKs	2026-09-07T03:31:00.0341435Z e: file:///home/runner/work/tvmime/tvmime/tvApp/src/main/java/com/tvmime/tv/sv_ui/screens/home/HomeViewModel.kt:1184:33 Unresolved reference: channelId
Compile TV & Mobile APKs	Build Android TV & Mobile APKs	2026-09-07T03:31:00.0343715Z e: file:///home/runner/work/tvmime/tvmime/tvApp/src/main/java/com/tvmime/tv/sv_ui/screens/home/HomeViewModel.kt:1185:34 Unresolved reference: providerId
Compile TV & Mobile APKs	Build Android TV & Mobile APKs	2026-09-07T03:31:00.0345563Z e: file:///home/runner/work/tvmime/tvmime/tvApp/src/main/java/com/tvmime/tv/sv_ui/screens/home/HomeViewModel.kt:1186:34 Unresolved reference: streamInfo
Compile TV & Mobile APKs	Build Android TV & Mobile APKs	2026-09-07T03:31:00.0347531Z e: file:///home/runner/work/tvmime/tvmime/tvApp/src/main/java/com/tvmime/tv/sv_ui/screens/home/HomeViewModel.kt:1188:22 Unresolved reference: PreviewHandoffSource
Compile TV & Mobile APKs	Build Android TV & Mobile APKs	2026-09-07T03:31:00.0349409Z e: file:///home/runner/work/tvmime/tvmime/tvApp/src/main/java/com/tvmime/tv/sv_ui/screens/home/HomeViewModel.kt:1192:44 Unresolved reference: channelId
Compile TV & Mobile APKs	Build Android TV & Mobile APKs	2026-09-07T03:31:00.0351609Z e: file:///home/runner/work/tvmime/tvmime/tvApp/src/main/java/com/tvmime/tv/sv_ui/screens/home/HomeViewModel.kt:1199:50 Cannot infer a type for this parameter. Please specify it explicitly.
Compile TV & Mobile APKs	Build Android TV & Mobile APKs	2026-09-07T03:31:00.0353619Z e: file:///home/runner/work/tvmime/tvmime/tvApp/src/main/java/com/tvmime/tv/sv_ui/screens/home/HomeViewModel.kt:1200:62 Unresolved reference: channelId
Compile TV & Mobile APKs	Build Android TV & Mobile APKs	2026-09-07T03:31:00.0355567Z e: file:///home/runner/work/tvmime/tvmime/tvApp/src/main/java/com/tvmime/tv/sv_ui/screens/home/HomeViewModel.kt:1393:13 Not enough information to infer type variable T2
Compile TV & Mobile APKs	Build Android TV & Mobile APKs	2026-09-07T03:31:00.0357576Z e: file:///home/runner/work/tvmime/tvmime/tvApp/src/main/java/com/tvmime/tv/sv_ui/screens/home/HomeViewModel.kt:1396:39 Unresolved reference: parentalControlLevel
Compile TV & Mobile APKs	Build Android TV & Mobile APKs	2026-09-07T03:31:00.0359696Z e: file:///home/runner/work/tvmime/tvmime/tvApp/src/main/java/com/tvmime/tv/sv_ui/screens/home/HomeViewModel.kt:1397:27 Cannot infer a type for this parameter. Please specify it explicitly.
Compile TV & Mobile APKs	Build Android TV & Mobile APKs	2026-09-07T03:31:00.0392513Z e: file:///home/runner/work/tvmime/tvmime/tvApp/src/main/java/com/tvmime/tv/sv_ui/screens/home/HomeViewModel.kt:1401:25 Cannot infer a type for this parameter. Please specify it explicitly.
Compile TV & Mobile APKs	Build Android TV & Mobile APKs	2026-09-07T03:31:00.0394822Z e: file:///home/runner/work/tvmime/tvmime/tvApp/src/main/java/com/tvmime/tv/sv_ui/screens/home/HomeViewModel.kt:1411:13 Not enough information to infer type variable T2
Compile TV & Mobile APKs	Build Android TV & Mobile APKs	2026-09-07T03:31:00.0396922Z e: file:///home/runner/work/tvmime/tvmime/tvApp/src/main/java/com/tvmime/tv/sv_ui/screens/home/HomeViewModel.kt:1415:39 Unresolved reference: parentalControlLevel
Compile TV & Mobile APKs	Build Android TV & Mobile APKs	2026-09-07T03:31:00.0399189Z e: file:///home/runner/work/tvmime/tvmime/tvApp/src/main/java/com/tvmime/tv/sv_ui/screens/home/HomeViewModel.kt:1416:27 Cannot infer a type for this parameter. Please specify it explicitly.
Compile TV & Mobile APKs	Build Android TV & Mobile APKs	2026-09-07T03:31:00.0401594Z e: file:///home/runner/work/tvmime/tvmime/tvApp/src/main/java/com/tvmime/tv/sv_ui/screens/home/HomeViewModel.kt:1420:25 Cannot infer a type for this parameter. Please specify it explicitly.
Compile TV & Mobile APKs	Build Android TV & Mobile APKs	2026-09-07T03:31:00.0404234Z e: file:///home/runner/work/tvmime/tvmime/tvApp/src/main/java/com/tvmime/tv/sv_ui/screens/home/HomeViewModel.kt:1594:39 Unresolved reference: refreshTvInputCatalog
Compile TV & Mobile APKs	Build Android TV & Mobile APKs	2026-09-07T03:31:00.0406190Z e: file:///home/runner/work/tvmime/tvmime/tvApp/src/main/java/com/tvmime/tv/sv_ui/screens/home/HomeViewModel.kt:1696:38 Unresolved reference: verifyParentalPin
Compile TV & Mobile APKs	Build Android TV & Mobile APKs	2026-09-07T03:31:00.0408059Z e: file:///home/runner/work/tvmime/tvmime/tvApp/src/main/java/com/tvmime/tv/sv_ui/screens/home/HomeViewModel.kt:1719:35 Unresolved reference: setDefaultCategory
Compile TV & Mobile APKs	Build Android TV & Mobile APKs	2026-09-07T03:31:00.0410280Z e: file:///home/runner/work/tvmime/tvmime/tvApp/src/main/java/com/tvmime/tv/sv_ui/screens/home/HomeViewModel.kt:1758:35 Unresolved reference: setCategoryHidden
Compile TV & Mobile APKs	Build Android TV & Mobile APKs	2026-09-07T03:31:00.0412248Z e: file:///home/runner/work/tvmime/tvmime/tvApp/src/main/java/com/tvmime/tv/sv_ui/screens/home/HomeViewModel.kt:1782:35 Unresolved reference: setCategoryHidden
Compile TV & Mobile APKs	Build Android TV & Mobile APKs	2026-09-07T03:31:00.0414081Z e: file:///home/runner/work/tvmime/tvmime/tvApp/src/main/java/com/tvmime/tv/sv_ui/screens/home/HomeViewModel.kt:1795:35 Unresolved reference: setHiddenCategoryIds
Compile TV & Mobile APKs	Build Android TV & Mobile APKs	2026-09-07T03:31:00.0416042Z e: file:///home/runner/work/tvmime/tvmime/tvApp/src/main/java/com/tvmime/tv/sv_ui/screens/home/HomeViewModel.kt:1828:35 Unresolved reference: setChannelHidden
Compile TV & Mobile APKs	Build Android TV & Mobile APKs	2026-09-07T03:31:00.0418326Z e: file:///home/runner/work/tvmime/tvmime/tvApp/src/main/java/com/tvmime/tv/sv_ui/screens/home/HomeViewModel.kt:1836:35 Unresolved reference: setChannelHidden
Compile TV & Mobile APKs	Build Android TV & Mobile APKs	2026-09-07T03:31:00.0470869Z e: file:///home/runner/work/tvmime/tvmime/tvApp/src/main/java/com/tvmime/tv/sv_ui/screens/home/HomeViewModel.kt:1843:35 Unresolved reference: setHiddenChannelIds
Compile TV & Mobile APKs	Build Android TV & Mobile APKs	2026-09-07T03:31:00.0473215Z e: file:///home/runner/work/tvmime/tvmime/tvApp/src/main/java/com/tvmime/tv/sv_ui/screens/home/HomeViewModel.kt:1848:55 Unresolved reference: setShowAllChannelsCategory
Compile TV & Mobile APKs	Build Android TV & Mobile APKs	2026-09-07T03:31:00.0475272Z e: file:///home/runner/work/tvmime/tvmime/tvApp/src/main/java/com/tvmime/tv/sv_ui/screens/home/HomeViewModel.kt:1852:55 Unresolved reference: setShowFavoritesCategory
Compile TV & Mobile APKs	Build Android TV & Mobile APKs	2026-09-07T03:31:00.0477333Z e: file:///home/runner/work/tvmime/tvmime/tvApp/src/main/java/com/tvmime/tv/sv_ui/screens/home/HomeViewModel.kt:1856:55 Unresolved reference: setShowRecentChannelsCategory
Compile TV & Mobile APKs	Build Android TV & Mobile APKs	2026-09-07T03:31:00.0479331Z e: file:///home/runner/work/tvmime/tvmime/tvApp/src/main/java/com/tvmime/tv/sv_ui/screens/home/HomeViewModel.kt:1879:35 Unresolved reference: setCategoryPinned
Compile TV & Mobile APKs	Build Android TV & Mobile APKs	2026-09-07T03:31:00.0481485Z e: file:///home/runner/work/tvmime/tvmime/tvApp/src/main/java/com/tvmime/tv/sv_ui/screens/home/HomeViewModel.kt:2126:38 Unresolved reference: MultiViewManager
Compile TV & Mobile APKs	Build Android TV & Mobile APKs	2026-09-07T03:31:00.0483464Z e: file:///home/runner/work/tvmime/tvmime/tvApp/src/main/java/com/tvmime/tv/sv_ui/screens/player/PlayerAlternateStreamSupport.kt:3:29 Unresolved reference: remote
Compile TV & Mobile APKs	Build Android TV & Mobile APKs	2026-09-07T03:31:00.0485440Z e: file:///home/runner/work/tvmime/tvmime/tvApp/src/main/java/com/tvmime/tv/sv_ui/screens/player/PlayerAlternateStreamSupport.kt:4:29 Unresolved reference: remote
Compile TV & Mobile APKs	Build Android TV & Mobile APKs	2026-09-07T03:31:00.0487534Z e: file:///home/runner/work/tvmime/tvmime/tvApp/src/main/java/com/tvmime/tv/sv_ui/screens/player/PlayerAlternateStreamSupport.kt:131:17 Unresolved reference: XtreamUrlFactory
Compile TV & Mobile APKs	Build Android TV & Mobile APKs	2026-09-07T03:31:00.0489682Z e: file:///home/runner/work/tvmime/tvmime/tvApp/src/main/java/com/tvmime/tv/sv_ui/screens/player/PlayerAlternateStreamSupport.kt:132:40 Unresolved reference: XtreamStreamKind
Compile TV & Mobile APKs	Build Android TV & Mobile APKs	2026-09-07T03:31:00.0492120Z e: file:///home/runner/work/tvmime/tvmime/tvApp/src/main/java/com/tvmime/tv/sv_ui/screens/player/PlayerAlternateStreamSupport.kt:147:12 Unresolved reference: XtreamUrlFactory
Compile TV & Mobile APKs	Build Android TV & Mobile APKs	2026-09-07T03:31:00.0494274Z e: file:///home/runner/work/tvmime/tvmime/tvApp/src/main/java/com/tvmime/tv/sv_ui/screens/player/PlayerAlternateStreamSupport.kt:149:16 Unresolved reference: XtreamStreamKind
Compile TV & Mobile APKs	Build Android TV & Mobile APKs	2026-09-07T03:31:00.0496289Z e: file:///home/runner/work/tvmime/tvmime/tvApp/src/main/java/com/tvmime/tv/sv_ui/screens/player/PlayerCastCoordinator.kt:3:28 Unresolved reference: cast
Compile TV & Mobile APKs	Build Android TV & Mobile APKs	2026-09-07T03:31:00.0498632Z e: file:///home/runner/work/tvmime/tvmime/tvApp/src/main/java/com/tvmime/tv/sv_ui/screens/player/PlayerCastCoordinator.kt:4:28 Unresolved reference: cast
Compile TV & Mobile APKs	Build Android TV & Mobile APKs	2026-09-07T03:31:00.0523639Z e: file:///home/runner/work/tvmime/tvmime/tvApp/src/main/java/com/tvmime/tv/sv_ui/screens/player/PlayerCastCoordinator.kt:5:28 Unresolved reference: cast
Compile TV & Mobile APKs	Build Android TV & Mobile APKs	2026-09-07T03:31:00.0525593Z e: file:///home/runner/work/tvmime/tvmime/tvApp/src/main/java/com/tvmime/tv/sv_ui/screens/player/PlayerCastCoordinator.kt:6:28 Unresolved reference: cast
Compile TV & Mobile APKs	Build Android TV & Mobile APKs	2026-09-07T03:31:00.0527470Z e: file:///home/runner/work/tvmime/tvmime/tvApp/src/main/java/com/tvmime/tv/sv_ui/screens/player/PlayerCastCoordinator.kt:7:28 Unresolved reference: cast
Compile TV & Mobile APKs	Build Android TV & Mobile APKs	2026-09-07T03:31:00.0529366Z e: file:///home/runner/work/tvmime/tvmime/tvApp/src/main/java/com/tvmime/tv/sv_ui/screens/player/PlayerCastCoordinator.kt:8:28 Unresolved reference: cast
Compile TV & Mobile APKs	Build Android TV & Mobile APKs	2026-09-07T03:31:00.0531470Z e: file:///home/runner/work/tvmime/tvmime/tvApp/src/main/java/com/tvmime/tv/sv_ui/screens/player/PlayerCastCoordinator.kt:9:28 Unresolved reference: cast
Compile TV & Mobile APKs	Build Android TV & Mobile APKs	2026-09-07T03:31:00.0533307Z e: file:///home/runner/work/tvmime/tvmime/tvApp/src/main/java/com/tvmime/tv/sv_ui/screens/player/PlayerCastCoordinator.kt:10:28 Unresolved reference: cast
Compile TV & Mobile APKs	Build Android TV & Mobile APKs	2026-09-07T03:31:00.0535519Z e: file:///home/runner/work/tvmime/tvmime/tvApp/src/main/java/com/tvmime/tv/sv_ui/screens/player/PlayerCastCoordinator.kt:14:14 Unresolved reference: inject
Compile TV & Mobile APKs	Build Android TV & Mobile APKs	2026-09-07T03:31:00.0537440Z e: file:///home/runner/work/tvmime/tvmime/tvApp/src/main/java/com/tvmime/tv/sv_ui/screens/player/PlayerCastCoordinator.kt:17:30 Unresolved reference: Inject
Compile TV & Mobile APKs	Build Android TV & Mobile APKs	2026-09-07T03:31:00.0539423Z e: file:///home/runner/work/tvmime/tvmime/tvApp/src/main/java/com/tvmime/tv/sv_ui/screens/player/PlayerCastCoordinator.kt:18:30 Unresolved reference: CastManager
Compile TV & Mobile APKs	Build Android TV & Mobile APKs	2026-09-07T03:31:00.0570894Z e: file:///home/runner/work/tvmime/tvmime/tvApp/src/main/java/com/tvmime/tv/sv_ui/screens/player/PlayerCastCoordinator.kt:19:33 Unresolved reference: CastMediaRequestFactory
Compile TV & Mobile APKs	Build Android TV & Mobile APKs	2026-09-07T03:31:00.0573196Z e: file:///home/runner/work/tvmime/tvmime/tvApp/src/main/java/com/tvmime/tv/sv_ui/screens/player/PlayerCastCoordinator.kt:20:38 Unresolved reference: CastPlaybackCoordinator
Compile TV & Mobile APKs	Build Android TV & Mobile APKs	2026-09-07T03:31:00.0575337Z e: file:///home/runner/work/tvmime/tvmime/tvApp/src/main/java/com/tvmime/tv/sv_ui/screens/player/PlayerCastCoordinator.kt:22:36 Unresolved reference: CastConnectionState
Compile TV & Mobile APKs	Build Android TV & Mobile APKs	2026-09-07T03:31:00.0577439Z e: file:///home/runner/work/tvmime/tvmime/tvApp/src/main/java/com/tvmime/tv/sv_ui/screens/player/PlayerCastCoordinator.kt:23:30 Unresolved reference: CastPlaybackEvent
Compile TV & Mobile APKs	Build Android TV & Mobile APKs	2026-09-07T03:31:00.0579508Z e: file:///home/runner/work/tvmime/tvmime/tvApp/src/main/java/com/tvmime/tv/sv_ui/screens/player/PlayerCastCoordinator.kt:25:48 Unresolved reference: CastMediaRequest
Compile TV & Mobile APKs	Build Android TV & Mobile APKs	2026-09-07T03:31:00.0581781Z e: file:///home/runner/work/tvmime/tvmime/tvApp/src/main/java/com/tvmime/tv/sv_ui/screens/player/PlayerCastCoordinator.kt:25:67 Unresolved reference: CastStartResult
Compile TV & Mobile APKs	Build Android TV & Mobile APKs	2026-09-07T03:31:00.0583748Z e: file:///home/runner/work/tvmime/tvmime/tvApp/src/main/java/com/tvmime/tv/sv_ui/screens/player/PlayerCastCoordinator.kt:39:8 Unresolved reference: CastMediaRequestBuildResult
Compile TV & Mobile APKs	Build Android TV & Mobile APKs	2026-09-07T03:31:00.0585846Z e: file:///home/runner/work/tvmime/tvmime/tvApp/src/main/java/com/tvmime/tv/sv_ui/screens/player/PlayerChannelCoordinator.kt:9:14 Unresolved reference: inject
Compile TV & Mobile APKs	Build Android TV & Mobile APKs	2026-09-07T03:31:00.0587875Z e: file:///home/runner/work/tvmime/tvmime/tvApp/src/main/java/com/tvmime/tv/sv_ui/screens/player/PlayerChannelCoordinator.kt:12:33 Unresolved reference: Inject
Compile TV & Mobile APKs	Build Android TV & Mobile APKs	2026-09-07T03:31:00.0590596Z e: file:///home/runner/work/tvmime/tvmime/tvApp/src/main/java/com/tvmime/tv/sv_ui/screens/player/PlayerContentResolver.kt:3:29 Unresolved reference: remote
Compile TV & Mobile APKs	Build Android TV & Mobile APKs	2026-09-07T03:31:00.0592589Z e: file:///home/runner/work/tvmime/tvmime/tvApp/src/main/java/com/tvmime/tv/sv_ui/screens/player/PlayerContentResolver.kt:4:29 Unresolved reference: remote
Compile TV & Mobile APKs	Build Android TV & Mobile APKs	2026-09-07T03:31:00.0594561Z e: file:///home/runner/work/tvmime/tvmime/tvApp/src/main/java/com/tvmime/tv/sv_ui/screens/player/PlayerContentResolver.kt:5:29 Unresolved reference: security
Compile TV & Mobile APKs	Build Android TV & Mobile APKs	2026-09-07T03:31:00.0596965Z e: file:///home/runner/work/tvmime/tvmime/tvApp/src/main/java/com/tvmime/tv/sv_ui/screens/player/PlayerContentResolver.kt:17:14 Unresolved reference: inject
Compile TV & Mobile APKs	Build Android TV & Mobile APKs	2026-09-07T03:31:00.0598974Z e: file:///home/runner/work/tvmime/tvmime/tvApp/src/main/java/com/tvmime/tv/sv_ui/screens/player/PlayerContentResolver.kt:25:30 Unresolved reference: Inject
Compile TV & Mobile APKs	Build Android TV & Mobile APKs	2026-09-07T03:31:00.0631459Z e: file:///home/runner/work/tvmime/tvmime/tvApp/src/main/java/com/tvmime/tv/sv_ui/screens/player/PlayerContentResolver.kt:29:43 Unresolved reference: ProviderPlaybackResolver
Compile TV & Mobile APKs	Build Android TV & Mobile APKs	2026-09-07T03:31:00.0633655Z e: file:///home/runner/work/tvmime/tvmime/tvApp/src/main/java/com/tvmime/tv/sv_ui/screens/player/PlayerContentResolver.kt:81:30 Unresolved reference: ProviderPlaybackResolver
Compile TV & Mobile APKs	Build Android TV & Mobile APKs	2026-09-07T03:31:00.0635952Z e: file:///home/runner/work/tvmime/tvmime/tvApp/src/main/java/com/tvmime/tv/sv_ui/screens/player/PlayerContentResolver.kt:170:18 Cannot infer a type for this parameter. Please specify it explicitly.
Compile TV & Mobile APKs	Build Android TV & Mobile APKs	2026-09-07T03:31:00.0638199Z e: file:///home/runner/work/tvmime/tvmime/tvApp/src/main/java/com/tvmime/tv/sv_ui/screens/player/PlayerContentResolver.kt:172:13 'return' is not allowed here
Compile TV & Mobile APKs	Build Android TV & Mobile APKs	2026-09-07T03:31:00.0641073Z e: file:///home/runner/work/tvmime/tvmime/tvApp/src/main/java/com/tvmime/tv/sv_ui/screens/player/PlayerContentResolver.kt:188:17 Unresolved reference: CredentialDecryptionException
Compile TV & Mobile APKs	Build Android TV & Mobile APKs	2026-09-07T03:31:00.0644192Z e: file:///home/runner/work/tvmime/tvmime/tvApp/src/main/java/com/tvmime/tv/sv_ui/screens/player/PlayerContentResolver.kt:191:53 Unresolved reference: CredentialDecryptionException
Compile TV & Mobile APKs	Build Android TV & Mobile APKs	2026-09-07T03:31:00.0646529Z e: file:///home/runner/work/tvmime/tvmime/tvApp/src/main/java/com/tvmime/tv/sv_ui/screens/player/PlayerContentResolver.kt:193:17 Unresolved reference: StalkerPlaybackResolutionException
Compile TV & Mobile APKs	Build Android TV & Mobile APKs	2026-09-07T03:31:00.0648572Z e: file:///home/runner/work/tvmime/tvmime/tvApp/src/main/java/com/tvmime/tv/sv_ui/screens/player/PlayerEngineCoordinator.kt:3:28 Unresolved reference: di
Compile TV & Mobile APKs	Build Android TV & Mobile APKs	2026-09-07T03:31:00.0650646Z e: file:///home/runner/work/tvmime/tvmime/tvApp/src/main/java/com/tvmime/tv/sv_ui/screens/player/PlayerEngineCoordinator.kt:5:8 Unresolved reference: dagger
Compile TV & Mobile APKs	Build Android TV & Mobile APKs	2026-09-07T03:31:00.0652500Z e: file:///home/runner/work/tvmime/tvmime/tvApp/src/main/java/com/tvmime/tv/sv_ui/screens/player/PlayerEngineCoordinator.kt:9:14 Unresolved reference: inject
Compile TV & Mobile APKs	Build Android TV & Mobile APKs	2026-09-07T03:31:00.0654532Z e: file:///home/runner/work/tvmime/tvmime/tvApp/src/main/java/com/tvmime/tv/sv_ui/screens/player/PlayerEngineCoordinator.kt:12:2 Unresolved reference: ViewModelScoped
Compile TV & Mobile APKs	Build Android TV & Mobile APKs	2026-09-07T03:31:00.0656578Z e: file:///home/runner/work/tvmime/tvmime/tvApp/src/main/java/com/tvmime/tv/sv_ui/screens/player/PlayerEngineCoordinator.kt:13:32 Unresolved reference: Inject
Compile TV & Mobile APKs	Build Android TV & Mobile APKs	2026-09-07T03:31:00.0658624Z e: file:///home/runner/work/tvmime/tvmime/tvApp/src/main/java/com/tvmime/tv/sv_ui/screens/player/PlayerEngineCoordinator.kt:14:12 Unresolved reference: MainPlayerEngine
Compile TV & Mobile APKs	Build Android TV & Mobile APKs	2026-09-07T03:31:00.0660901Z e: file:///home/runner/work/tvmime/tvmime/tvApp/src/main/java/com/tvmime/tv/sv_ui/screens/player/PlayerEpgCoordinator.kt:11:14 Unresolved reference: inject
Compile TV & Mobile APKs	Build Android TV & Mobile APKs	2026-09-07T03:31:00.0662847Z e: file:///home/runner/work/tvmime/tvmime/tvApp/src/main/java/com/tvmime/tv/sv_ui/screens/player/PlayerEpgCoordinator.kt:16:29 Unresolved reference: Inject
Compile TV & Mobile APKs	Build Android TV & Mobile APKs	2026-09-07T03:31:00.0664879Z e: file:///home/runner/work/tvmime/tvmime/tvApp/src/main/java/com/tvmime/tv/sv_ui/screens/player/PlayerGuideTimelineCoordinator.kt:8:14 Unresolved reference: inject
Compile TV & Mobile APKs	Build Android TV & Mobile APKs	2026-09-07T03:31:00.0666969Z e: file:///home/runner/work/tvmime/tvmime/tvApp/src/main/java/com/tvmime/tv/sv_ui/screens/player/PlayerGuideTimelineCoordinator.kt:11:39 Unresolved reference: Inject
Compile TV & Mobile APKs	Build Android TV & Mobile APKs	2026-09-07T03:31:00.0668983Z e: file:///home/runner/work/tvmime/tvmime/tvApp/src/main/java/com/tvmime/tv/sv_ui/screens/player/PlayerHistoryCoordinator.kt:3:28 Unresolved reference: tv
Compile TV & Mobile APKs	Build Android TV & Mobile APKs	2026-09-07T03:31:00.0691396Z e: file:///home/runner/work/tvmime/tvmime/tvApp/src/main/java/com/tvmime/tv/sv_ui/screens/player/PlayerHistoryCoordinator.kt:4:28 Unresolved reference: tv
Compile TV & Mobile APKs	Build Android TV & Mobile APKs	2026-09-07T03:31:00.0693829Z e: file:///home/runner/work/tvmime/tvmime/tvApp/src/main/java/com/tvmime/tv/sv_ui/screens/player/PlayerHistoryCoordinator.kt:11:14 Unresolved reference: inject
Compile TV & Mobile APKs	Build Android TV & Mobile APKs	2026-09-07T03:31:00.0695911Z e: file:///home/runner/work/tvmime/tvmime/tvApp/src/main/java/com/tvmime/tv/sv_ui/screens/player/PlayerHistoryCoordinator.kt:14:33 Unresolved reference: Inject
Compile TV & Mobile APKs	Build Android TV & Mobile APKs	2026-09-07T03:31:00.0698046Z e: file:///home/runner/work/tvmime/tvmime/tvApp/src/main/java/com/tvmime/tv/sv_ui/screens/player/PlayerHistoryCoordinator.kt:16:35 Unresolved reference: WatchNextManager
Compile TV & Mobile APKs	Build Android TV & Mobile APKs	2026-09-07T03:31:00.0700508Z e: file:///home/runner/work/tvmime/tvmime/tvApp/src/main/java/com/tvmime/tv/sv_ui/screens/player/PlayerHistoryCoordinator.kt:17:49 Unresolved reference: LauncherRecommendationsManager
Compile TV & Mobile APKs	Build Android TV & Mobile APKs	2026-09-07T03:31:00.0702556Z e: file:///home/runner/work/tvmime/tvmime/tvApp/src/main/java/com/tvmime/tv/sv_ui/screens/player/PlayerLifecycleActions.kt:199:42 Unresolved reference: player
Compile TV & Mobile APKs	Build Android TV & Mobile APKs	2026-09-07T03:31:00.0704539Z e: file:///home/runner/work/tvmime/tvmime/tvApp/src/main/java/com/tvmime/tv/sv_ui/screens/player/PlayerPlaybackContextCoordinator.kt:5:14 Unresolved reference: inject
Compile TV & Mobile APKs	Build Android TV & Mobile APKs	2026-09-07T03:31:00.0706837Z e: file:///home/runner/work/tvmime/tvmime/tvApp/src/main/java/com/tvmime/tv/sv_ui/screens/player/PlayerPlaybackContextCoordinator.kt:8:41 Unresolved reference: Inject
Compile TV & Mobile APKs	Build Android TV & Mobile APKs	2026-09-07T03:31:00.0709010Z e: file:///home/runner/work/tvmime/tvmime/tvApp/src/main/java/com/tvmime/tv/sv_ui/screens/player/PlayerPlaybackPreferenceActions.kt:204:84 Type mismatch: inferred type is Long but Int was expected
Compile TV & Mobile APKs	Build Android TV & Mobile APKs	2026-09-07T03:31:00.0711632Z e: file:///home/runner/work/tvmime/tvmime/tvApp/src/main/java/com/tvmime/tv/sv_ui/screens/player/PlayerPlaybackPreferenceActions.kt:234:84 Type mismatch: inferred type is Long but Int was expected
Compile TV & Mobile APKs	Build Android TV & Mobile APKs	2026-09-07T03:31:00.0714003Z e: file:///home/runner/work/tvmime/tvmime/tvApp/src/main/java/com/tvmime/tv/sv_ui/screens/player/PlayerPlaylistActions.kt:104:9 Not enough information to infer type variable T2
Compile TV & Mobile APKs	Build Android TV & Mobile APKs	2026-09-07T03:31:00.0716562Z e: file:///home/runner/work/tvmime/tvmime/tvApp/src/main/java/com/tvmime/tv/sv_ui/screens/player/PlayerPlaylistActions.kt:104:96 Cannot infer a type for this parameter. Please specify it explicitly.
Compile TV & Mobile APKs	Build Android TV & Mobile APKs	2026-09-07T03:31:00.0719327Z e: file:///home/runner/work/tvmime/tvmime/tvApp/src/main/java/com/tvmime/tv/sv_ui/screens/player/PlayerPlaylistActions.kt:106:21 Cannot infer a type for this parameter. Please specify it explicitly.
Compile TV & Mobile APKs	Build Android TV & Mobile APKs	2026-09-07T03:31:00.0762095Z e: file:///home/runner/work/tvmime/tvmime/tvApp/src/main/java/com/tvmime/tv/sv_ui/screens/player/PlayerPlaylistActions.kt:112:30 Unresolved reference: it
Compile TV & Mobile APKs	Build Android TV & Mobile APKs	2026-09-07T03:31:00.0764360Z e: file:///home/runner/work/tvmime/tvmime/tvApp/src/main/java/com/tvmime/tv/sv_ui/screens/player/PlayerPlaylistActions.kt:113:24 Cannot infer a type for this parameter. Please specify it explicitly.
Compile TV & Mobile APKs	Build Android TV & Mobile APKs	2026-09-07T03:31:00.0766652Z e: file:///home/runner/work/tvmime/tvmime/tvApp/src/main/java/com/tvmime/tv/sv_ui/screens/player/PlayerPlaylistActions.kt:161:68 Operator '==' cannot be applied to 'String?' and 'Long'
Compile TV & Mobile APKs	Build Android TV & Mobile APKs	2026-09-07T03:31:00.0768892Z e: file:///home/runner/work/tvmime/tvmime/tvApp/src/main/java/com/tvmime/tv/sv_ui/screens/player/PlayerPlaylistActions.kt:164:45 Operator '==' cannot be applied to 'Long' and 'String?'
Compile TV & Mobile APKs	Build Android TV & Mobile APKs	2026-09-07T03:31:00.0771298Z e: file:///home/runner/work/tvmime/tvmime/tvApp/src/main/java/com/tvmime/tv/sv_ui/screens/player/PlayerPlaylistActions.kt:243:9 Not enough information to infer type variable T2
Compile TV & Mobile APKs	Build Android TV & Mobile APKs	2026-09-07T03:31:00.0773625Z e: file:///home/runner/work/tvmime/tvmime/tvApp/src/main/java/com/tvmime/tv/sv_ui/screens/player/PlayerPlaylistActions.kt:243:91 Cannot infer a type for this parameter. Please specify it explicitly.
Compile TV & Mobile APKs	Build Android TV & Mobile APKs	2026-09-07T03:31:00.0776040Z e: file:///home/runner/work/tvmime/tvmime/tvApp/src/main/java/com/tvmime/tv/sv_ui/screens/player/PlayerPlaylistActions.kt:244:37 'when' expression must be exhaustive, add necessary 'else' branch
Compile TV & Mobile APKs	Build Android TV & Mobile APKs	2026-09-07T03:31:00.0778492Z e: file:///home/runner/work/tvmime/tvmime/tvApp/src/main/java/com/tvmime/tv/sv_ui/screens/player/PlayerPlaylistActions.kt:245:17 Comparison of incompatible enums '???' and 'ChannelNumberingMode' is always unsuccessful
Compile TV & Mobile APKs	Build Android TV & Mobile APKs	2026-09-07T03:31:00.0781865Z e: file:///home/runner/work/tvmime/tvmime/tvApp/src/main/java/com/tvmime/tv/sv_ui/screens/player/PlayerPlaylistActions.kt:248:17 Comparison of incompatible enums '???' and 'ChannelNumberingMode' is always unsuccessful
Compile TV & Mobile APKs	Build Android TV & Mobile APKs	2026-09-07T03:31:00.0784597Z e: file:///home/runner/work/tvmime/tvmime/tvApp/src/main/java/com/tvmime/tv/sv_ui/screens/player/PlayerPlaylistActions.kt:249:17 Comparison of incompatible enums '???' and 'ChannelNumberingMode' is always unsuccessful
Compile TV & Mobile APKs	Build Android TV & Mobile APKs	2026-09-07T03:31:00.0787190Z e: file:///home/runner/work/tvmime/tvmime/tvApp/src/main/java/com/tvmime/tv/sv_ui/screens/player/PlayerPlaylistActions.kt:252:21 Cannot infer a type for this parameter. Please specify it explicitly.
Compile TV & Mobile APKs	Build Android TV & Mobile APKs	2026-09-07T03:31:00.0789452Z e: file:///home/runner/work/tvmime/tvmime/tvApp/src/main/java/com/tvmime/tv/sv_ui/screens/player/PlayerPlaylistCoordinator.kt:13:14 Unresolved reference: inject
Compile TV & Mobile APKs	Build Android TV & Mobile APKs	2026-09-07T03:31:00.0821941Z e: file:///home/runner/work/tvmime/tvmime/tvApp/src/main/java/com/tvmime/tv/sv_ui/screens/player/PlayerPlaylistCoordinator.kt:16:34 Unresolved reference: Inject
Compile TV & Mobile APKs	Build Android TV & Mobile APKs	2026-09-07T03:31:00.0824386Z e: file:///home/runner/work/tvmime/tvmime/tvApp/src/main/java/com/tvmime/tv/sv_ui/screens/player/PlayerPreferencesCoordinator.kt:7:14 Unresolved reference: inject
Compile TV & Mobile APKs	Build Android TV & Mobile APKs	2026-09-07T03:31:00.0826419Z e: file:///home/runner/work/tvmime/tvmime/tvApp/src/main/java/com/tvmime/tv/sv_ui/screens/player/PlayerPreferencesCoordinator.kt:17:37 Unresolved reference: Inject
Compile TV & Mobile APKs	Build Android TV & Mobile APKs	2026-09-07T03:31:00.0828524Z e: file:///home/runner/work/tvmime/tvmime/tvApp/src/main/java/com/tvmime/tv/sv_ui/screens/player/PlayerPreferencesCoordinator.kt:20:60 Unresolved reference: appLanguage
Compile TV & Mobile APKs	Build Android TV & Mobile APKs	2026-09-07T03:31:00.0831051Z e: file:///home/runner/work/tvmime/tvmime/tvApp/src/main/java/com/tvmime/tv/sv_ui/screens/player/PlayerPreferencesCoordinator.kt:21:68 Unresolved reference: autoPlayNextEpisode
Compile TV & Mobile APKs	Build Android TV & Mobile APKs	2026-09-07T03:31:00.0833270Z e: file:///home/runner/work/tvmime/tvmime/tvApp/src/main/java/com/tvmime/tv/sv_ui/screens/player/PlayerPreferencesCoordinator.kt:22:79 Unresolved reference: defaultIdleStandbyTimerMinutes
Compile TV & Mobile APKs	Build Android TV & Mobile APKs	2026-09-07T03:31:00.0835696Z e: file:///home/runner/work/tvmime/tvmime/tvApp/src/main/java/com/tvmime/tv/sv_ui/screens/player/PlayerPreferencesCoordinator.kt:23:80 Unresolved reference: defaultStopPlaybackTimerMinutes
Compile TV & Mobile APKs	Build Android TV & Mobile APKs	2026-09-07T03:31:00.0838041Z e: file:///home/runner/work/tvmime/tvmime/tvApp/src/main/java/com/tvmime/tv/sv_ui/screens/player/PlayerPreferencesCoordinator.kt:24:73 Unresolved reference: liveChannelNumberingMode
Compile TV & Mobile APKs	Build Android TV & Mobile APKs	2026-09-07T03:31:00.0840610Z e: file:///home/runner/work/tvmime/tvmime/tvApp/src/main/java/com/tvmime/tv/sv_ui/screens/player/PlayerPreferencesCoordinator.kt:25:72 Unresolved reference: liveVariantObservations
Compile TV & Mobile APKs	Build Android TV & Mobile APKs	2026-09-07T03:31:00.0842960Z e: file:///home/runner/work/tvmime/tvmime/tvApp/src/main/java/com/tvmime/tv/sv_ui/screens/player/PlayerPreferencesCoordinator.kt:26:69 Unresolved reference: parentalControlLevel
Compile TV & Mobile APKs	Build Android TV & Mobile APKs	2026-09-07T03:31:00.0871504Z e: file:///home/runner/work/tvmime/tvmime/tvApp/src/main/java/com/tvmime/tv/sv_ui/screens/player/PlayerPreferencesCoordinator.kt:27:71 Unresolved reference: playerAudioDecoderMode
Compile TV & Mobile APKs	Build Android TV & Mobile APKs	2026-09-07T03:31:00.0873948Z e: file:///home/runner/work/tvmime/tvmime/tvApp/src/main/java/com/tvmime/tv/sv_ui/screens/player/PlayerPreferencesCoordinator.kt:28:76 Unresolved reference: playerAudioOutputPreference
Compile TV & Mobile APKs	Build Android TV & Mobile APKs	2026-09-07T03:31:00.0876397Z e: file:///home/runner/work/tvmime/tvmime/tvApp/src/main/java/com/tvmime/tv/sv_ui/screens/player/PlayerPreferencesCoordinator.kt:29:73 Unresolved reference: playerAudioVideoOffsetMs
Compile TV & Mobile APKs	Build Android TV & Mobile APKs	2026-09-07T03:31:00.0878842Z e: file:///home/runner/work/tvmime/tvmime/tvApp/src/main/java/com/tvmime/tv/sv_ui/screens/player/PlayerPreferencesCoordinator.kt:30:81 Unresolved reference: playerCompatibilityMemoryEnabled
Compile TV & Mobile APKs	Build Android TV & Mobile APKs	2026-09-07T03:31:00.0881513Z e: file:///home/runner/work/tvmime/tvmime/tvApp/src/main/java/com/tvmime/tv/sv_ui/screens/player/PlayerPreferencesCoordinator.kt:80:60 Type mismatch: inferred type is Long but String was expected
Compile TV & Mobile APKs	Build Android TV & Mobile APKs	2026-09-07T03:31:00.0884332Z e: file:///home/runner/work/tvmime/tvmime/tvApp/src/main/java/com/tvmime/tv/sv_ui/screens/player/PlayerPreferencesCoordinator.kt:87:59 Type mismatch: inferred type is Long but String was expected
Compile TV & Mobile APKs	Build Android TV & Mobile APKs	2026-09-07T03:31:00.0886789Z e: file:///home/runner/work/tvmime/tvmime/tvApp/src/main/java/com/tvmime/tv/sv_ui/screens/player/PlayerPreferencesCoordinator.kt:91:67 Type mismatch: inferred type is String but Float? was expected
Compile TV & Mobile APKs	Build Android TV & Mobile APKs	2026-09-07T03:31:00.0889182Z e: file:///home/runner/work/tvmime/tvmime/tvApp/src/main/java/com/tvmime/tv/sv_ui/screens/player/PlayerPreferencesCoordinator.kt:95:72 Type mismatch: inferred type is Int but Long was expected
Compile TV & Mobile APKs	Build Android TV & Mobile APKs	2026-09-07T03:31:00.0891708Z e: file:///home/runner/work/tvmime/tvmime/tvApp/src/main/java/com/tvmime/tv/sv_ui/screens/player/PlayerPreferencesCoordinator.kt:99:59 Type mismatch: inferred type is Int but Long was expected
Compile TV & Mobile APKs	Build Android TV & Mobile APKs	2026-09-07T03:31:00.0894095Z e: file:///home/runner/work/tvmime/tvmime/tvApp/src/main/java/com/tvmime/tv/sv_ui/screens/player/PlayerPreferencesCoordinator.kt:115:67 Type mismatch: inferred type is String but Long was expected
Compile TV & Mobile APKs	Build Android TV & Mobile APKs	2026-09-07T03:31:00.0896709Z e: file:///home/runner/work/tvmime/tvmime/tvApp/src/main/java/com/tvmime/tv/sv_ui/screens/player/PlayerPreferencesCoordinator.kt:115:83 Type mismatch: inferred type is Long but String was expected
Compile TV & Mobile APKs	Build Android TV & Mobile APKs	2026-09-07T03:31:00.0899131Z e: file:///home/runner/work/tvmime/tvmime/tvApp/src/main/java/com/tvmime/tv/sv_ui/screens/player/PlayerPreparationContextActions.kt:101:59 Type mismatch: inferred type is Float but String was expected
Compile TV & Mobile APKs	Build Android TV & Mobile APKs	2026-09-07T03:31:00.0931952Z e: file:///home/runner/work/tvmime/tvmime/tvApp/src/main/java/com/tvmime/tv/sv_ui/screens/player/PlayerPreparationCoordinator.kt:18:14 Unresolved reference: inject
Compile TV & Mobile APKs	Build Android TV & Mobile APKs	2026-09-07T03:31:00.0934174Z e: file:///home/runner/work/tvmime/tvmime/tvApp/src/main/java/com/tvmime/tv/sv_ui/screens/player/PlayerPreparationCoordinator.kt:21:37 Unresolved reference: Inject
Compile TV & Mobile APKs	Build Android TV & Mobile APKs	2026-09-07T03:31:00.0936502Z e: file:///home/runner/work/tvmime/tvmime/tvApp/src/main/java/com/tvmime/tv/sv_ui/screens/player/PlayerPreparationCoordinator.kt:66:55 Unresolved reference: preparePlaybackStreamInfo
Compile TV & Mobile APKs	Build Android TV & Mobile APKs	2026-09-07T03:31:00.0939186Z e: file:///home/runner/work/tvmime/tvmime/tvApp/src/main/java/com/tvmime/tv/sv_ui/screens/player/PlayerPreparationCoordinator.kt:75:16 One type argument expected. Use 'Success<*>' if you don't want to pass type arguments
Compile TV & Mobile APKs	Build Android TV & Mobile APKs	2026-09-07T03:31:00.0941795Z e: file:///home/runner/work/tvmime/tvmime/tvApp/src/main/java/com/tvmime/tv/sv_ui/screens/player/PlayerPreviewCoordinator.kt:4:28 Unresolved reference: player
Compile TV & Mobile APKs	Build Android TV & Mobile APKs	2026-09-07T03:31:00.0943759Z e: file:///home/runner/work/tvmime/tvmime/tvApp/src/main/java/com/tvmime/tv/sv_ui/screens/player/PlayerPreviewCoordinator.kt:5:28 Unresolved reference: player
Compile TV & Mobile APKs	Build Android TV & Mobile APKs	2026-09-07T03:31:00.0946322Z e: file:///home/runner/work/tvmime/tvmime/tvApp/src/main/java/com/tvmime/tv/sv_ui/screens/player/PlayerPreviewCoordinator.kt:14:14 Unresolved reference: inject
Compile TV & Mobile APKs	Build Android TV & Mobile APKs	2026-09-07T03:31:00.0948328Z e: file:///home/runner/work/tvmime/tvmime/tvApp/src/main/java/com/tvmime/tv/sv_ui/screens/player/PlayerPreviewCoordinator.kt:17:33 Unresolved reference: Inject
Compile TV & Mobile APKs	Build Android TV & Mobile APKs	2026-09-07T03:31:00.0950574Z e: file:///home/runner/work/tvmime/tvmime/tvApp/src/main/java/com/tvmime/tv/sv_ui/screens/player/PlayerPreviewCoordinator.kt:18:33 Unresolved reference: LivePreviewHandoffManager
Compile TV & Mobile APKs	Build Android TV & Mobile APKs	2026-09-07T03:31:00.0981298Z e: file:///home/runner/work/tvmime/tvmime/tvApp/src/main/java/com/tvmime/tv/sv_ui/screens/player/PlayerPreviewCoordinator.kt:26:8 Unresolved reference: LivePreviewHandoffManager
Compile TV & Mobile APKs	Build Android TV & Mobile APKs	2026-09-07T03:31:00.1000516Z e: file:///home/runner/work/tvmime/tvmime/tvApp/src/main/java/com/tvmime/tv/sv_ui/screens/player/PlayerPreviewCoordinator.kt:37:17 Unresolved reference: PreviewHandoffSource
Compile TV & Mobile APKs	Build Android TV & Mobile APKs	2026-09-07T03:31:00.1007831Z e: file:///home/runner/work/tvmime/tvmime/tvApp/src/main/java/com/tvmime/tv/sv_ui/screens/player/PlayerPreviewCoordinator.kt:58:50 Unresolved reference: streamInfo
Compile TV & Mobile APKs	Build Android TV & Mobile APKs	2026-09-07T03:31:00.1010689Z e: file:///home/runner/work/tvmime/tvmime/tvApp/src/main/java/com/tvmime/tv/sv_ui/screens/player/PlayerPreviewCoordinator.kt:60:27 Unresolved reference: engine
Compile TV & Mobile APKs	Build Android TV & Mobile APKs	2026-09-07T03:31:00.1012728Z e: file:///home/runner/work/tvmime/tvmime/tvApp/src/main/java/com/tvmime/tv/sv_ui/screens/player/PlayerPreviewCoordinator.kt:61:21 Unresolved reference: engine
Compile TV & Mobile APKs	Build Android TV & Mobile APKs	2026-09-07T03:31:00.1014697Z e: file:///home/runner/work/tvmime/tvmime/tvApp/src/main/java/com/tvmime/tv/sv_ui/screens/player/PlayerPreviewCoordinator.kt:65:37 Unresolved reference: engine
Compile TV & Mobile APKs	Build Android TV & Mobile APKs	2026-09-07T03:31:00.1016597Z e: file:///home/runner/work/tvmime/tvmime/tvApp/src/main/java/com/tvmime/tv/sv_ui/screens/player/PlayerPreviewCoordinator.kt:85:35 Unresolved reference: streamInfo
Compile TV & Mobile APKs	Build Android TV & Mobile APKs	2026-09-07T03:31:00.1018561Z e: file:///home/runner/work/tvmime/tvmime/tvApp/src/main/java/com/tvmime/tv/sv_ui/screens/player/PlayerPreviewCoordinator.kt:88:35 Unresolved reference: streamInfo
Compile TV & Mobile APKs	Build Android TV & Mobile APKs	2026-09-07T03:31:00.1024671Z e: file:///home/runner/work/tvmime/tvmime/tvApp/src/main/java/com/tvmime/tv/sv_ui/screens/player/PlayerProviderCoordinator.kt:6:29 Unresolved reference: security
Compile TV & Mobile APKs	Build Android TV & Mobile APKs	2026-09-07T03:31:00.1035209Z e: file:///home/runner/work/tvmime/tvmime/tvApp/src/main/java/com/tvmime/tv/sv_ui/screens/player/PlayerProviderCoordinator.kt:7:14 Unresolved reference: inject
Compile TV & Mobile APKs	Build Android TV & Mobile APKs	2026-09-07T03:31:00.1042073Z e: file:///home/runner/work/tvmime/tvmime/tvApp/src/main/java/com/tvmime/tv/sv_ui/screens/player/PlayerProviderCoordinator.kt:10:34 Unresolved reference: Inject
Compile TV & Mobile APKs	Build Android TV & Mobile APKs	2026-09-07T03:31:00.1052573Z e: file:///home/runner/work/tvmime/tvmime/tvApp/src/main/java/com/tvmime/tv/sv_ui/screens/player/PlayerProviderCoordinator.kt:23:21 Unresolved reference: CredentialDecryptionException
Compile TV & Mobile APKs	Build Android TV & Mobile APKs	2026-09-07T03:31:00.1062446Z e: file:///home/runner/work/tvmime/tvmime/tvApp/src/main/java/com/tvmime/tv/sv_ui/screens/player/PlayerProviderCoordinator.kt:24:39 Unresolved reference: CredentialDecryptionException
Compile TV & Mobile APKs	Build Android TV & Mobile APKs	2026-09-07T03:31:00.1072692Z e: file:///home/runner/work/tvmime/tvmime/tvApp/src/main/java/com/tvmime/tv/sv_ui/screens/player/PlayerRecordingCoordinator.kt:10:14 Unresolved reference: inject
Compile TV & Mobile APKs	Build Android TV & Mobile APKs	2026-09-07T03:31:00.1078879Z e: file:///home/runner/work/tvmime/tvmime/tvApp/src/main/java/com/tvmime/tv/sv_ui/screens/player/PlayerRecordingCoordinator.kt:13:35 Unresolved reference: Inject
Compile TV & Mobile APKs	Build Android TV & Mobile APKs	2026-09-07T03:31:00.1089229Z e: file:///home/runner/work/tvmime/tvmime/tvApp/src/main/java/com/tvmime/tv/sv_ui/screens/player/PlayerRecoveryCoordinator.kt:3:14 Unresolved reference: inject
Compile TV & Mobile APKs	Build Android TV & Mobile APKs	2026-09-07T03:31:00.1095747Z e: file:///home/runner/work/tvmime/tvmime/tvApp/src/main/java/com/tvmime/tv/sv_ui/screens/player/PlayerRecoveryCoordinator.kt:12:34 Unresolved reference: Inject
Compile TV & Mobile APKs	Build Android TV & Mobile APKs	2026-09-07T03:31:00.1105863Z e: file:///home/runner/work/tvmime/tvmime/tvApp/src/main/java/com/tvmime/tv/sv_ui/screens/player/PlayerRecoveryExecutionCoordinator.kt:15:14 Unresolved reference: inject
Compile TV & Mobile APKs	Build Android TV & Mobile APKs	2026-09-07T03:31:00.1116277Z e: file:///home/runner/work/tvmime/tvmime/tvApp/src/main/java/com/tvmime/tv/sv_ui/screens/player/PlayerRecoveryExecutionCoordinator.kt:69:43 Unresolved reference: Inject
Compile TV & Mobile APKs	Build Android TV & Mobile APKs	2026-09-07T03:31:00.1118352Z e: file:///home/runner/work/tvmime/tvmime/tvApp/src/main/java/com/tvmime/tv/sv_ui/screens/player/PlayerScreen.kt:10:17 Unresolved reference: hilt
Compile TV & Mobile APKs	Build Android TV & Mobile APKs	2026-09-07T03:31:00.1120687Z e: file:///home/runner/work/tvmime/tvmime/tvApp/src/main/java/com/tvmime/tv/sv_ui/screens/player/PlayerScreen.kt:46:28 Unresolved reference: device
Compile TV & Mobile APKs	Build Android TV & Mobile APKs	2026-09-07T03:31:00.1122549Z e: file:///home/runner/work/tvmime/tvmime/tvApp/src/main/java/com/tvmime/tv/sv_ui/screens/player/PlayerScreen.kt:62:8 Unresolved reference: dagger
Compile TV & Mobile APKs	Build Android TV & Mobile APKs	2026-09-07T03:31:00.1124400Z e: file:///home/runner/work/tvmime/tvmime/tvApp/src/main/java/com/tvmime/tv/sv_ui/screens/player/PlayerScreen.kt:66:14 Unresolved reference: inject
Compile TV & Mobile APKs	Build Android TV & Mobile APKs	2026-09-07T03:31:00.1126275Z e: file:///home/runner/work/tvmime/tvmime/tvApp/src/main/java/com/tvmime/tv/sv_ui/screens/player/PlayerScreen.kt:79:28 Unresolved reference: MainActivity
Compile TV & Mobile APKs	Build Android TV & Mobile APKs	2026-09-07T03:31:00.1128114Z e: file:///home/runner/work/tvmime/tvmime/tvApp/src/main/java/com/tvmime/tv/sv_ui/screens/player/PlayerScreen.kt:80:28 Unresolved reference: cast
Compile TV & Mobile APKs	Build Android TV & Mobile APKs	2026-09-07T03:31:00.1134365Z e: file:///home/runner/work/tvmime/tvmime/tvApp/src/main/java/com/tvmime/tv/sv_ui/screens/player/PlayerScreen.kt:104:36 Unresolved reference: multiview
Compile TV & Mobile APKs	Build Android TV & Mobile APKs	2026-09-07T03:31:00.1144232Z e: file:///home/runner/work/tvmime/tvmime/tvApp/src/main/java/com/tvmime/tv/sv_ui/screens/player/PlayerScreen.kt:105:36 Unresolved reference: multiview
Compile TV & Mobile APKs	Build Android TV & Mobile APKs	2026-09-07T03:31:00.1150473Z e: file:///home/runner/work/tvmime/tvmime/tvApp/src/main/java/com/tvmime/tv/sv_ui/screens/player/PlayerScreen.kt:106:28 Unresolved reference: navigation
Compile TV & Mobile APKs	Build Android TV & Mobile APKs	2026-09-07T03:31:00.1160643Z e: file:///home/runner/work/tvmime/tvmime/tvApp/src/main/java/com/tvmime/tv/sv_ui/screens/player/PlayerScreen.kt:135:34 Unresolved reference: hiltViewModel
Compile TV & Mobile APKs	Build Android TV & Mobile APKs	2026-09-07T03:31:00.1170965Z e: file:///home/runner/work/tvmime/tvmime/tvApp/src/main/java/com/tvmime/tv/sv_ui/screens/player/PlayerScreen.kt:138:30 Unresolved reference: rememberIsTelevisionDevice
Compile TV & Mobile APKs	Build Android TV & Mobile APKs	2026-09-07T03:31:00.1192587Z e: file:///home/runner/work/tvmime/tvmime/tvApp/src/main/java/com/tvmime/tv/sv_ui/screens/player/PlayerScreen.kt:217:32 Property delegate must have a 'getValue(Nothing?, KProperty<*>)' method. None of the following functions is suitable: 
Compile TV & Mobile APKs	Build Android TV & Mobile APKs	2026-09-07T03:31:00.1203352Z public inline operator fun <T> State<???>.getValue(thisObj: Any?, property: KProperty<*>): ??? defined in androidx.compose.runtime
Compile TV & Mobile APKs	Build Android TV & Mobile APKs	2026-09-07T03:31:00.1213217Z e: file:///home/runner/work/tvmime/tvmime/tvApp/src/main/java/com/tvmime/tv/sv_ui/screens/player/PlayerScreen.kt:398:33 Unresolved reference: MultiViewViewModel
Compile TV & Mobile APKs	Build Android TV & Mobile APKs	2026-09-07T03:31:00.1219182Z e: file:///home/runner/work/tvmime/tvmime/tvApp/src/main/java/com/tvmime/tv/sv_ui/screens/player/PlayerScreen.kt:398:54 Unresolved reference: hiltViewModel
Compile TV & Mobile APKs	Build Android TV & Mobile APKs	2026-09-07T03:31:00.1225235Z e: file:///home/runner/work/tvmime/tvmime/tvApp/src/main/java/com/tvmime/tv/sv_ui/screens/player/PlayerScreen.kt:399:9 Unresolved reference: MultiViewPlannerDialog
Compile TV & Mobile APKs	Build Android TV & Mobile APKs	2026-09-07T03:31:00.1231419Z e: file:///home/runner/work/tvmime/tvmime/tvApp/src/main/java/com/tvmime/tv/sv_ui/screens/player/PlayerScreen.kt:405:36 Unresolved reference: Routes
Compile TV & Mobile APKs	Build Android TV & Mobile APKs	2026-09-07T03:31:00.1233415Z e: file:///home/runner/work/tvmime/tvmime/tvApp/src/main/java/com/tvmime/tv/sv_ui/screens/player/PlayerScreen.kt:1076:54 Unresolved reference: CastConnectionState
Compile TV & Mobile APKs	Build Android TV & Mobile APKs	2026-09-07T03:31:00.1235502Z e: file:///home/runner/work/tvmime/tvmime/tvApp/src/main/java/com/tvmime/tv/sv_ui/screens/player/PlayerScreen.kt:1211:44 Unresolved reference: CastConnectionState
Compile TV & Mobile APKs	Build Android TV & Mobile APKs	2026-09-07T03:31:00.1237547Z e: file:///home/runner/work/tvmime/tvmime/tvApp/src/main/java/com/tvmime/tv/sv_ui/screens/player/PlayerScreen.kt:1397:62 Unresolved reference: CastConnectionState
Compile TV & Mobile APKs	Build Android TV & Mobile APKs	2026-09-07T03:31:00.1239570Z e: file:///home/runner/work/tvmime/tvmime/tvApp/src/main/java/com/tvmime/tv/sv_ui/screens/player/PlayerScreen.kt:1556:65 Unresolved reference: MainActivity
Compile TV & Mobile APKs	Build Android TV & Mobile APKs	2026-09-07T03:31:00.1241902Z e: file:///home/runner/work/tvmime/tvmime/tvApp/src/main/java/com/tvmime/tv/sv_ui/screens/player/PlayerScreen.kt:1557:8 Unresolved reference: MainActivity
Compile TV & Mobile APKs	Build Android TV & Mobile APKs	2026-09-07T03:31:00.1243933Z e: file:///home/runner/work/tvmime/tvmime/tvApp/src/main/java/com/tvmime/tv/sv_ui/screens/player/PlayerThumbnailCoordinator.kt:4:14 Unresolved reference: inject
Compile TV & Mobile APKs	Build Android TV & Mobile APKs	2026-09-07T03:31:00.1246041Z e: file:///home/runner/work/tvmime/tvmime/tvApp/src/main/java/com/tvmime/tv/sv_ui/screens/player/PlayerThumbnailCoordinator.kt:7:35 Unresolved reference: Inject
Compile TV & Mobile APKs	Build Android TV & Mobile APKs	2026-09-07T03:31:00.1248102Z e: file:///home/runner/work/tvmime/tvmime/tvApp/src/main/java/com/tvmime/tv/sv_ui/screens/player/PlayerTimeshiftCoordinator.kt:6:14 Unresolved reference: inject
Compile TV & Mobile APKs	Build Android TV & Mobile APKs	2026-09-07T03:31:00.1250476Z e: file:///home/runner/work/tvmime/tvmime/tvApp/src/main/java/com/tvmime/tv/sv_ui/screens/player/PlayerTimeshiftCoordinator.kt:9:35 Unresolved reference: Inject
Compile TV & Mobile APKs	Build Android TV & Mobile APKs	2026-09-07T03:31:00.1252576Z e: file:///home/runner/work/tvmime/tvmime/tvApp/src/main/java/com/tvmime/tv/sv_ui/screens/player/PlayerTranslationCoordinator.kt:3:28 Unresolved reference: player
Compile TV & Mobile APKs	Build Android TV & Mobile APKs	2026-09-07T03:31:00.1255175Z e: file:///home/runner/work/tvmime/tvmime/tvApp/src/main/java/com/tvmime/tv/sv_ui/screens/player/PlayerTranslationCoordinator.kt:4:28 Unresolved reference: player
Compile TV & Mobile APKs	Build Android TV & Mobile APKs	2026-09-07T03:31:00.1257237Z e: file:///home/runner/work/tvmime/tvmime/tvApp/src/main/java/com/tvmime/tv/sv_ui/screens/player/PlayerTranslationCoordinator.kt:8:14 Unresolved reference: inject
Compile TV & Mobile APKs	Build Android TV & Mobile APKs	2026-09-07T03:31:00.1259264Z e: file:///home/runner/work/tvmime/tvmime/tvApp/src/main/java/com/tvmime/tv/sv_ui/screens/player/PlayerTranslationCoordinator.kt:11:37 Unresolved reference: Inject
Compile TV & Mobile APKs	Build Android TV & Mobile APKs	2026-09-07T03:31:00.1261879Z e: file:///home/runner/work/tvmime/tvmime/tvApp/src/main/java/com/tvmime/tv/sv_ui/screens/player/PlayerTranslationCoordinator.kt:14:26 Unresolved reference: LiveTranslationSession
Compile TV & Mobile APKs	Build Android TV & Mobile APKs	2026-09-07T03:31:00.1264091Z e: file:///home/runner/work/tvmime/tvmime/tvApp/src/main/java/com/tvmime/tv/sv_ui/screens/player/PlayerTranslationCoordinator.kt:30:9 Unresolved reference: LiveTranslationSession
Compile TV & Mobile APKs	Build Android TV & Mobile APKs	2026-09-07T03:31:00.1274102Z e: file:///home/runner/work/tvmime/tvmime/tvApp/src/main/java/com/tvmime/tv/sv_ui/screens/player/PlayerTranslationCoordinator.kt:33:22 Unresolved reference: LiveTranslationClient
Compile TV & Mobile APKs	Build Android TV & Mobile APKs	2026-09-07T03:31:00.1284873Z e: file:///home/runner/work/tvmime/tvmime/tvApp/src/main/java/com/tvmime/tv/sv_ui/screens/player/PlayerTranslationCoordinator.kt:39:18 Cannot infer a type for this parameter. Please specify it explicitly.
Compile TV & Mobile APKs	Build Android TV & Mobile APKs	2026-09-07T03:31:00.1291783Z e: file:///home/runner/work/tvmime/tvmime/tvApp/src/main/java/com/tvmime/tv/sv_ui/screens/player/PlayerViewModel.kt:6:28 Unresolved reference: cast
Compile TV & Mobile APKs	Build Android TV & Mobile APKs	2026-09-07T03:31:00.1297663Z e: file:///home/runner/work/tvmime/tvmime/tvApp/src/main/java/com/tvmime/tv/sv_ui/screens/player/PlayerViewModel.kt:7:28 Unresolved reference: cast
Compile TV & Mobile APKs	Build Android TV & Mobile APKs	2026-09-07T03:31:00.1307747Z e: file:///home/runner/work/tvmime/tvmime/tvApp/src/main/java/com/tvmime/tv/sv_ui/screens/player/PlayerViewModel.kt:8:28 Unresolved reference: util
Compile TV & Mobile APKs	Build Android TV & Mobile APKs	2026-09-07T03:31:00.1313927Z e: file:///home/runner/work/tvmime/tvmime/tvApp/src/main/java/com/tvmime/tv/sv_ui/screens/player/PlayerViewModel.kt:38:8 Unresolved reference: dagger
Compile TV & Mobile APKs	Build Android TV & Mobile APKs	2026-09-07T03:31:00.1323813Z e: file:///home/runner/work/tvmime/tvmime/tvApp/src/main/java/com/tvmime/tv/sv_ui/screens/player/PlayerViewModel.kt:39:8 Unresolved reference: dagger
Compile TV & Mobile APKs	Build Android TV & Mobile APKs	2026-09-07T03:31:00.1329712Z e: file:///home/runner/work/tvmime/tvmime/tvApp/src/main/java/com/tvmime/tv/sv_ui/screens/player/PlayerViewModel.kt:48:14 Unresolved reference: inject
Compile TV & Mobile APKs	Build Android TV & Mobile APKs	2026-09-07T03:31:00.1340250Z e: file:///home/runner/work/tvmime/tvmime/tvApp/src/main/java/com/tvmime/tv/sv_ui/screens/player/PlayerViewModel.kt:50:2 Unresolved reference: HiltViewModel
Compile TV & Mobile APKs	Build Android TV & Mobile APKs	2026-09-07T03:31:00.1345951Z e: file:///home/runner/work/tvmime/tvmime/tvApp/src/main/java/com/tvmime/tv/sv_ui/screens/player/PlayerViewModel.kt:52:24 Unresolved reference: Inject
Compile TV & Mobile APKs	Build Android TV & Mobile APKs	2026-09-07T03:31:00.1351820Z e: file:///home/runner/work/tvmime/tvmime/tvApp/src/main/java/com/tvmime/tv/sv_ui/screens/player/PlayerViewModel.kt:53:6 Unresolved reference: ApplicationContext
Compile TV & Mobile APKs	Build Android TV & Mobile APKs	2026-09-07T03:31:00.1353958Z e: file:///home/runner/work/tvmime/tvmime/tvApp/src/main/java/com/tvmime/tv/sv_ui/screens/player/PlayerViewModel.kt:401:42 Unresolved reference: CastPlaybackReportMode
Compile TV & Mobile APKs	Build Android TV & Mobile APKs	2026-09-07T03:31:00.1356062Z e: file:///home/runner/work/tvmime/tvmime/tvApp/src/main/java/com/tvmime/tv/sv_ui/screens/player/PlayerViewModel.kt:401:67 Unresolved reference: CastPlaybackReportMode
Compile TV & Mobile APKs	Build Android TV & Mobile APKs	2026-09-07T03:31:00.1358066Z e: file:///home/runner/work/tvmime/tvmime/tvApp/src/main/java/com/tvmime/tv/sv_ui/screens/player/PlayerViewModel.kt:406:40 Unresolved reference: CastConnectionState
Compile TV & Mobile APKs	Build Android TV & Mobile APKs	2026-09-07T03:31:00.1363941Z e: file:///home/runner/work/tvmime/tvmime/tvApp/src/main/java/com/tvmime/tv/sv_ui/screens/player/PlayerViewModel.kt:589:101 Unresolved reference: it
Compile TV & Mobile APKs	Build Android TV & Mobile APKs	2026-09-07T03:31:00.1370180Z e: file:///home/runner/work/tvmime/tvmime/tvApp/src/main/java/com/tvmime/tv/sv_ui/screens/player/PlayerViewModel.kt:592:106 Unresolved reference: it
Compile TV & Mobile APKs	Build Android TV & Mobile APKs	2026-09-07T03:31:00.1375827Z e: file:///home/runner/work/tvmime/tvmime/tvApp/src/main/java/com/tvmime/tv/sv_ui/screens/player/PlayerViewModel.kt:596:80 Unresolved reference: it
Compile TV & Mobile APKs	Build Android TV & Mobile APKs	2026-09-07T03:31:00.1382350Z e: file:///home/runner/work/tvmime/tvmime/tvApp/src/main/java/com/tvmime/tv/sv_ui/screens/player/PlayerViewModel.kt:601:79 Unresolved reference: it
Compile TV & Mobile APKs	Build Android TV & Mobile APKs	2026-09-07T03:31:00.1388517Z e: file:///home/runner/work/tvmime/tvmime/tvApp/src/main/java/com/tvmime/tv/sv_ui/screens/player/PlayerViewModel.kt:632:13 Not enough information to infer type variable T1
Compile TV & Mobile APKs	Build Android TV & Mobile APKs	2026-09-07T03:31:00.1398666Z e: file:///home/runner/work/tvmime/tvmime/tvApp/src/main/java/com/tvmime/tv/sv_ui/screens/player/PlayerViewModel.kt:638:17 Cannot infer a type for this parameter. Please specify it explicitly.
Compile TV & Mobile APKs	Build Android TV & Mobile APKs	2026-09-07T03:31:00.1409429Z e: file:///home/runner/work/tvmime/tvmime/tvApp/src/main/java/com/tvmime/tv/sv_ui/screens/player/PlayerViewModel.kt:640:22 Unresolved reference. None of the following candidates is applicable because of receiver type mismatch: 
Compile TV & Mobile APKs	Build Android TV & Mobile APKs	2026-09-07T03:31:00.1416317Z public fun <T : Comparable<TypeVariable(T)>> TypeVariable(T).coerceIn(minimumValue: TypeVariable(T)?, maximumValue: TypeVariable(T)?): TypeVariable(T) defined in kotlin.ranges
Compile TV & Mobile APKs	Build Android TV & Mobile APKs	2026-09-07T03:31:00.1426194Z public fun <T : Comparable<TypeVariable(T)>> TypeVariable(T).coerceIn(range: ClosedFloatingPointRange<TypeVariable(T)>): TypeVariable(T) defined in kotlin.ranges
Compile TV & Mobile APKs	Build Android TV & Mobile APKs	2026-09-07T03:31:00.1436733Z public fun <T : Comparable<TypeVariable(T)>> TypeVariable(T).coerceIn(range: ClosedRange<TypeVariable(T)>): TypeVariable(T) defined in kotlin.ranges
Compile TV & Mobile APKs	Build Android TV & Mobile APKs	2026-09-07T03:31:00.1442636Z public fun Byte.coerceIn(minimumValue: Byte, maximumValue: Byte): Byte defined in kotlin.ranges
Compile TV & Mobile APKs	Build Android TV & Mobile APKs	2026-09-07T03:31:00.1443913Z public fun Double.coerceIn(minimumValue: Double, maximumValue: Double): Double defined in kotlin.ranges
Compile TV & Mobile APKs	Build Android TV & Mobile APKs	2026-09-07T03:31:00.1449015Z public fun Float.coerceIn(minimumValue: Float, maximumValue: Float): Float defined in kotlin.ranges
Compile TV & Mobile APKs	Build Android TV & Mobile APKs	2026-09-07T03:31:00.1454662Z public fun Int.coerceIn(minimumValue: Int, maximumValue: Int): Int defined in kotlin.ranges
Compile TV & Mobile APKs	Build Android TV & Mobile APKs	2026-09-07T03:31:00.1455773Z public fun Int.coerceIn(range: ClosedRange<Int>): Int defined in kotlin.ranges
Compile TV & Mobile APKs	Build Android TV & Mobile APKs	2026-09-07T03:31:00.1456859Z public fun Long.coerceIn(minimumValue: Long, maximumValue: Long): Long defined in kotlin.ranges
Compile TV & Mobile APKs	Build Android TV & Mobile APKs	2026-09-07T03:31:00.1457955Z public fun Long.coerceIn(range: ClosedRange<Long>): Long defined in kotlin.ranges
Compile TV & Mobile APKs	Build Android TV & Mobile APKs	2026-09-07T03:31:00.1459071Z public fun Short.coerceIn(minimumValue: Short, maximumValue: Short): Short defined in kotlin.ranges
Compile TV & Mobile APKs	Build Android TV & Mobile APKs	2026-09-07T03:31:00.1514436Z public fun UByte.coerceIn(minimumValue: UByte, maximumValue: UByte): UByte defined in kotlin.ranges
Compile TV & Mobile APKs	Build Android TV & Mobile APKs	2026-09-07T03:31:00.1520079Z public fun UInt.coerceIn(minimumValue: UInt, maximumValue: UInt): UInt defined in kotlin.ranges
Compile TV & Mobile APKs	Build Android TV & Mobile APKs	2026-09-07T03:31:00.1528469Z public fun UInt.coerceIn(range: ClosedRange<UInt>): UInt defined in kotlin.ranges
Compile TV & Mobile APKs	Build Android TV & Mobile APKs	2026-09-07T03:31:00.1533650Z public fun ULong.coerceIn(minimumValue: ULong, maximumValue: ULong): ULong defined in kotlin.ranges
Compile TV & Mobile APKs	Build Android TV & Mobile APKs	2026-09-07T03:31:00.1538498Z public fun ULong.coerceIn(range: ClosedRange<ULong>): ULong defined in kotlin.ranges
Compile TV & Mobile APKs	Build Android TV & Mobile APKs	2026-09-07T03:31:00.1539629Z public fun UShort.coerceIn(minimumValue: UShort, maximumValue: UShort): UShort defined in kotlin.ranges
Compile TV & Mobile APKs	Build Android TV & Mobile APKs	2026-09-07T03:31:00.1559128Z e: file:///home/runner/work/tvmime/tvmime/tvApp/src/main/java/com/tvmime/tv/sv_ui/screens/player/PlayerViewModel.kt:643:41 Type mismatch: inferred type is Long? but Int? was expected
Compile TV & Mobile APKs	Build Android TV & Mobile APKs	2026-09-07T03:31:00.1580075Z e: file:///home/runner/work/tvmime/tvmime/tvApp/src/main/java/com/tvmime/tv/sv_ui/screens/player/PlayerViewModel.kt:649:25 Cannot infer a type for this parameter. Please specify it explicitly.
Compile TV & Mobile APKs	Build Android TV & Mobile APKs	2026-09-07T03:31:00.1594896Z e: file:///home/runner/work/tvmime/tvmime/tvApp/src/main/java/com/tvmime/tv/sv_ui/screens/player/PlayerViewModel.kt:696:81 Cannot infer a type for this parameter. Please specify it explicitly.
Compile TV & Mobile APKs	Build Android TV & Mobile APKs	2026-09-07T03:31:00.1615291Z e: file:///home/runner/work/tvmime/tvmime/tvApp/src/main/java/com/tvmime/tv/sv_ui/screens/player/PlayerViewModel.kt:696:92 Cannot infer a type for this parameter. Please specify it explicitly.
Compile TV & Mobile APKs	Build Android TV & Mobile APKs	2026-09-07T03:31:00.1627855Z e: file:///home/runner/work/tvmime/tvmime/tvApp/src/main/java/com/tvmime/tv/sv_ui/screens/player/PlayerViewModel.kt:699:52 Cannot infer a type for this parameter. Please specify it explicitly.
Compile TV & Mobile APKs	Build Android TV & Mobile APKs	2026-09-07T03:31:00.1659428Z e: file:///home/runner/work/tvmime/tvmime/tvApp/src/main/java/com/tvmime/tv/sv_ui/screens/player/PlayerViewModel.kt:699:59 Cannot infer a type for this parameter. Please specify it explicitly.
Compile TV & Mobile APKs	Build Android TV & Mobile APKs	2026-09-07T03:31:00.1684220Z e: file:///home/runner/work/tvmime/tvmime/tvApp/src/main/java/com/tvmime/tv/sv_ui/screens/player/PlayerViewModel.kt:700:28 Cannot infer a type for this parameter. Please specify it explicitly.
Compile TV & Mobile APKs	Build Android TV & Mobile APKs	2026-09-07T03:31:00.1694854Z e: file:///home/runner/work/tvmime/tvmime/tvApp/src/main/java/com/tvmime/tv/sv_ui/screens/player/PlayerViewModel.kt:721:52 Cannot infer a type for this parameter. Please specify it explicitly.
Compile TV & Mobile APKs	Build Android TV & Mobile APKs	2026-09-07T03:31:00.1711519Z e: file:///home/runner/work/tvmime/tvmime/tvApp/src/main/java/com/tvmime/tv/sv_ui/screens/player/PlayerViewModel.kt:721:64 Cannot infer a type for this parameter. Please specify it explicitly.
Compile TV & Mobile APKs	Build Android TV & Mobile APKs	2026-09-07T03:31:00.1718030Z e: file:///home/runner/work/tvmime/tvmime/tvApp/src/main/java/com/tvmime/tv/sv_ui/screens/player/PlayerViewModel.kt:722:28 Cannot infer a type for this parameter. Please specify it explicitly.
Compile TV & Mobile APKs	Build Android TV & Mobile APKs	2026-09-07T03:31:00.1728768Z e: file:///home/runner/work/tvmime/tvmime/tvApp/src/main/java/com/tvmime/tv/sv_ui/screens/player/PlayerViewModel.kt:728:52 Cannot infer a type for this parameter. Please specify it explicitly.
Compile TV & Mobile APKs	Build Android TV & Mobile APKs	2026-09-07T03:31:00.1731245Z e: file:///home/runner/work/tvmime/tvmime/tvApp/src/main/java/com/tvmime/tv/sv_ui/screens/player/PlayerViewModel.kt:728:61 Cannot infer a type for this parameter. Please specify it explicitly.
Compile TV & Mobile APKs	Build Android TV & Mobile APKs	2026-09-07T03:31:00.1733551Z e: file:///home/runner/work/tvmime/tvmime/tvApp/src/main/java/com/tvmime/tv/sv_ui/screens/player/PlayerViewModel.kt:729:28 Cannot infer a type for this parameter. Please specify it explicitly.
Compile TV & Mobile APKs	Build Android TV & Mobile APKs	2026-09-07T03:31:00.1735706Z e: file:///home/runner/work/tvmime/tvmime/tvApp/src/main/java/com/tvmime/tv/sv_ui/screens/player/PlayerViewModel.kt:1224:85 Unresolved reference: isPlaybackComplete
Compile TV & Mobile APKs	Build Android TV & Mobile APKs	2026-09-07T03:31:00.1737651Z e: file:///home/runner/work/tvmime/tvmime/tvApp/src/main/java/com/tvmime/tv/sv_ui/screens/player/PlayerViewModelActions.kt:5:28 Unresolved reference: cast
Compile TV & Mobile APKs	Build Android TV & Mobile APKs	2026-09-07T03:31:00.1739619Z e: file:///home/runner/work/tvmime/tvmime/tvApp/src/main/java/com/tvmime/tv/sv_ui/screens/player/PlayerViewModelActions.kt:6:28 Unresolved reference: cast
Compile TV & Mobile APKs	Build Android TV & Mobile APKs	2026-09-07T03:31:00.1809182Z e: file:///home/runner/work/tvmime/tvmime/tvApp/src/main/java/com/tvmime/tv/sv_ui/screens/player/PlayerViewModelActions.kt:7:28 Unresolved reference: cast
Compile TV & Mobile APKs	Build Android TV & Mobile APKs	2026-09-07T03:31:00.1824595Z e: file:///home/runner/work/tvmime/tvmime/tvApp/src/main/java/com/tvmime/tv/sv_ui/screens/player/PlayerViewModelActions.kt:8:28 Unresolved reference: cast
Compile TV & Mobile APKs	Build Android TV & Mobile APKs	2026-09-07T03:31:00.1835928Z e: file:///home/runner/work/tvmime/tvmime/tvApp/src/main/java/com/tvmime/tv/sv_ui/screens/player/PlayerViewModelActions.kt:9:28 Unresolved reference: cast
Compile TV & Mobile APKs	Build Android TV & Mobile APKs	2026-09-07T03:31:00.1837985Z e: file:///home/runner/work/tvmime/tvmime/tvApp/src/main/java/com/tvmime/tv/sv_ui/screens/player/PlayerViewModelActions.kt:10:28 Unresolved reference: cast
Compile TV & Mobile APKs	Build Android TV & Mobile APKs	2026-09-07T03:31:00.1840199Z e: file:///home/runner/work/tvmime/tvmime/tvApp/src/main/java/com/tvmime/tv/sv_ui/screens/player/PlayerViewModelActions.kt:11:28 Unresolved reference: cast
Compile TV & Mobile APKs	Build Android TV & Mobile APKs	2026-09-07T03:31:00.1842285Z e: file:///home/runner/work/tvmime/tvmime/tvApp/src/main/java/com/tvmime/tv/sv_ui/screens/player/PlayerViewModelActions.kt:22:34 Unresolved reference: CastPlaybackReportMode
Compile TV & Mobile APKs	Build Android TV & Mobile APKs	2026-09-07T03:31:00.1844481Z e: file:///home/runner/work/tvmime/tvmime/tvApp/src/main/java/com/tvmime/tv/sv_ui/screens/player/PlayerViewModelActions.kt:35:13 Unresolved reference: CastStartResult
Compile TV & Mobile APKs	Build Android TV & Mobile APKs	2026-09-07T03:31:00.1846652Z e: file:///home/runner/work/tvmime/tvmime/tvApp/src/main/java/com/tvmime/tv/sv_ui/screens/player/PlayerViewModelActions.kt:36:42 Unresolved reference: CastPlaybackReportMode
Compile TV & Mobile APKs	Build Android TV & Mobile APKs	2026-09-07T03:31:00.1849366Z e: file:///home/runner/work/tvmime/tvmime/tvApp/src/main/java/com/tvmime/tv/sv_ui/screens/player/PlayerViewModelActions.kt:43:13 Unresolved reference: CastStartResult
Compile TV & Mobile APKs	Build Android TV & Mobile APKs	2026-09-07T03:31:00.1851765Z e: file:///home/runner/work/tvmime/tvmime/tvApp/src/main/java/com/tvmime/tv/sv_ui/screens/player/PlayerViewModelActions.kt:44:42 Unresolved reference: CastPlaybackReportMode
Compile TV & Mobile APKs	Build Android TV & Mobile APKs	2026-09-07T03:31:00.1853861Z e: file:///home/runner/work/tvmime/tvmime/tvApp/src/main/java/com/tvmime/tv/sv_ui/screens/player/PlayerViewModelActions.kt:48:13 Unresolved reference: CastStartResult
Compile TV & Mobile APKs	Build Android TV & Mobile APKs	2026-09-07T03:31:00.1855906Z e: file:///home/runner/work/tvmime/tvmime/tvApp/src/main/java/com/tvmime/tv/sv_ui/screens/player/PlayerViewModelActions.kt:49:42 Unresolved reference: CastPlaybackReportMode
Compile TV & Mobile APKs	Build Android TV & Mobile APKs	2026-09-07T03:31:00.1857969Z e: file:///home/runner/work/tvmime/tvmime/tvApp/src/main/java/com/tvmime/tv/sv_ui/screens/player/PlayerViewModelActions.kt:56:13 Unresolved reference: CastStartResult
Compile TV & Mobile APKs	Build Android TV & Mobile APKs	2026-09-07T03:31:00.1918842Z e: file:///home/runner/work/tvmime/tvmime/tvApp/src/main/java/com/tvmime/tv/sv_ui/screens/player/PlayerViewModelActions.kt:57:42 Unresolved reference: CastPlaybackReportMode
Compile TV & Mobile APKs	Build Android TV & Mobile APKs	2026-09-07T03:31:00.1921725Z e: file:///home/runner/work/tvmime/tvmime/tvApp/src/main/java/com/tvmime/tv/sv_ui/screens/player/PlayerViewModelActions.kt:69:56 Cannot infer a type for this parameter. Please specify it explicitly.
Compile TV & Mobile APKs	Build Android TV & Mobile APKs	2026-09-07T03:31:00.1924535Z e: file:///home/runner/work/tvmime/tvmime/tvApp/src/main/java/com/tvmime/tv/sv_ui/screens/player/PlayerViewModelActions.kt:75:60 Unresolved reference: CastPlaybackEvent
Compile TV & Mobile APKs	Build Android TV & Mobile APKs	2026-09-07T03:31:00.1926700Z e: file:///home/runner/work/tvmime/tvmime/tvApp/src/main/java/com/tvmime/tv/sv_ui/screens/player/PlayerViewModelActions.kt:77:23 Unresolved reference: CastPlaybackReportMode
Compile TV & Mobile APKs	Build Android TV & Mobile APKs	2026-09-07T03:31:00.1928863Z e: file:///home/runner/work/tvmime/tvmime/tvApp/src/main/java/com/tvmime/tv/sv_ui/screens/player/PlayerViewModelActions.kt:78:18 Unresolved reference: CastPlaybackEvent
Compile TV & Mobile APKs	Build Android TV & Mobile APKs	2026-09-07T03:31:00.1931224Z e: file:///home/runner/work/tvmime/tvmime/tvApp/src/main/java/com/tvmime/tv/sv_ui/screens/player/PlayerViewModelActions.kt:79:34 Unresolved reference: CastPlaybackReportMode
Compile TV & Mobile APKs	Build Android TV & Mobile APKs	2026-09-07T03:31:00.1933441Z e: file:///home/runner/work/tvmime/tvmime/tvApp/src/main/java/com/tvmime/tv/sv_ui/screens/player/PlayerViewModelActions.kt:82:30 Unresolved reference: CastPlaybackEvent
Compile TV & Mobile APKs	Build Android TV & Mobile APKs	2026-09-07T03:31:00.1960185Z e: file:///home/runner/work/tvmime/tvmime/tvApp/src/main/java/com/tvmime/tv/sv_ui/screens/player/PlayerViewModelActions.kt:83:36 Unresolved reference: CastPlaybackReportMode
Compile TV & Mobile APKs	Build Android TV & Mobile APKs	2026-09-07T03:31:00.1968193Z e: file:///home/runner/work/tvmime/tvmime/tvApp/src/main/java/com/tvmime/tv/sv_ui/screens/player/PlayerViewModelActions.kt:84:34 Unresolved reference: CastPlaybackReportMode
Compile TV & Mobile APKs	Build Android TV & Mobile APKs	2026-09-07T03:31:00.1970702Z e: file:///home/runner/work/tvmime/tvmime/tvApp/src/main/java/com/tvmime/tv/sv_ui/screens/player/PlayerViewModelActions.kt:87:30 Unresolved reference: CastPlaybackReportMode
Compile TV & Mobile APKs	Build Android TV & Mobile APKs	2026-09-07T03:31:00.1977007Z e: file:///home/runner/work/tvmime/tvmime/tvApp/src/main/java/com/tvmime/tv/sv_ui/screens/player/PlayerViewModelActions.kt:184:58 Unresolved reference: CastMediaRequest
Compile TV & Mobile APKs	Build Android TV & Mobile APKs	2026-09-07T03:31:00.1979619Z e: file:///home/runner/work/tvmime/tvmime/tvApp/src/main/java/com/tvmime/tv/sv_ui/screens/player/PlayerViewModelActions.kt:193:41 Unresolved reference: CastMediaRequestUnsupportedReason
Compile TV & Mobile APKs	Build Android TV & Mobile APKs	2026-09-07T03:31:00.1982249Z e: file:///home/runner/work/tvmime/tvmime/tvApp/src/main/java/com/tvmime/tv/sv_ui/screens/player/PlayerViewModelActions.kt:200:41 Unresolved reference: CastMediaRequestUnsupportedReason
Compile TV & Mobile APKs	Build Android TV & Mobile APKs	2026-09-07T03:31:00.1993687Z e: file:///home/runner/work/tvmime/tvmime/tvApp/src/main/java/com/tvmime/tv/sv_ui/screens/player/PlayerViewModelActions.kt:262:33 Unresolved reference: CastMediaRequestUnsupportedReason
Compile TV & Mobile APKs	Build Android TV & Mobile APKs	2026-09-07T03:31:00.2001713Z e: file:///home/runner/work/tvmime/tvmime/tvApp/src/main/java/com/tvmime/tv/sv_ui/screens/player/PlayerViewModelActions.kt:286:33 Unresolved reference: CastMediaRequestUnsupportedReason
Compile TV & Mobile APKs	Build Android TV & Mobile APKs	2026-09-07T03:31:00.2010220Z e: file:///home/runner/work/tvmime/tvmime/tvApp/src/main/java/com/tvmime/tv/sv_ui/screens/player/PlayerViewModelActions.kt:301:13 Unresolved reference: CastMediaRequestBuildResult
Compile TV & Mobile APKs	Build Android TV & Mobile APKs	2026-09-07T03:31:00.2012761Z e: file:///home/runner/work/tvmime/tvmime/tvApp/src/main/java/com/tvmime/tv/sv_ui/screens/player/PlayerViewModelActions.kt:302:30 'when' expression must be exhaustive, add necessary 'else' branch
Compile TV & Mobile APKs	Build Android TV & Mobile APKs	2026-09-07T03:31:00.2015124Z e: file:///home/runner/work/tvmime/tvmime/tvApp/src/main/java/com/tvmime/tv/sv_ui/screens/player/PlayerViewModelActions.kt:303:8 Unresolved reference: CastMediaRequestBuildResult
Compile TV & Mobile APKs	Build Android TV & Mobile APKs	2026-09-07T03:31:00.2023178Z e: file:///home/runner/work/tvmime/tvmime/tvApp/src/main/java/com/tvmime/tv/sv_ui/screens/player/PlayerViewModelActions.kt:304:8 Unresolved reference: CastMediaRequestBuildResult
Compile TV & Mobile APKs	Build Android TV & Mobile APKs	2026-09-07T03:31:00.2025478Z e: file:///home/runner/work/tvmime/tvmime/tvApp/src/main/java/com/tvmime/tv/sv_ui/screens/player/PlayerViewModelActions.kt:308:37 Unresolved reference: CastMediaRequest
Compile TV & Mobile APKs	Build Android TV & Mobile APKs	2026-09-07T03:31:00.2027796Z e: file:///home/runner/work/tvmime/tvmime/tvApp/src/main/java/com/tvmime/tv/sv_ui/screens/player/PlayerViewModelActions.kt:313:13 Unresolved reference: CastMediaRequestUnsupportedReason
Compile TV & Mobile APKs	Build Android TV & Mobile APKs	2026-09-07T03:31:00.2045342Z e: file:///home/runner/work/tvmime/tvmime/tvApp/src/main/java/com/tvmime/tv/sv_ui/screens/player/PlayerViewModelActions.kt:315:5 'when' expression must be exhaustive, add necessary 'else' branch
Compile TV & Mobile APKs	Build Android TV & Mobile APKs	2026-09-07T03:31:00.2047847Z e: file:///home/runner/work/tvmime/tvmime/tvApp/src/main/java/com/tvmime/tv/sv_ui/screens/player/PlayerViewModelActions.kt:316:9 Unresolved reference: CastMediaRequestUnsupportedReason
Compile TV & Mobile APKs	Build Android TV & Mobile APKs	2026-09-07T03:31:00.2050481Z e: file:///home/runner/work/tvmime/tvmime/tvApp/src/main/java/com/tvmime/tv/sv_ui/screens/player/PlayerViewModelActions.kt:317:9 Unresolved reference: CastMediaRequestUnsupportedReason
Compile TV & Mobile APKs	Build Android TV & Mobile APKs	2026-09-07T03:31:00.2073224Z e: file:///home/runner/work/tvmime/tvmime/tvApp/src/main/java/com/tvmime/tv/sv_ui/screens/player/PlayerViewModelActions.kt:318:9 Unresolved reference: CastMediaRequestUnsupportedReason
Compile TV & Mobile APKs	Build Android TV & Mobile APKs	2026-09-07T03:31:00.2075614Z e: file:///home/runner/work/tvmime/tvmime/tvApp/src/main/java/com/tvmime/tv/sv_ui/screens/player/PlayerViewModelActions.kt:319:9 Unresolved reference: CastMediaRequestUnsupportedReason
Compile TV & Mobile APKs	Build Android TV & Mobile APKs	2026-09-07T03:31:00.2077853Z e: file:///home/runner/work/tvmime/tvmime/tvApp/src/main/java/com/tvmime/tv/sv_ui/screens/player/PlayerViewModelActions.kt:323:69 Unresolved reference: CastMediaRequest
Compile TV & Mobile APKs	Build Android TV & Mobile APKs	2026-09-07T03:31:00.2080888Z e: file:///home/runner/work/tvmime/tvmime/tvApp/src/main/java/com/tvmime/tv/sv_ui/screens/player/PlayerViewModelActions.kt:324:5 'when' expression must be exhaustive, add necessary 'else' branch
Compile TV & Mobile APKs	Build Android TV & Mobile APKs	2026-09-07T03:31:00.2083234Z e: file:///home/runner/work/tvmime/tvmime/tvApp/src/main/java/com/tvmime/tv/sv_ui/screens/player/PlayerViewModelActions.kt:325:9 Unresolved reference: CastRewriteRequiredReason
Compile TV & Mobile APKs	Build Android TV & Mobile APKs	2026-09-07T03:31:00.2085445Z e: file:///home/runner/work/tvmime/tvmime/tvApp/src/main/java/com/tvmime/tv/sv_ui/screens/player/PlayerViewModelActions.kt:326:9 Unresolved reference: CastRewriteRequiredReason
Compile TV & Mobile APKs	Build Android TV & Mobile APKs	2026-09-07T03:31:00.2087680Z e: file:///home/runner/work/tvmime/tvmime/tvApp/src/main/java/com/tvmime/tv/sv_ui/screens/player/PlayerViewModelActions.kt:327:9 Unresolved reference: CastRewriteRequiredReason
Compile TV & Mobile APKs	Build Android TV & Mobile APKs	2026-09-07T03:31:00.2090094Z e: file:///home/runner/work/tvmime/tvmime/tvApp/src/main/java/com/tvmime/tv/sv_ui/screens/player/PlayerViewModelActions.kt:328:9 Unresolved reference: CastRewriteRequiredReason
Compile TV & Mobile APKs	Build Android TV & Mobile APKs	2026-09-07T03:31:00.2092300Z e: file:///home/runner/work/tvmime/tvmime/tvApp/src/main/java/com/tvmime/tv/sv_ui/screens/player/PlayerViewModelActions.kt:329:9 Unresolved reference: CastRewriteRequiredReason
Compile TV & Mobile APKs	Build Android TV & Mobile APKs	2026-09-07T03:31:00.2094514Z e: file:///home/runner/work/tvmime/tvmime/tvApp/src/main/java/com/tvmime/tv/sv_ui/screens/player/PlayerViewModelActions.kt:330:9 Unresolved reference: CastRewriteRequiredReason
Compile TV & Mobile APKs	Build Android TV & Mobile APKs	2026-09-07T03:31:00.2096717Z e: file:///home/runner/work/tvmime/tvmime/tvApp/src/main/java/com/tvmime/tv/sv_ui/screens/player/PlayerViewModelActions.kt:335:64 Unresolved reference: CastPlaybackEvent
Compile TV & Mobile APKs	Build Android TV & Mobile APKs	2026-09-07T03:31:00.2099423Z e: file:///home/runner/work/tvmime/tvmime/tvApp/src/main/java/com/tvmime/tv/sv_ui/screens/player/PlayerViewModelActions.kt:336:5 'when' expression must be exhaustive, add necessary 'else' branch
Compile TV & Mobile APKs	Build Android TV & Mobile APKs	2026-09-07T03:31:00.2101887Z e: file:///home/runner/work/tvmime/tvmime/tvApp/src/main/java/com/tvmime/tv/sv_ui/screens/player/PlayerViewModelActions.kt:337:12 Unresolved reference: CastPlaybackEvent
Compile TV & Mobile APKs	Build Android TV & Mobile APKs	2026-09-07T03:31:00.2103988Z e: file:///home/runner/work/tvmime/tvmime/tvApp/src/main/java/com/tvmime/tv/sv_ui/screens/player/PlayerViewModelActions.kt:338:12 Unresolved reference: CastPlaybackEvent
Compile TV & Mobile APKs	Build Android TV & Mobile APKs	2026-09-07T03:31:00.2106091Z e: file:///home/runner/work/tvmime/tvmime/tvApp/src/main/java/com/tvmime/tv/sv_ui/screens/player/PlayerViewModelActions.kt:339:12 Unresolved reference: CastPlaybackEvent
Compile TV & Mobile APKs	Build Android TV & Mobile APKs	2026-09-07T03:31:00.2108248Z e: file:///home/runner/work/tvmime/tvmime/tvApp/src/main/java/com/tvmime/tv/sv_ui/screens/player/PlayerViewModelActions.kt:340:12 Unresolved reference: CastPlaybackEvent
Compile TV & Mobile APKs	Build Android TV & Mobile APKs	2026-09-07T03:31:00.2110718Z e: file:///home/runner/work/tvmime/tvmime/tvApp/src/main/java/com/tvmime/tv/sv_ui/screens/player/PlayerViewModelActions.kt:341:9 Unresolved reference: CastPlaybackEvent
Compile TV & Mobile APKs	Build Android TV & Mobile APKs	2026-09-07T03:31:00.2114643Z e: file:///home/runner/work/tvmime/tvmime/tvApp/src/main/java/com/tvmime/tv/sv_ui/screens/player/SeekThumbnailProvider.kt:8:8 Unresolved reference: dagger
Compile TV & Mobile APKs	Build Android TV & Mobile APKs	2026-09-07T03:31:00.2144947Z e: file:///home/runner/work/tvmime/tvmime/tvApp/src/main/java/com/tvmime/tv/sv_ui/screens/player/SeekThumbnailProvider.kt:9:14 Unresolved reference: inject
Compile TV & Mobile APKs	Build Android TV & Mobile APKs	2026-09-07T03:31:00.2147369Z e: file:///home/runner/work/tvmime/tvmime/tvApp/src/main/java/com/tvmime/tv/sv_ui/screens/player/SeekThumbnailProvider.kt:10:14 Unresolved reference: inject
Compile TV & Mobile APKs	Build Android TV & Mobile APKs	2026-09-07T03:31:00.2149324Z e: file:///home/runner/work/tvmime/tvmime/tvApp/src/main/java/com/tvmime/tv/sv_ui/screens/player/SeekThumbnailProvider.kt:16:2 Unresolved reference: Singleton
Compile TV & Mobile APKs	Build Android TV & Mobile APKs	2026-09-07T03:31:00.2151865Z e: file:///home/runner/work/tvmime/tvmime/tvApp/src/main/java/com/tvmime/tv/sv_ui/screens/player/SeekThumbnailProvider.kt:17:30 Unresolved reference: Inject
Compile TV & Mobile APKs	Build Android TV & Mobile APKs	2026-09-07T03:31:00.2154382Z e: file:///home/runner/work/tvmime/tvmime/tvApp/src/main/java/com/tvmime/tv/sv_ui/screens/player/SeekThumbnailProvider.kt:18:12 Unresolved reference: ApplicationContext
Compile TV & Mobile APKs	Build Android TV & Mobile APKs	2026-09-07T03:31:00.2159634Z e: file:///home/runner/work/tvmime/tvmime/tvApp/src/main/java/com/tvmime/tv/sv_ui/screens/player/overlay/PlayerAuxiliaryOverlays.kt:62:28 Unresolved reference: device
Compile TV & Mobile APKs	Build Android TV & Mobile APKs	2026-09-07T03:31:00.2181471Z e: file:///home/runner/work/tvmime/tvmime/tvApp/src/main/java/com/tvmime/tv/sv_ui/screens/player/overlay/PlayerAuxiliaryOverlays.kt:126:38 Unresolved reference: rememberIsTelevisionDevice
Compile TV & Mobile APKs	Build Android TV & Mobile APKs	2026-09-07T03:31:00.2183857Z e: file:///home/runner/work/tvmime/tvmime/tvApp/src/main/java/com/tvmime/tv/sv_ui/screens/player/overlay/PlayerAuxiliaryOverlays.kt:340:62 This foundation API is experimental and is likely to change or be removed in the future.
Compile TV & Mobile APKs	Build Android TV & Mobile APKs	2026-09-07T03:31:00.2186290Z e: file:///home/runner/work/tvmime/tvmime/tvApp/src/main/java/com/tvmime/tv/sv_ui/screens/player/overlay/PlayerAuxiliaryOverlays.kt:343:57 Cannot find a parameter with this name: repeatDelayMillis
Compile TV & Mobile APKs	Build Android TV & Mobile APKs	2026-09-07T03:31:00.2188554Z e: file:///home/runner/work/tvmime/tvmime/tvApp/src/main/java/com/tvmime/tv/sv_ui/screens/player/overlay/PlayerAuxiliaryOverlays.kt:538:38 Unresolved reference: rememberIsTelevisionDevice
Compile TV & Mobile APKs	Build Android TV & Mobile APKs	2026-09-07T03:31:00.2194912Z e: file:///home/runner/work/tvmime/tvmime/tvApp/src/main/java/com/tvmime/tv/sv_ui/screens/player/overlay/PlayerAuxiliaryOverlays.kt:1040:38 Unresolved reference: rememberIsTelevisionDevice
Compile TV & Mobile APKs	Build Android TV & Mobile APKs	2026-09-07T03:31:00.2197442Z e: file:///home/runner/work/tvmime/tvmime/tvApp/src/main/java/com/tvmime/tv/sv_ui/screens/player/overlay/PlayerChannelInfoOverlay.kt:44:30 Conflicting import, imported name 'ClickableSurfaceDefaults' is ambiguous
Compile TV & Mobile APKs	Build Android TV & Mobile APKs	2026-09-07T03:31:00.2200267Z e: file:///home/runner/work/tvmime/tvmime/tvApp/src/main/java/com/tvmime/tv/sv_ui/screens/player/overlay/PlayerChannelInfoOverlay.kt:47:30 Conflicting import, imported name 'ClickableSurfaceDefaults' is ambiguous
Compile TV & Mobile APKs	Build Android TV & Mobile APKs	2026-09-07T03:31:00.2203343Z e: file:///home/runner/work/tvmime/tvmime/tvApp/src/main/java/com/tvmime/tv/sv_ui/screens/player/overlay/PlayerChannelInfoOverlay.kt:248:42 This foundation API is experimental and is likely to change or be removed in the future.
Compile TV & Mobile APKs	Build Android TV & Mobile APKs	2026-09-07T03:31:00.2205981Z e: file:///home/runner/work/tvmime/tvmime/tvApp/src/main/java/com/tvmime/tv/sv_ui/screens/player/overlay/PlayerChannelInfoOverlay.kt:251:45 Cannot find a parameter with this name: repeatDelayMillis
Compile TV & Mobile APKs	Build Android TV & Mobile APKs	2026-09-07T03:31:00.2208628Z e: file:///home/runner/work/tvmime/tvmime/tvApp/src/main/java/com/tvmime/tv/sv_ui/screens/player/overlay/PlayerChannelInfoOverlay.kt:769:18 Type mismatch: inferred type is ClickableSurfaceColors but NonInteractiveSurfaceColors was expected
Compile TV & Mobile APKs	Build Android TV & Mobile APKs	2026-09-07T03:31:00.2235715Z e: file:///home/runner/work/tvmime/tvmime/tvApp/src/main/java/com/tvmime/tv/sv_ui/screens/player/overlay/PlayerChannelInfoOverlay.kt:784:30 Type mismatch: inferred type is ClickableSurfaceColors but NonInteractiveSurfaceColors was expected
Compile TV & Mobile APKs	Build Android TV & Mobile APKs	2026-09-07T03:31:00.2238745Z e: file:///home/runner/work/tvmime/tvmime/tvApp/src/main/java/com/tvmime/tv/sv_ui/screens/player/overlay/PlayerChannelInfoOverlay.kt:982:18 Type mismatch: inferred type is ClickableSurfaceColors but NonInteractiveSurfaceColors was expected
Compile TV & Mobile APKs	Build Android TV & Mobile APKs	2026-09-07T03:31:00.2245997Z e: file:///home/runner/work/tvmime/tvmime/tvApp/src/main/java/com/tvmime/tv/sv_ui/screens/player/overlay/PlayerControlsChrome.kt:64:30 Conflicting import, imported name 'ClickableSurfaceDefaults' is ambiguous
Compile TV & Mobile APKs	Build Android TV & Mobile APKs	2026-09-07T03:31:00.2248657Z e: file:///home/runner/work/tvmime/tvmime/tvApp/src/main/java/com/tvmime/tv/sv_ui/screens/player/overlay/PlayerControlsChrome.kt:68:30 Conflicting import, imported name 'ClickableSurfaceDefaults' is ambiguous
Compile TV & Mobile APKs	Build Android TV & Mobile APKs	2026-09-07T03:31:00.2251312Z e: file:///home/runner/work/tvmime/tvmime/tvApp/src/main/java/com/tvmime/tv/sv_ui/screens/player/overlay/PlayerControlsChrome.kt:71:28 Unresolved reference: device
Compile TV & Mobile APKs	Build Android TV & Mobile APKs	2026-09-07T03:31:00.2253319Z e: file:///home/runner/work/tvmime/tvmime/tvApp/src/main/java/com/tvmime/tv/sv_ui/screens/player/overlay/PlayerControlsChrome.kt:85:8 Unresolved reference: coil3
Compile TV & Mobile APKs	Build Android TV & Mobile APKs	2026-09-07T03:31:00.2255529Z e: file:///home/runner/work/tvmime/tvmime/tvApp/src/main/java/com/tvmime/tv/sv_ui/screens/player/overlay/PlayerControlsChrome.kt:425:30 Unresolved reference: rememberIsTelevisionDevice
Compile TV & Mobile APKs	Build Android TV & Mobile APKs	2026-09-07T03:31:00.2258267Z e: file:///home/runner/work/tvmime/tvmime/tvApp/src/main/java/com/tvmime/tv/sv_ui/screens/player/overlay/PlayerControlsChrome.kt:615:22 Type mismatch: inferred type is ClickableSurfaceColors but NonInteractiveSurfaceColors was expected
Compile TV & Mobile APKs	Build Android TV & Mobile APKs	2026-09-07T03:31:00.2261087Z e: file:///home/runner/work/tvmime/tvmime/tvApp/src/main/java/com/tvmime/tv/sv_ui/screens/player/overlay/PlayerControlsChrome.kt:859:13 The API of this layout is experimental and is likely to change in the future.
Compile TV & Mobile APKs	Build Android TV & Mobile APKs	2026-09-07T03:31:00.2263310Z e: file:///home/runner/work/tvmime/tvmime/tvApp/src/main/java/com/tvmime/tv/sv_ui/screens/player/overlay/PlayerControlsChrome.kt:1028:30 Unresolved reference: rememberIsTelevisionDevice
Compile TV & Mobile APKs	Build Android TV & Mobile APKs	2026-09-07T03:31:00.2265978Z e: file:///home/runner/work/tvmime/tvmime/tvApp/src/main/java/com/tvmime/tv/sv_ui/screens/player/overlay/PlayerControlsChrome.kt:1168:18 Type mismatch: inferred type is ClickableSurfaceColors but NonInteractiveSurfaceColors was expected
Compile TV & Mobile APKs	Build Android TV & Mobile APKs	2026-09-07T03:31:00.2269038Z e: file:///home/runner/work/tvmime/tvmime/tvApp/src/main/java/com/tvmime/tv/sv_ui/screens/player/overlay/PlayerControlsChrome.kt:1179:26 Type mismatch: inferred type is ClickableSurfaceColors but NonInteractiveSurfaceColors was expected
Compile TV & Mobile APKs	Build Android TV & Mobile APKs	2026-09-07T03:31:00.2348430Z e: file:///home/runner/work/tvmime/tvmime/tvApp/src/main/java/com/tvmime/tv/sv_ui/screens/player/overlay/PlayerControlsChrome.kt:1359:18 Type mismatch: inferred type is ClickableSurfaceColors but NonInteractiveSurfaceColors was expected
Compile TV & Mobile APKs	Build Android TV & Mobile APKs	2026-09-07T03:31:00.2352030Z e: file:///home/runner/work/tvmime/tvmime/tvApp/src/main/java/com/tvmime/tv/sv_ui/screens/player/overlay/PlayerControlsChrome.kt:1381:25 Unresolved reference: AsyncImage
Compile TV & Mobile APKs	Build Android TV & Mobile APKs	2026-09-07T03:31:00.2354522Z e: file:///home/runner/work/tvmime/tvmime/tvApp/src/main/java/com/tvmime/tv/sv_ui/screens/player/overlay/PlayerControlsChrome.kt:1565:18 Type mismatch: inferred type is ClickableSurfaceColors but NonInteractiveSurfaceColors was expected
Compile TV & Mobile APKs	Build Android TV & Mobile APKs	2026-09-07T03:31:00.2357366Z e: file:///home/runner/work/tvmime/tvmime/tvApp/src/main/java/com/tvmime/tv/sv_ui/screens/player/overlay/PlayerControlsChrome.kt:1718:18 Type mismatch: inferred type is ClickableSurfaceColors but NonInteractiveSurfaceColors was expected
Compile TV & Mobile APKs	Build Android TV & Mobile APKs	2026-09-07T03:31:00.2360348Z e: file:///home/runner/work/tvmime/tvmime/tvApp/src/main/java/com/tvmime/tv/sv_ui/screens/player/overlay/PlayerControlsChrome.kt:1731:26 Type mismatch: inferred type is ClickableSurfaceColors but NonInteractiveSurfaceColors was expected
Compile TV & Mobile APKs	Build Android TV & Mobile APKs	2026-09-07T03:31:00.2363137Z e: file:///home/runner/work/tvmime/tvmime/tvApp/src/main/java/com/tvmime/tv/sv_ui/screens/player/overlay/PlayerOverlayShared.kt:54:18 Type mismatch: inferred type is ClickableSurfaceColors but NonInteractiveSurfaceColors was expected
Compile TV & Mobile APKs	Build Android TV & Mobile APKs	2026-09-07T03:31:00.2365970Z e: file:///home/runner/work/tvmime/tvmime/tvApp/src/main/java/com/tvmime/tv/sv_ui/screens/player/overlay/PlayerSystemOverlays.kt:57:30 Conflicting import, imported name 'ClickableSurfaceDefaults' is ambiguous
Compile TV & Mobile APKs	Build Android TV & Mobile APKs	2026-09-07T03:31:00.2368353Z e: file:///home/runner/work/tvmime/tvmime/tvApp/src/main/java/com/tvmime/tv/sv_ui/screens/player/overlay/PlayerSystemOverlays.kt:60:30 Conflicting import, imported name 'ClickableSurfaceDefaults' is ambiguous
Compile TV & Mobile APKs	Build Android TV & Mobile APKs	2026-09-07T03:31:00.2401237Z e: file:///home/runner/work/tvmime/tvmime/tvApp/src/main/java/com/tvmime/tv/sv_ui/screens/player/overlay/PlayerSystemOverlays.kt:62:8 Unresolved reference: coil3
Compile TV & Mobile APKs	Build Android TV & Mobile APKs	2026-09-07T03:31:00.2403805Z e: file:///home/runner/work/tvmime/tvmime/tvApp/src/main/java/com/tvmime/tv/sv_ui/screens/player/overlay/PlayerSystemOverlays.kt:739:18 Type mismatch: inferred type is ClickableSurfaceColors but NonInteractiveSurfaceColors was expected
Compile TV & Mobile APKs	Build Android TV & Mobile APKs	2026-09-07T03:31:00.2406698Z e: file:///home/runner/work/tvmime/tvmime/tvApp/src/main/java/com/tvmime/tv/sv_ui/screens/player/overlay/PlayerSystemOverlays.kt:974:26 Type mismatch: inferred type is ClickableSurfaceColors but NonInteractiveSurfaceColors was expected
Compile TV & Mobile APKs	Build Android TV & Mobile APKs	2026-09-07T03:31:00.2409601Z e: file:///home/runner/work/tvmime/tvmime/tvApp/src/main/java/com/tvmime/tv/sv_ui/screens/player/overlay/PlayerSystemOverlays.kt:1029:38 Type mismatch: inferred type is ClickableSurfaceColors but NonInteractiveSurfaceColors was expected
Compile TV & Mobile APKs	Build Android TV & Mobile APKs	2026-09-07T03:31:00.2412778Z e: file:///home/runner/work/tvmime/tvmime/tvApp/src/main/java/com/tvmime/tv/sv_ui/screens/player/overlay/PlayerSystemOverlays.kt:1107:38 Type mismatch: inferred type is ClickableSurfaceColors but NonInteractiveSurfaceColors was expected
Compile TV & Mobile APKs	Build Android TV & Mobile APKs	2026-09-07T03:31:00.2415662Z e: file:///home/runner/work/tvmime/tvmime/tvApp/src/main/java/com/tvmime/tv/sv_ui/screens/player/overlay/PlayerSystemOverlays.kt:1217:18 Type mismatch: inferred type is ClickableSurfaceColors but NonInteractiveSurfaceColors was expected
Compile TV & Mobile APKs	Build Android TV & Mobile APKs	2026-09-07T03:31:00.2418152Z e: file:///home/runner/work/tvmime/tvmime/tvApp/src/main/java/com/tvmime/tv/sv_ui/screens/player/overlay/PlayerSystemOverlays.kt:1250:17 Unresolved reference: AsyncImage
Compile TV & Mobile APKs	Build Android TV & Mobile APKs	2026-09-07T03:31:00.2420381Z e: file:///home/runner/work/tvmime/tvmime/tvApp/src/main/java/com/tvmime/tv/sv_ui/screens/player/overlay/PlayerSystemOverlays.kt:1622:21 Unresolved reference: AsyncImage
Compile TV & Mobile APKs	Build Android TV & Mobile APKs	2026-09-07T03:31:00.2422894Z e: file:///home/runner/work/tvmime/tvmime/tvApp/src/main/java/com/tvmime/tv/sv_ui/screens/player/overlay/PlayerTransparentGuideOverlay.kt:131:26 Type mismatch: inferred type is ClickableSurfaceColors but NonInteractiveSurfaceColors was expected
Compile TV & Mobile APKs	Build Android TV & Mobile APKs	2026-09-07T03:31:00.2425283Z e: file:///home/runner/work/tvmime/tvmime/tvApp/src/main/java/com/tvmime/tv/sv_ui/screens/provider/ProviderSetupScreen.kt:68:17 Unresolved reference: hilt
Compile TV & Mobile APKs	Build Android TV & Mobile APKs	2026-09-07T03:31:00.2427637Z e: file:///home/runner/work/tvmime/tvmime/tvApp/src/main/java/com/tvmime/tv/sv_ui/screens/provider/ProviderSetupScreen.kt:72:35 Unresolved reference: LocalLifecycleOwner
Compile TV & Mobile APKs	Build Android TV & Mobile APKs	2026-09-07T03:31:00.2429651Z e: file:///home/runner/work/tvmime/tvmime/tvApp/src/main/java/com/tvmime/tv/sv_ui/screens/provider/ProviderSetupScreen.kt:75:28 Unresolved reference: device
Compile TV & Mobile APKs	Build Android TV & Mobile APKs	2026-09-07T03:31:00.2492585Z e: file:///home/runner/work/tvmime/tvmime/tvApp/src/main/java/com/tvmime/tv/sv_ui/screens/provider/ProviderSetupScreen.kt:77:36 Unresolved reference: ProviderQrPairingStatus
Compile TV & Mobile APKs	Build Android TV & Mobile APKs	2026-09-07T03:31:00.2494807Z e: file:///home/runner/work/tvmime/tvmime/tvApp/src/main/java/com/tvmime/tv/sv_ui/screens/provider/ProviderSetupScreen.kt:86:29 Unresolved reference: remote
Compile TV & Mobile APKs	Build Android TV & Mobile APKs	2026-09-07T03:31:00.2496830Z e: file:///home/runner/work/tvmime/tvmime/tvApp/src/main/java/com/tvmime/tv/sv_ui/screens/provider/ProviderSetupScreen.kt:87:29 Unresolved reference: remote
Compile TV & Mobile APKs	Build Android TV & Mobile APKs	2026-09-07T03:31:00.2498805Z e: file:///home/runner/work/tvmime/tvmime/tvApp/src/main/java/com/tvmime/tv/sv_ui/screens/provider/ProviderSetupScreen.kt:88:29 Unresolved reference: remote
Compile TV & Mobile APKs	Build Android TV & Mobile APKs	2026-09-07T03:31:00.2500973Z e: file:///home/runner/work/tvmime/tvmime/tvApp/src/main/java/com/tvmime/tv/sv_ui/screens/provider/ProviderSetupScreen.kt:89:29 Unresolved reference: remote
Compile TV & Mobile APKs	Build Android TV & Mobile APKs	2026-09-07T03:31:00.2503426Z e: file:///home/runner/work/tvmime/tvmime/tvApp/src/main/java/com/tvmime/tv/sv_ui/screens/provider/ProviderSetupScreen.kt:90:29 Unresolved reference: remote
Compile TV & Mobile APKs	Build Android TV & Mobile APKs	2026-09-07T03:31:00.2505399Z e: file:///home/runner/work/tvmime/tvmime/tvApp/src/main/java/com/tvmime/tv/sv_ui/screens/provider/ProviderSetupScreen.kt:100:29 Unresolved reference: util
Compile TV & Mobile APKs	Build Android TV & Mobile APKs	2026-09-07T03:31:00.2507385Z e: file:///home/runner/work/tvmime/tvmime/tvApp/src/main/java/com/tvmime/tv/sv_ui/screens/provider/ProviderSetupScreen.kt:135:27 Unresolved reference: StalkerCompatibilityRegistry
Compile TV & Mobile APKs	Build Android TV & Mobile APKs	2026-09-07T03:31:00.2509424Z e: file:///home/runner/work/tvmime/tvmime/tvApp/src/main/java/com/tvmime/tv/sv_ui/screens/provider/ProviderSetupScreen.kt:177:17 Unresolved reference: StalkerCompatibilityRegistry
Compile TV & Mobile APKs	Build Android TV & Mobile APKs	2026-09-07T03:31:00.2511507Z e: file:///home/runner/work/tvmime/tvmime/tvApp/src/main/java/com/tvmime/tv/sv_ui/screens/provider/ProviderSetupScreen.kt:178:31 Unresolved reference: it
Compile TV & Mobile APKs	Build Android TV & Mobile APKs	2026-09-07T03:31:00.2513239Z e: file:///home/runner/work/tvmime/tvmime/tvApp/src/main/java/com/tvmime/tv/sv_ui/screens/provider/ProviderSetupScreen.kt:179:32 Unresolved reference: it
Compile TV & Mobile APKs	Build Android TV & Mobile APKs	2026-09-07T03:31:00.2515060Z e: file:///home/runner/work/tvmime/tvmime/tvApp/src/main/java/com/tvmime/tv/sv_ui/screens/provider/ProviderSetupScreen.kt:180:22 Overload resolution ambiguity: 
Compile TV & Mobile APKs	Build Android TV & Mobile APKs	2026-09-07T03:31:00.2516712Z public inline fun <T> Iterable<TypeVariable(T)>.forEach(action: (TypeVariable(T)) -> Unit): Unit defined in kotlin.collections
Compile TV & Mobile APKs	Build Android TV & Mobile APKs	2026-09-07T03:31:00.2518295Z public inline fun <K, V> Map<out TypeVariable(K), TypeVariable(V)>.forEach(action: (Map.Entry<TypeVariable(K), TypeVariable(V)>) -> Unit): Unit defined in kotlin.collections
Compile TV & Mobile APKs	Build Android TV & Mobile APKs	2026-09-07T03:31:00.2580920Z e: file:///home/runner/work/tvmime/tvmime/tvApp/src/main/java/com/tvmime/tv/sv_ui/screens/provider/ProviderSetupScreen.kt:180:32 Cannot infer a type for this parameter. Please specify it explicitly.
Compile TV & Mobile APKs	Build Android TV & Mobile APKs	2026-09-07T03:31:00.2583441Z e: file:///home/runner/work/tvmime/tvmime/tvApp/src/main/java/com/tvmime/tv/sv_ui/screens/provider/ProviderSetupScreen.kt:181:25 Overload resolution ambiguity: 
Compile TV & Mobile APKs	Build Android TV & Mobile APKs	2026-09-07T03:31:00.2587724Z public fun Text(text: AnnotatedString, modifier: Modifier = ..., color: Color = ..., fontSize: TextUnit = ..., fontStyle: FontStyle? = ..., fontWeight: FontWeight? = ..., fontFamily: FontFamily? = ..., letterSpacing: TextUnit = ..., textDecoration: TextDecoration? = ..., textAlign: TextAlign? = ..., lineHeight: TextUnit = ..., overflow: TextOverflow = ..., softWrap: Boolean = ..., maxLines: Int = ..., inlineContent: Map<String, InlineTextContent> = ..., onTextLayout: (TextLayoutResult) -> Unit = ..., style: TextStyle = ...): Unit defined in androidx.tv.material3
Compile TV & Mobile APKs	Build Android TV & Mobile APKs	2026-09-07T03:31:00.2593875Z public fun Text(text: String, modifier: Modifier = ..., color: Color = ..., fontSize: TextUnit = ..., fontStyle: FontStyle? = ..., fontWeight: FontWeight? = ..., fontFamily: FontFamily? = ..., letterSpacing: TextUnit = ..., textDecoration: TextDecoration? = ..., textAlign: TextAlign? = ..., lineHeight: TextUnit = ..., overflow: TextOverflow = ..., softWrap: Boolean = ..., maxLines: Int = ..., onTextLayout: (TextLayoutResult) -> Unit = ..., style: TextStyle = ...): Unit defined in androidx.tv.material3
Compile TV & Mobile APKs	Build Android TV & Mobile APKs	2026-09-07T03:31:00.2598410Z e: file:///home/runner/work/tvmime/tvmime/tvApp/src/main/java/com/tvmime/tv/sv_ui/screens/provider/ProviderSetupScreen.kt:181:64 @Composable invocations can only happen from the context of a @Composable function
Compile TV & Mobile APKs	Build Android TV & Mobile APKs	2026-09-07T03:31:00.2600852Z e: file:///home/runner/work/tvmime/tvmime/tvApp/src/main/java/com/tvmime/tv/sv_ui/screens/provider/ProviderSetupScreen.kt:182:34 Overload resolution ambiguity: 
Compile TV & Mobile APKs	Build Android TV & Mobile APKs	2026-09-07T03:31:00.2602506Z public inline fun <T> Iterable<TypeVariable(T)>.forEach(action: (TypeVariable(T)) -> Unit): Unit defined in kotlin.collections
Compile TV & Mobile APKs	Build Android TV & Mobile APKs	2026-09-07T03:31:00.2604175Z public inline fun <K, V> Map<out TypeVariable(K), TypeVariable(V)>.forEach(action: (Map.Entry<TypeVariable(K), TypeVariable(V)>) -> Unit): Unit defined in kotlin.collections
Compile TV & Mobile APKs	Build Android TV & Mobile APKs	2026-09-07T03:31:00.2606545Z e: file:///home/runner/work/tvmime/tvmime/tvApp/src/main/java/com/tvmime/tv/sv_ui/screens/provider/ProviderSetupScreen.kt:182:44 Cannot infer a type for this parameter. Please specify it explicitly.
Compile TV & Mobile APKs	Build Android TV & Mobile APKs	2026-09-07T03:31:00.2608987Z e: file:///home/runner/work/tvmime/tvmime/tvApp/src/main/java/com/tvmime/tv/sv_ui/screens/provider/ProviderSetupScreen.kt:184:29 @Composable invocations can only happen from the context of a @Composable function
Compile TV & Mobile APKs	Build Android TV & Mobile APKs	2026-09-07T03:31:00.2671856Z e: file:///home/runner/work/tvmime/tvmime/tvApp/src/main/java/com/tvmime/tv/sv_ui/screens/provider/ProviderSetupScreen.kt:216:49 Unresolved reference: StalkerRequestRule
Compile TV & Mobile APKs	Build Android TV & Mobile APKs	2026-09-07T03:31:00.2674149Z e: file:///home/runner/work/tvmime/tvmime/tvApp/src/main/java/com/tvmime/tv/sv_ui/screens/provider/ProviderSetupScreen.kt:217:5 Unresolved reference: StalkerRequestRule
Compile TV & Mobile APKs	Build Android TV & Mobile APKs	2026-09-07T03:31:00.2676363Z e: file:///home/runner/work/tvmime/tvmime/tvApp/src/main/java/com/tvmime/tv/sv_ui/screens/provider/ProviderSetupScreen.kt:228:56 Unresolved reference: StalkerParamOverride
Compile TV & Mobile APKs	Build Android TV & Mobile APKs	2026-09-07T03:31:00.2678615Z e: file:///home/runner/work/tvmime/tvmime/tvApp/src/main/java/com/tvmime/tv/sv_ui/screens/provider/ProviderSetupScreen.kt:232:13 Unresolved reference: StalkerRequestRule
Compile TV & Mobile APKs	Build Android TV & Mobile APKs	2026-09-07T03:31:00.2680973Z e: file:///home/runner/work/tvmime/tvmime/tvApp/src/main/java/com/tvmime/tv/sv_ui/screens/provider/ProviderSetupScreen.kt:248:41 Unresolved reference: hiltViewModel
Compile TV & Mobile APKs	Build Android TV & Mobile APKs	2026-09-07T03:31:00.2683179Z e: file:///home/runner/work/tvmime/tvmime/tvApp/src/main/java/com/tvmime/tv/sv_ui/screens/provider/ProviderSetupScreen.kt:278:34 Not enough information to infer type variable T
Compile TV & Mobile APKs	Build Android TV & Mobile APKs	2026-09-07T03:31:00.2685847Z e: file:///home/runner/work/tvmime/tvmime/tvApp/src/main/java/com/tvmime/tv/sv_ui/screens/provider/ProviderSetupScreen.kt:278:34 Property delegate must have a 'getValue(Nothing?, KProperty<*>)' method. None of the following functions is suitable: 
Compile TV & Mobile APKs	Build Android TV & Mobile APKs	2026-09-07T03:31:00.2688197Z public inline operator fun <T> State<???>.getValue(thisObj: Any?, property: KProperty<*>): ??? defined in androidx.compose.runtime
Compile TV & Mobile APKs	Build Android TV & Mobile APKs	2026-09-07T03:31:00.2690245Z e: file:///home/runner/work/tvmime/tvmime/tvApp/src/main/java/com/tvmime/tv/sv_ui/screens/provider/ProviderSetupScreen.kt:278:68 Unresolved reference: StalkerAdvancedOptions
Compile TV & Mobile APKs	Build Android TV & Mobile APKs	2026-09-07T03:31:00.2692450Z e: file:///home/runner/work/tvmime/tvmime/tvApp/src/main/java/com/tvmime/tv/sv_ui/screens/provider/ProviderSetupScreen.kt:323:52 Unresolved reference: ProviderInputSanitizer
Compile TV & Mobile APKs	Build Android TV & Mobile APKs	2026-09-07T03:31:00.2694566Z e: file:///home/runner/work/tvmime/tvmime/tvApp/src/main/java/com/tvmime/tv/sv_ui/screens/provider/ProviderSetupScreen.kt:364:33 Unresolved reference: status
Compile TV & Mobile APKs	Build Android TV & Mobile APKs	2026-09-07T03:31:00.2696545Z e: file:///home/runner/work/tvmime/tvmime/tvApp/src/main/java/com/tvmime/tv/sv_ui/screens/provider/ProviderSetupScreen.kt:365:26 Unresolved reference: status
Compile TV & Mobile APKs	Build Android TV & Mobile APKs	2026-09-07T03:31:00.2699181Z e: file:///home/runner/work/tvmime/tvmime/tvApp/src/main/java/com/tvmime/tv/sv_ui/screens/provider/ProviderSetupScreen.kt:365:36 Unresolved reference: ProviderQrPairingStatus
Compile TV & Mobile APKs	Build Android TV & Mobile APKs	2026-09-07T03:31:00.2742180Z e: file:///home/runner/work/tvmime/tvmime/tvApp/src/main/java/com/tvmime/tv/sv_ui/screens/provider/ProviderSetupScreen.kt:404:28 Unresolved reference: StalkerAdvancedOptionsCodec
Compile TV & Mobile APKs	Build Android TV & Mobile APKs	2026-09-07T03:31:00.2744478Z e: file:///home/runner/work/tvmime/tvmime/tvApp/src/main/java/com/tvmime/tv/sv_ui/screens/provider/ProviderSetupScreen.kt:405:26 Unresolved reference: StalkerAdvancedOptionsCodec
Compile TV & Mobile APKs	Build Android TV & Mobile APKs	2026-09-07T03:31:00.2746691Z e: file:///home/runner/work/tvmime/tvmime/tvApp/src/main/java/com/tvmime/tv/sv_ui/screens/provider/ProviderSetupScreen.kt:418:82 Unresolved reference: StalkerAdvancedOptions
Compile TV & Mobile APKs	Build Android TV & Mobile APKs	2026-09-07T03:31:00.2748697Z e: file:///home/runner/work/tvmime/tvmime/tvApp/src/main/java/com/tvmime/tv/sv_ui/screens/provider/ProviderSetupScreen.kt:428:68 Unresolved reference: it
Compile TV & Mobile APKs	Build Android TV & Mobile APKs	2026-09-07T03:31:00.2751055Z e: file:///home/runner/work/tvmime/tvmime/tvApp/src/main/java/com/tvmime/tv/sv_ui/screens/provider/ProviderSetupScreen.kt:433:9 Unresolved reference: StalkerAdvancedOptionsCodec
Compile TV & Mobile APKs	Build Android TV & Mobile APKs	2026-09-07T03:31:00.2753630Z e: file:///home/runner/work/tvmime/tvmime/tvApp/src/main/java/com/tvmime/tv/sv_ui/screens/provider/ProviderSetupScreen.kt:434:13 Unresolved reference: StalkerAdvancedOptions
Compile TV & Mobile APKs	Build Android TV & Mobile APKs	2026-09-07T03:31:00.2755905Z e: file:///home/runner/work/tvmime/tvmime/tvApp/src/main/java/com/tvmime/tv/sv_ui/screens/provider/ProviderSetupScreen.kt:444:31 Cannot infer a type for this parameter. Please specify it explicitly.
Compile TV & Mobile APKs	Build Android TV & Mobile APKs	2026-09-07T03:31:00.2758166Z e: file:///home/runner/work/tvmime/tvmime/tvApp/src/main/java/com/tvmime/tv/sv_ui/screens/provider/ProviderSetupScreen.kt:505:38 Unresolved reference: StalkerAdvancedOptions
Compile TV & Mobile APKs	Build Android TV & Mobile APKs	2026-09-07T03:31:00.2760495Z e: file:///home/runner/work/tvmime/tvmime/tvApp/src/main/java/com/tvmime/tv/sv_ui/screens/provider/ProviderSetupScreen.kt:554:62 Unresolved reference: ProviderInputSanitizer
Compile TV & Mobile APKs	Build Android TV & Mobile APKs	2026-09-07T03:31:00.2762664Z e: file:///home/runner/work/tvmime/tvmime/tvApp/src/main/java/com/tvmime/tv/sv_ui/screens/provider/ProviderSetupScreen.kt:555:82 Unresolved reference: ProviderInputSanitizer
Compile TV & Mobile APKs	Build Android TV & Mobile APKs	2026-09-07T03:31:00.2764777Z e: file:///home/runner/work/tvmime/tvmime/tvApp/src/main/java/com/tvmime/tv/sv_ui/screens/provider/ProviderSetupScreen.kt:556:78 Unresolved reference: ProviderInputSanitizer
Compile TV & Mobile APKs	Build Android TV & Mobile APKs	2026-09-07T03:31:00.2766925Z e: file:///home/runner/work/tvmime/tvmime/tvApp/src/main/java/com/tvmime/tv/sv_ui/screens/provider/ProviderSetupScreen.kt:557:78 Unresolved reference: ProviderInputSanitizer
Compile TV & Mobile APKs	Build Android TV & Mobile APKs	2026-09-07T03:31:00.2769036Z e: file:///home/runner/work/tvmime/tvmime/tvApp/src/main/java/com/tvmime/tv/sv_ui/screens/provider/ProviderSetupScreen.kt:558:70 Unresolved reference: ProviderInputSanitizer
Compile TV & Mobile APKs	Build Android TV & Mobile APKs	2026-09-07T03:31:00.2817953Z e: file:///home/runner/work/tvmime/tvmime/tvApp/src/main/java/com/tvmime/tv/sv_ui/screens/provider/ProviderSetupScreen.kt:559:98 Unresolved reference: ProviderInputSanitizer
Compile TV & Mobile APKs	Build Android TV & Mobile APKs	2026-09-07T03:31:00.2820503Z e: file:///home/runner/work/tvmime/tvmime/tvApp/src/main/java/com/tvmime/tv/sv_ui/screens/provider/ProviderSetupScreen.kt:560:90 Unresolved reference: ProviderInputSanitizer
Compile TV & Mobile APKs	Build Android TV & Mobile APKs	2026-09-07T03:31:00.2822713Z e: file:///home/runner/work/tvmime/tvmime/tvApp/src/main/java/com/tvmime/tv/sv_ui/screens/provider/ProviderSetupScreen.kt:561:114 Unresolved reference: ProviderInputSanitizer
Compile TV & Mobile APKs	Build Android TV & Mobile APKs	2026-09-07T03:31:00.2824870Z e: file:///home/runner/work/tvmime/tvmime/tvApp/src/main/java/com/tvmime/tv/sv_ui/screens/provider/ProviderSetupScreen.kt:563:126 Unresolved reference: ProviderInputSanitizer
Compile TV & Mobile APKs	Build Android TV & Mobile APKs	2026-09-07T03:31:00.2827023Z e: file:///home/runner/work/tvmime/tvmime/tvApp/src/main/java/com/tvmime/tv/sv_ui/screens/provider/ProviderSetupScreen.kt:564:130 Unresolved reference: ProviderInputSanitizer
Compile TV & Mobile APKs	Build Android TV & Mobile APKs	2026-09-07T03:31:00.2829151Z e: file:///home/runner/work/tvmime/tvmime/tvApp/src/main/java/com/tvmime/tv/sv_ui/screens/provider/ProviderSetupScreen.kt:565:122 Unresolved reference: ProviderInputSanitizer
Compile TV & Mobile APKs	Build Android TV & Mobile APKs	2026-09-07T03:31:00.2831987Z e: file:///home/runner/work/tvmime/tvmime/tvApp/src/main/java/com/tvmime/tv/sv_ui/screens/provider/ProviderSetupScreen.kt:566:122 Unresolved reference: ProviderInputSanitizer
Compile TV & Mobile APKs	Build Android TV & Mobile APKs	2026-09-07T03:31:00.2834153Z e: file:///home/runner/work/tvmime/tvmime/tvApp/src/main/java/com/tvmime/tv/sv_ui/screens/provider/ProviderSetupScreen.kt:567:106 Unresolved reference: ProviderInputSanitizer
Compile TV & Mobile APKs	Build Android TV & Mobile APKs	2026-09-07T03:31:00.2836292Z e: file:///home/runner/work/tvmime/tvmime/tvApp/src/main/java/com/tvmime/tv/sv_ui/screens/provider/ProviderSetupScreen.kt:568:110 Unresolved reference: ProviderInputSanitizer
Compile TV & Mobile APKs	Build Android TV & Mobile APKs	2026-09-07T03:31:00.2838430Z e: file:///home/runner/work/tvmime/tvmime/tvApp/src/main/java/com/tvmime/tv/sv_ui/screens/provider/ProviderSetupScreen.kt:569:110 Unresolved reference: ProviderInputSanitizer
Compile TV & Mobile APKs	Build Android TV & Mobile APKs	2026-09-07T03:31:00.2931462Z e: file:///home/runner/work/tvmime/tvmime/tvApp/src/main/java/com/tvmime/tv/sv_ui/screens/provider/ProviderSetupScreen.kt:571:122 Unresolved reference: ProviderInputSanitizer
Compile TV & Mobile APKs	Build Android TV & Mobile APKs	2026-09-07T03:31:00.2933986Z e: file:///home/runner/work/tvmime/tvmime/tvApp/src/main/java/com/tvmime/tv/sv_ui/screens/provider/ProviderSetupScreen.kt:572:134 Unresolved reference: ProviderInputSanitizer
Compile TV & Mobile APKs	Build Android TV & Mobile APKs	2026-09-07T03:31:00.2936778Z e: file:///home/runner/work/tvmime/tvmime/tvApp/src/main/java/com/tvmime/tv/sv_ui/screens/provider/ProviderSetupScreen.kt:573:126 Unresolved reference: ProviderInputSanitizer
Compile TV & Mobile APKs	Build Android TV & Mobile APKs	2026-09-07T03:31:00.2939017Z e: file:///home/runner/work/tvmime/tvmime/tvApp/src/main/java/com/tvmime/tv/sv_ui/screens/provider/ProviderSetupScreen.kt:619:62 Unresolved reference: ProviderInputSanitizer
Compile TV & Mobile APKs	Build Android TV & Mobile APKs	2026-09-07T03:31:00.2941549Z e: file:///home/runner/work/tvmime/tvmime/tvApp/src/main/java/com/tvmime/tv/sv_ui/screens/provider/ProviderSetupScreen.kt:620:82 Unresolved reference: ProviderInputSanitizer
Compile TV & Mobile APKs	Build Android TV & Mobile APKs	2026-09-07T03:31:00.2943792Z e: file:///home/runner/work/tvmime/tvmime/tvApp/src/main/java/com/tvmime/tv/sv_ui/screens/provider/ProviderSetupScreen.kt:621:78 Unresolved reference: ProviderInputSanitizer
Compile TV & Mobile APKs	Build Android TV & Mobile APKs	2026-09-07T03:31:00.2946076Z e: file:///home/runner/work/tvmime/tvmime/tvApp/src/main/java/com/tvmime/tv/sv_ui/screens/provider/ProviderSetupScreen.kt:622:78 Unresolved reference: ProviderInputSanitizer
Compile TV & Mobile APKs	Build Android TV & Mobile APKs	2026-09-07T03:31:00.2948331Z e: file:///home/runner/work/tvmime/tvmime/tvApp/src/main/java/com/tvmime/tv/sv_ui/screens/provider/ProviderSetupScreen.kt:623:70 Unresolved reference: ProviderInputSanitizer
Compile TV & Mobile APKs	Build Android TV & Mobile APKs	2026-09-07T03:31:00.2950838Z e: file:///home/runner/work/tvmime/tvmime/tvApp/src/main/java/com/tvmime/tv/sv_ui/screens/provider/ProviderSetupScreen.kt:624:98 Unresolved reference: ProviderInputSanitizer
Compile TV & Mobile APKs	Build Android TV & Mobile APKs	2026-09-07T03:31:00.2953054Z e: file:///home/runner/work/tvmime/tvmime/tvApp/src/main/java/com/tvmime/tv/sv_ui/screens/provider/ProviderSetupScreen.kt:625:90 Unresolved reference: ProviderInputSanitizer
Compile TV & Mobile APKs	Build Android TV & Mobile APKs	2026-09-07T03:31:00.2955284Z e: file:///home/runner/work/tvmime/tvmime/tvApp/src/main/java/com/tvmime/tv/sv_ui/screens/provider/ProviderSetupScreen.kt:626:114 Unresolved reference: ProviderInputSanitizer
Compile TV & Mobile APKs	Build Android TV & Mobile APKs	2026-09-07T03:31:00.2957516Z e: file:///home/runner/work/tvmime/tvmime/tvApp/src/main/java/com/tvmime/tv/sv_ui/screens/provider/ProviderSetupScreen.kt:628:126 Unresolved reference: ProviderInputSanitizer
Compile TV & Mobile APKs	Build Android TV & Mobile APKs	2026-09-07T03:31:00.2959666Z e: file:///home/runner/work/tvmime/tvmime/tvApp/src/main/java/com/tvmime/tv/sv_ui/screens/provider/ProviderSetupScreen.kt:629:130 Unresolved reference: ProviderInputSanitizer
Compile TV & Mobile APKs	Build Android TV & Mobile APKs	2026-09-07T03:31:00.2966222Z e: file:///home/runner/work/tvmime/tvmime/tvApp/src/main/java/com/tvmime/tv/sv_ui/screens/provider/ProviderSetupScreen.kt:630:122 Unresolved reference: ProviderInputSanitizer
Compile TV & Mobile APKs	Build Android TV & Mobile APKs	2026-09-07T03:31:00.2990975Z e: file:///home/runner/work/tvmime/tvmime/tvApp/src/main/java/com/tvmime/tv/sv_ui/screens/provider/ProviderSetupScreen.kt:631:122 Unresolved reference: ProviderInputSanitizer
Compile TV & Mobile APKs	Build Android TV & Mobile APKs	2026-09-07T03:31:00.2993233Z e: file:///home/runner/work/tvmime/tvmime/tvApp/src/main/java/com/tvmime/tv/sv_ui/screens/provider/ProviderSetupScreen.kt:632:106 Unresolved reference: ProviderInputSanitizer
Compile TV & Mobile APKs	Build Android TV & Mobile APKs	2026-09-07T03:31:00.2995887Z e: file:///home/runner/work/tvmime/tvmime/tvApp/src/main/java/com/tvmime/tv/sv_ui/screens/provider/ProviderSetupScreen.kt:633:110 Unresolved reference: ProviderInputSanitizer
Compile TV & Mobile APKs	Build Android TV & Mobile APKs	2026-09-07T03:31:00.2998043Z e: file:///home/runner/work/tvmime/tvmime/tvApp/src/main/java/com/tvmime/tv/sv_ui/screens/provider/ProviderSetupScreen.kt:634:110 Unresolved reference: ProviderInputSanitizer
Compile TV & Mobile APKs	Build Android TV & Mobile APKs	2026-09-07T03:31:00.3000562Z e: file:///home/runner/work/tvmime/tvmime/tvApp/src/main/java/com/tvmime/tv/sv_ui/screens/provider/ProviderSetupScreen.kt:636:122 Unresolved reference: ProviderInputSanitizer
Compile TV & Mobile APKs	Build Android TV & Mobile APKs	2026-09-07T03:31:00.3002872Z e: file:///home/runner/work/tvmime/tvmime/tvApp/src/main/java/com/tvmime/tv/sv_ui/screens/provider/ProviderSetupScreen.kt:637:134 Unresolved reference: ProviderInputSanitizer
Compile TV & Mobile APKs	Build Android TV & Mobile APKs	2026-09-07T03:31:00.3005134Z e: file:///home/runner/work/tvmime/tvmime/tvApp/src/main/java/com/tvmime/tv/sv_ui/screens/provider/ProviderSetupScreen.kt:638:126 Unresolved reference: ProviderInputSanitizer
Compile TV & Mobile APKs	Build Android TV & Mobile APKs	2026-09-07T03:31:00.3007394Z e: file:///home/runner/work/tvmime/tvmime/tvApp/src/main/java/com/tvmime/tv/sv_ui/screens/provider/ProviderSetupScreen.kt:842:25 Unresolved reference: LocalLifecycleOwner
Compile TV & Mobile APKs	Build Android TV & Mobile APKs	2026-09-07T03:31:00.3040486Z e: file:///home/runner/work/tvmime/tvmime/tvApp/src/main/java/com/tvmime/tv/sv_ui/screens/provider/ProviderSetupScreen.kt:916:33 Unresolved reference: status
Compile TV & Mobile APKs	Build Android TV & Mobile APKs	2026-09-07T03:31:00.3042688Z e: file:///home/runner/work/tvmime/tvmime/tvApp/src/main/java/com/tvmime/tv/sv_ui/screens/provider/ProviderSetupScreen.kt:916:43 Unresolved reference: ProviderQrPairingStatus
Compile TV & Mobile APKs	Build Android TV & Mobile APKs	2026-09-07T03:31:00.3044714Z e: file:///home/runner/work/tvmime/tvmime/tvApp/src/main/java/com/tvmime/tv/sv_ui/screens/provider/ProviderSetupScreen.kt:917:22 Unresolved reference: status
Compile TV & Mobile APKs	Build Android TV & Mobile APKs	2026-09-07T03:31:00.3046693Z e: file:///home/runner/work/tvmime/tvmime/tvApp/src/main/java/com/tvmime/tv/sv_ui/screens/provider/ProviderSetupScreen.kt:917:32 Unresolved reference: ProviderQrPairingStatus
Compile TV & Mobile APKs	Build Android TV & Mobile APKs	2026-09-07T03:31:00.3048767Z e: file:///home/runner/work/tvmime/tvmime/tvApp/src/main/java/com/tvmime/tv/sv_ui/screens/provider/ProviderSetupScreen.kt:918:32 Unresolved reference: message
Compile TV & Mobile APKs	Build Android TV & Mobile APKs	2026-09-07T03:31:00.3051614Z e: file:///home/runner/work/tvmime/tvmime/tvApp/src/main/java/com/tvmime/tv/sv_ui/screens/provider/ProviderSetupScreen.kt:923:18 Type mismatch: inferred type is ClickableSurfaceColors but NonInteractiveSurfaceColors was expected
Compile TV & Mobile APKs	Build Android TV & Mobile APKs	2026-09-07T03:31:00.3054204Z e: file:///home/runner/work/tvmime/tvmime/tvApp/src/main/java/com/tvmime/tv/sv_ui/screens/provider/ProviderSetupScreen.kt:954:29 'when' expression must be exhaustive, add necessary 'else' branch
Compile TV & Mobile APKs	Build Android TV & Mobile APKs	2026-09-07T03:31:00.3056167Z e: file:///home/runner/work/tvmime/tvmime/tvApp/src/main/java/com/tvmime/tv/sv_ui/screens/provider/ProviderSetupScreen.kt:954:48 Unresolved reference: status
Compile TV & Mobile APKs	Build Android TV & Mobile APKs	2026-09-07T03:31:00.3058064Z e: file:///home/runner/work/tvmime/tvmime/tvApp/src/main/java/com/tvmime/tv/sv_ui/screens/provider/ProviderSetupScreen.kt:955:25 Unresolved reference: ProviderQrPairingStatus
Compile TV & Mobile APKs	Build Android TV & Mobile APKs	2026-09-07T03:31:00.3060306Z e: file:///home/runner/work/tvmime/tvmime/tvApp/src/main/java/com/tvmime/tv/sv_ui/screens/provider/ProviderSetupScreen.kt:956:25 Unresolved reference: ProviderQrPairingStatus
Compile TV & Mobile APKs	Build Android TV & Mobile APKs	2026-09-07T03:31:00.3062300Z e: file:///home/runner/work/tvmime/tvmime/tvApp/src/main/java/com/tvmime/tv/sv_ui/screens/provider/ProviderSetupScreen.kt:957:25 Unresolved reference: ProviderQrPairingStatus
Compile TV & Mobile APKs	Build Android TV & Mobile APKs	2026-09-07T03:31:00.3064277Z e: file:///home/runner/work/tvmime/tvmime/tvApp/src/main/java/com/tvmime/tv/sv_ui/screens/provider/ProviderSetupScreen.kt:958:25 Unresolved reference: ProviderQrPairingStatus
Compile TV & Mobile APKs	Build Android TV & Mobile APKs	2026-09-07T03:31:00.3066231Z e: file:///home/runner/work/tvmime/tvmime/tvApp/src/main/java/com/tvmime/tv/sv_ui/screens/provider/ProviderSetupScreen.kt:959:25 Unresolved reference: ProviderQrPairingStatus
Compile TV & Mobile APKs	Build Android TV & Mobile APKs	2026-09-07T03:31:00.3068117Z e: file:///home/runner/work/tvmime/tvmime/tvApp/src/main/java/com/tvmime/tv/sv_ui/screens/provider/ProviderSetupScreen.kt:961:55 Unresolved reference: status
Compile TV & Mobile APKs	Build Android TV & Mobile APKs	2026-09-07T03:31:00.3080455Z e: file:///home/runner/work/tvmime/tvmime/tvApp/src/main/java/com/tvmime/tv/sv_ui/screens/provider/ProviderSetupScreen.kt:961:65 Unresolved reference: ProviderQrPairingStatus
Compile TV & Mobile APKs	Build Android TV & Mobile APKs	2026-09-07T03:31:00.3082514Z e: file:///home/runner/work/tvmime/tvmime/tvApp/src/main/java/com/tvmime/tv/sv_ui/screens/provider/ProviderSetupScreen.kt:969:26 Unresolved reference: qrBitmap
Compile TV & Mobile APKs	Build Android TV & Mobile APKs	2026-09-07T03:31:00.3084563Z e: file:///home/runner/work/tvmime/tvmime/tvApp/src/main/java/com/tvmime/tv/sv_ui/screens/provider/ProviderSetupScreen.kt:969:42 Cannot infer a type for this parameter. Please specify it explicitly.
Compile TV & Mobile APKs	Build Android TV & Mobile APKs	2026-09-07T03:31:00.3086860Z e: file:///home/runner/work/tvmime/tvmime/tvApp/src/main/java/com/tvmime/tv/sv_ui/screens/provider/ProviderSetupScreen.kt:970:17 @Composable invocations can only happen from the context of a @Composable function
Compile TV & Mobile APKs	Build Android TV & Mobile APKs	2026-09-07T03:31:00.3088904Z e: file:///home/runner/work/tvmime/tvmime/tvApp/src/main/java/com/tvmime/tv/sv_ui/screens/provider/ProviderSetupScreen.kt:992:38 Unresolved reference: url
Compile TV & Mobile APKs	Build Android TV & Mobile APKs	2026-09-07T03:31:00.3091116Z e: file:///home/runner/work/tvmime/tvmime/tvApp/src/main/java/com/tvmime/tv/sv_ui/screens/provider/ProviderSetupScreen.kt:992:49 Cannot infer a type for this parameter. Please specify it explicitly.
Compile TV & Mobile APKs	Build Android TV & Mobile APKs	2026-09-07T03:31:00.3093462Z e: file:///home/runner/work/tvmime/tvmime/tvApp/src/main/java/com/tvmime/tv/sv_ui/screens/provider/ProviderSetupScreen.kt:993:29 Overload resolution ambiguity: 
Compile TV & Mobile APKs	Build Android TV & Mobile APKs	2026-09-07T03:31:00.3097309Z public fun Text(text: AnnotatedString, modifier: Modifier = ..., color: Color = ..., fontSize: TextUnit = ..., fontStyle: FontStyle? = ..., fontWeight: FontWeight? = ..., fontFamily: FontFamily? = ..., letterSpacing: TextUnit = ..., textDecoration: TextDecoration? = ..., textAlign: TextAlign? = ..., lineHeight: TextUnit = ..., overflow: TextOverflow = ..., softWrap: Boolean = ..., maxLines: Int = ..., inlineContent: Map<String, InlineTextContent> = ..., onTextLayout: (TextLayoutResult) -> Unit = ..., style: TextStyle = ...): Unit defined in androidx.tv.material3
Compile TV & Mobile APKs	Build Android TV & Mobile APKs	2026-09-07T03:31:00.3103028Z public fun Text(text: String, modifier: Modifier = ..., color: Color = ..., fontSize: TextUnit = ..., fontStyle: FontStyle? = ..., fontWeight: FontWeight? = ..., fontFamily: FontFamily? = ..., letterSpacing: TextUnit = ..., textDecoration: TextDecoration? = ..., textAlign: TextAlign? = ..., lineHeight: TextUnit = ..., overflow: TextOverflow = ..., softWrap: Boolean = ..., maxLines: Int = ..., onTextLayout: (TextLayoutResult) -> Unit = ..., style: TextStyle = ...): Unit defined in androidx.tv.material3
Compile TV & Mobile APKs	Build Android TV & Mobile APKs	2026-09-07T03:31:00.3106887Z e: file:///home/runner/work/tvmime/tvmime/tvApp/src/main/java/com/tvmime/tv/sv_ui/screens/provider/ProviderSetupScreen.kt:995:55 @Composable invocations can only happen from the context of a @Composable function
Compile TV & Mobile APKs	Build Android TV & Mobile APKs	2026-09-07T03:31:00.3109109Z e: file:///home/runner/work/tvmime/tvmime/tvApp/src/main/java/com/tvmime/tv/sv_ui/screens/provider/ProviderSetupScreen.kt:1084:30 Unresolved reference: rememberIsTelevisionDevice
Compile TV & Mobile APKs	Build Android TV & Mobile APKs	2026-09-07T03:31:00.3111704Z e: file:///home/runner/work/tvmime/tvmime/tvApp/src/main/java/com/tvmime/tv/sv_ui/screens/provider/ProviderSetupScreen.kt:1090:18 Type mismatch: inferred type is ClickableSurfaceColors but NonInteractiveSurfaceColors was expected
Compile TV & Mobile APKs	Build Android TV & Mobile APKs	2026-09-07T03:31:00.3114105Z e: file:///home/runner/work/tvmime/tvmime/tvApp/src/main/java/com/tvmime/tv/sv_ui/screens/provider/ProviderSetupScreen.kt:1124:29 Cannot find a parameter with this name: autoCorrectEnabled
Compile TV & Mobile APKs	Build Android TV & Mobile APKs	2026-09-07T03:31:00.3116196Z e: file:///home/runner/work/tvmime/tvmime/tvApp/src/main/java/com/tvmime/tv/sv_ui/screens/provider/ProviderSetupScreen.kt:1134:29 Cannot find a parameter with this name: autoCorrectEnabled
Compile TV & Mobile APKs	Build Android TV & Mobile APKs	2026-09-07T03:31:00.3118272Z e: file:///home/runner/work/tvmime/tvmime/tvApp/src/main/java/com/tvmime/tv/sv_ui/screens/provider/ProviderSetupScreen.kt:1145:29 Cannot find a parameter with this name: autoCorrectEnabled
Compile TV & Mobile APKs	Build Android TV & Mobile APKs	2026-09-07T03:31:00.3120606Z e: file:///home/runner/work/tvmime/tvmime/tvApp/src/main/java/com/tvmime/tv/sv_ui/screens/provider/ProviderSetupScreen.kt:1223:29 Cannot find a parameter with this name: autoCorrectEnabled
Compile TV & Mobile APKs	Build Android TV & Mobile APKs	2026-09-07T03:31:00.3123037Z e: file:///home/runner/work/tvmime/tvmime/tvApp/src/main/java/com/tvmime/tv/sv_ui/screens/provider/ProviderSetupScreen.kt:1237:29 Cannot find a parameter with this name: autoCorrectEnabled
Compile TV & Mobile APKs	Build Android TV & Mobile APKs	2026-09-07T03:31:00.3125114Z e: file:///home/runner/work/tvmime/tvmime/tvApp/src/main/java/com/tvmime/tv/sv_ui/screens/provider/ProviderSetupScreen.kt:1507:37 Unresolved reference: StalkerAdvancedOptions
Compile TV & Mobile APKs	Build Android TV & Mobile APKs	2026-09-07T03:31:00.3127091Z e: file:///home/runner/work/tvmime/tvmime/tvApp/src/main/java/com/tvmime/tv/sv_ui/screens/provider/ProviderSetupScreen.kt:1556:46 Unresolved reference: StalkerAdvancedOptions
Compile TV & Mobile APKs	Build Android TV & Mobile APKs	2026-09-07T03:31:00.3129106Z e: file:///home/runner/work/tvmime/tvmime/tvApp/src/main/java/com/tvmime/tv/sv_ui/screens/provider/ProviderSetupScreen.kt:1677:29 Cannot find a parameter with this name: autoCorrectEnabled
Compile TV & Mobile APKs	Build Android TV & Mobile APKs	2026-09-07T03:31:00.3131476Z e: file:///home/runner/work/tvmime/tvmime/tvApp/src/main/java/com/tvmime/tv/sv_ui/screens/provider/ProviderSetupScreen.kt:1695:29 Cannot find a parameter with this name: autoCorrectEnabled
Compile TV & Mobile APKs	Build Android TV & Mobile APKs	2026-09-07T03:31:00.3133501Z e: file:///home/runner/work/tvmime/tvmime/tvApp/src/main/java/com/tvmime/tv/sv_ui/screens/provider/ProviderSetupScreen.kt:1891:33 Cannot find a parameter with this name: autoCorrectEnabled
Compile TV & Mobile APKs	Build Android TV & Mobile APKs	2026-09-07T03:31:00.3135867Z e: file:///home/runner/work/tvmime/tvmime/tvApp/src/main/java/com/tvmime/tv/sv_ui/screens/provider/ProviderSetupScreen.kt:1907:33 Cannot find a parameter with this name: autoCorrectEnabled
Compile TV & Mobile APKs	Build Android TV & Mobile APKs	2026-09-07T03:31:00.3137908Z e: file:///home/runner/work/tvmime/tvmime/tvApp/src/main/java/com/tvmime/tv/sv_ui/screens/provider/ProviderSetupScreen.kt:1987:40 Unresolved reference: StalkerAdvancedOptions
Compile TV & Mobile APKs	Build Android TV & Mobile APKs	2026-09-07T03:31:00.3140107Z e: file:///home/runner/work/tvmime/tvmime/tvApp/src/main/java/com/tvmime/tv/sv_ui/screens/provider/ProviderSetupScreen.kt:1988:69 Unresolved reference: StalkerAdvancedOptions
Compile TV & Mobile APKs	Build Android TV & Mobile APKs	2026-09-07T03:31:00.3142063Z e: file:///home/runner/work/tvmime/tvmime/tvApp/src/main/java/com/tvmime/tv/sv_ui/screens/provider/ProviderSetupScreen.kt:1989:75 Unresolved reference: StalkerAdvancedOptions
Compile TV & Mobile APKs	Build Android TV & Mobile APKs	2026-09-07T03:31:00.3143996Z e: file:///home/runner/work/tvmime/tvmime/tvApp/src/main/java/com/tvmime/tv/sv_ui/screens/provider/ProviderSetupScreen.kt:1992:40 Unresolved reference: StalkerAdvancedOptions
Compile TV & Mobile APKs	Build Android TV & Mobile APKs	2026-09-07T03:31:00.3145968Z e: file:///home/runner/work/tvmime/tvmime/tvApp/src/main/java/com/tvmime/tv/sv_ui/screens/provider/ProviderSetupScreen.kt:1993:69 Unresolved reference: StalkerAdvancedOptions
Compile TV & Mobile APKs	Build Android TV & Mobile APKs	2026-09-07T03:31:00.3147952Z e: file:///home/runner/work/tvmime/tvmime/tvApp/src/main/java/com/tvmime/tv/sv_ui/screens/provider/ProviderSetupScreen.kt:1994:75 Unresolved reference: StalkerAdvancedOptions
Compile TV & Mobile APKs	Build Android TV & Mobile APKs	2026-09-07T03:31:00.3150325Z e: file:///home/runner/work/tvmime/tvmime/tvApp/src/main/java/com/tvmime/tv/sv_ui/screens/provider/ProviderSetupScreen.kt:2105:44 This foundation API is experimental and is likely to change or be removed in the future.
Compile TV & Mobile APKs	Build Android TV & Mobile APKs	2026-09-07T03:31:00.3152837Z e: file:///home/runner/work/tvmime/tvmime/tvApp/src/main/java/com/tvmime/tv/sv_ui/screens/provider/ProviderSetupScreen.kt:2105:55 This foundation API is experimental and is likely to change or be removed in the future.
Compile TV & Mobile APKs	Build Android TV & Mobile APKs	2026-09-07T03:31:00.3155353Z e: file:///home/runner/work/tvmime/tvmime/tvApp/src/main/java/com/tvmime/tv/sv_ui/screens/provider/ProviderSetupScreen.kt:2111:27 This foundation API is experimental and is likely to change or be removed in the future.
Compile TV & Mobile APKs	Build Android TV & Mobile APKs	2026-09-07T03:31:00.3157792Z e: file:///home/runner/work/tvmime/tvmime/tvApp/src/main/java/com/tvmime/tv/sv_ui/screens/provider/ProviderSetupScreen.kt:2111:60 This foundation API is experimental and is likely to change or be removed in the future.
Compile TV & Mobile APKs	Build Android TV & Mobile APKs	2026-09-07T03:31:00.3160427Z e: file:///home/runner/work/tvmime/tvmime/tvApp/src/main/java/com/tvmime/tv/sv_ui/screens/provider/ProviderSetupScreen.kt:2145:38 This foundation API is experimental and is likely to change or be removed in the future.
Compile TV & Mobile APKs	Build Android TV & Mobile APKs	2026-09-07T03:31:00.3162864Z e: file:///home/runner/work/tvmime/tvmime/tvApp/src/main/java/com/tvmime/tv/sv_ui/screens/provider/ProviderSetupScreen.kt:2145:61 This foundation API is experimental and is likely to change or be removed in the future.
Compile TV & Mobile APKs	Build Android TV & Mobile APKs	2026-09-07T03:31:00.3165662Z e: file:///home/runner/work/tvmime/tvmime/tvApp/src/main/java/com/tvmime/tv/sv_ui/screens/provider/ProviderSetupScreen.kt:2557:18 Type mismatch: inferred type is ClickableSurfaceColors but NonInteractiveSurfaceColors was expected
Compile TV & Mobile APKs	Build Android TV & Mobile APKs	2026-09-07T03:31:00.3168026Z e: file:///home/runner/work/tvmime/tvmime/tvApp/src/main/java/com/tvmime/tv/sv_ui/screens/provider/ProviderSetupScreen.kt:2765:30 Unresolved reference: rememberIsTelevisionDevice
Compile TV & Mobile APKs	Build Android TV & Mobile APKs	2026-09-07T03:31:00.3170256Z e: file:///home/runner/work/tvmime/tvmime/tvApp/src/main/java/com/tvmime/tv/sv_ui/screens/provider/ProviderSetupScreen.kt:2768:25 Not enough information to infer type variable T
Compile TV & Mobile APKs	Build Android TV & Mobile APKs	2026-09-07T03:31:00.3172665Z e: file:///home/runner/work/tvmime/tvmime/tvApp/src/main/java/com/tvmime/tv/sv_ui/screens/provider/ProviderSetupScreen.kt:2768:25 Property delegate must have a 'getValue(Nothing?, KProperty<*>)' method. None of the following functions is suitable: 
Compile TV & Mobile APKs	Build Android TV & Mobile APKs	2026-09-07T03:31:00.3174788Z public inline operator fun <T> State<???>.getValue(thisObj: Any?, property: KProperty<*>): ??? defined in androidx.compose.runtime
Compile TV & Mobile APKs	Build Android TV & Mobile APKs	2026-09-07T03:31:00.3177017Z e: file:///home/runner/work/tvmime/tvmime/tvApp/src/main/java/com/tvmime/tv/sv_ui/screens/provider/ProviderSetupScreen.kt:2781:34 This foundation API is experimental and is likely to change or be removed in the future.
Compile TV & Mobile APKs	Build Android TV & Mobile APKs	2026-09-07T03:31:00.3179499Z e: file:///home/runner/work/tvmime/tvmime/tvApp/src/main/java/com/tvmime/tv/sv_ui/screens/provider/ProviderSetupScreen.kt:2781:45 This foundation API is experimental and is likely to change or be removed in the future.
Compile TV & Mobile APKs	Build Android TV & Mobile APKs	2026-09-07T03:31:00.3182208Z e: file:///home/runner/work/tvmime/tvmime/tvApp/src/main/java/com/tvmime/tv/sv_ui/screens/provider/ProviderSetupScreen.kt:2801:31 This foundation API is experimental and is likely to change or be removed in the future.
Compile TV & Mobile APKs	Build Android TV & Mobile APKs	2026-09-07T03:31:00.3184671Z e: file:///home/runner/work/tvmime/tvmime/tvApp/src/main/java/com/tvmime/tv/sv_ui/screens/provider/ProviderSetupScreen.kt:2801:54 This foundation API is experimental and is likely to change or be removed in the future.
Compile TV & Mobile APKs	Build Android TV & Mobile APKs	2026-09-07T03:31:00.3187124Z e: file:///home/runner/work/tvmime/tvmime/tvApp/src/main/java/com/tvmime/tv/sv_ui/screens/provider/ProviderSetupScreen.kt:2803:31 This foundation API is experimental and is likely to change or be removed in the future.
Compile TV & Mobile APKs	Build Android TV & Mobile APKs	2026-09-07T03:31:00.3189552Z e: file:///home/runner/work/tvmime/tvmime/tvApp/src/main/java/com/tvmime/tv/sv_ui/screens/provider/ProviderSetupScreen.kt:2803:54 This foundation API is experimental and is likely to change or be removed in the future.
Compile TV & Mobile APKs	Build Android TV & Mobile APKs	2026-09-07T03:31:00.3192189Z e: file:///home/runner/work/tvmime/tvmime/tvApp/src/main/java/com/tvmime/tv/sv_ui/screens/provider/ProviderSetupScreen.kt:2810:27 This foundation API is experimental and is likely to change or be removed in the future.
Compile TV & Mobile APKs	Build Android TV & Mobile APKs	2026-09-07T03:31:00.3194593Z e: file:///home/runner/work/tvmime/tvmime/tvApp/src/main/java/com/tvmime/tv/sv_ui/screens/provider/ProviderSetupScreen.kt:2810:50 This foundation API is experimental and is likely to change or be removed in the future.
Compile TV & Mobile APKs	Build Android TV & Mobile APKs	2026-09-07T03:31:00.3197026Z e: file:///home/runner/work/tvmime/tvmime/tvApp/src/main/java/com/tvmime/tv/sv_ui/screens/provider/ProviderSetupScreen.kt:2843:27 This foundation API is experimental and is likely to change or be removed in the future.
Compile TV & Mobile APKs	Build Android TV & Mobile APKs	2026-09-07T03:31:00.3199492Z e: file:///home/runner/work/tvmime/tvmime/tvApp/src/main/java/com/tvmime/tv/sv_ui/screens/provider/ProviderSetupScreen.kt:2843:50 This foundation API is experimental and is likely to change or be removed in the future.
Compile TV & Mobile APKs	Build Android TV & Mobile APKs	2026-09-07T03:31:00.3202145Z e: file:///home/runner/work/tvmime/tvmime/tvApp/src/main/java/com/tvmime/tv/sv_ui/screens/provider/ProviderSetupScreen.kt:2878:14 This foundation API is experimental and is likely to change or be removed in the future.
Compile TV & Mobile APKs	Build Android TV & Mobile APKs	2026-09-07T03:31:00.3204593Z e: file:///home/runner/work/tvmime/tvmime/tvApp/src/main/java/com/tvmime/tv/sv_ui/screens/provider/ProviderSetupScreen.kt:2878:37 This foundation API is experimental and is likely to change or be removed in the future.
Compile TV & Mobile APKs	Build Android TV & Mobile APKs	2026-09-07T03:31:00.3207179Z e: file:///home/runner/work/tvmime/tvmime/tvApp/src/main/java/com/tvmime/tv/sv_ui/screens/provider/ProviderSetupScreen.kt:2905:47 This API is experimental and is likely to change in the future.
Compile TV & Mobile APKs	Build Android TV & Mobile APKs	2026-09-07T03:31:00.3209359Z e: file:///home/runner/work/tvmime/tvmime/tvApp/src/main/java/com/tvmime/tv/sv_ui/screens/provider/ProviderSetupScreen.kt:2906:100 This API is experimental and is likely to change in the future.
Compile TV & Mobile APKs	Build Android TV & Mobile APKs	2026-09-07T03:31:00.3211883Z e: file:///home/runner/work/tvmime/tvmime/tvApp/src/main/java/com/tvmime/tv/sv_ui/screens/provider/ProviderSetupScreen.kt:2951:43 This foundation API is experimental and is likely to change or be removed in the future.
Compile TV & Mobile APKs	Build Android TV & Mobile APKs	2026-09-07T03:31:00.3214337Z e: file:///home/runner/work/tvmime/tvmime/tvApp/src/main/java/com/tvmime/tv/sv_ui/screens/provider/ProviderSetupScreen.kt:2951:66 This foundation API is experimental and is likely to change or be removed in the future.
Compile TV & Mobile APKs	Build Android TV & Mobile APKs	2026-09-07T03:31:00.3216807Z e: file:///home/runner/work/tvmime/tvmime/tvApp/src/main/java/com/tvmime/tv/sv_ui/screens/provider/ProviderSetupScreen.kt:2999:59 This foundation API is experimental and is likely to change or be removed in the future.
Compile TV & Mobile APKs	Build Android TV & Mobile APKs	2026-09-07T03:31:00.3219477Z e: file:///home/runner/work/tvmime/tvmime/tvApp/src/main/java/com/tvmime/tv/sv_ui/screens/provider/ProviderSetupScreen.kt:2999:82 This foundation API is experimental and is likely to change or be removed in the future.
Compile TV & Mobile APKs	Build Android TV & Mobile APKs	2026-09-07T03:31:00.3221821Z e: file:///home/runner/work/tvmime/tvmime/tvApp/src/main/java/com/tvmime/tv/sv_ui/screens/provider/ProviderSetupViewModel.kt:7:29 Unresolved reference: remote
Compile TV & Mobile APKs	Build Android TV & Mobile APKs	2026-09-07T03:31:00.3223604Z e: file:///home/runner/work/tvmime/tvmime/tvApp/src/main/java/com/tvmime/tv/sv_ui/screens/provider/ProviderSetupViewModel.kt:8:29 Unresolved reference: remote
Compile TV & Mobile APKs	Build Android TV & Mobile APKs	2026-09-07T03:31:00.3225359Z e: file:///home/runner/work/tvmime/tvmime/tvApp/src/main/java/com/tvmime/tv/sv_ui/screens/provider/ProviderSetupViewModel.kt:9:29 Unresolved reference: remote
Compile TV & Mobile APKs	Build Android TV & Mobile APKs	2026-09-07T03:31:00.3227116Z e: file:///home/runner/work/tvmime/tvmime/tvApp/src/main/java/com/tvmime/tv/sv_ui/screens/provider/ProviderSetupViewModel.kt:10:29 Unresolved reference: remote
Compile TV & Mobile APKs	Build Android TV & Mobile APKs	2026-09-07T03:31:00.3228889Z e: file:///home/runner/work/tvmime/tvmime/tvApp/src/main/java/com/tvmime/tv/sv_ui/screens/provider/ProviderSetupViewModel.kt:11:29 Unresolved reference: remote
Compile TV & Mobile APKs	Build Android TV & Mobile APKs	2026-09-07T03:31:00.3230933Z e: file:///home/runner/work/tvmime/tvmime/tvApp/src/main/java/com/tvmime/tv/sv_ui/screens/provider/ProviderSetupViewModel.kt:12:29 Unresolved reference: security
Compile TV & Mobile APKs	Build Android TV & Mobile APKs	2026-09-07T03:31:00.3232742Z e: file:///home/runner/work/tvmime/tvmime/tvApp/src/main/java/com/tvmime/tv/sv_ui/screens/provider/ProviderSetupViewModel.kt:48:8 Unresolved reference: dagger
Compile TV & Mobile APKs	Build Android TV & Mobile APKs	2026-09-07T03:31:00.3234518Z e: file:///home/runner/work/tvmime/tvmime/tvApp/src/main/java/com/tvmime/tv/sv_ui/screens/provider/ProviderSetupViewModel.kt:49:14 Unresolved reference: inject
Compile TV & Mobile APKs	Build Android TV & Mobile APKs	2026-09-07T03:31:00.3236343Z e: file:///home/runner/work/tvmime/tvmime/tvApp/src/main/java/com/tvmime/tv/sv_ui/screens/provider/ProviderSetupViewModel.kt:65:2 Unresolved reference: HiltViewModel
Compile TV & Mobile APKs	Build Android TV & Mobile APKs	2026-09-07T03:31:00.3238213Z e: file:///home/runner/work/tvmime/tvmime/tvApp/src/main/java/com/tvmime/tv/sv_ui/screens/provider/ProviderSetupViewModel.kt:66:31 Unresolved reference: Inject
Compile TV & Mobile APKs	Build Android TV & Mobile APKs	2026-09-07T03:31:00.3240221Z e: file:///home/runner/work/tvmime/tvmime/tvApp/src/main/java/com/tvmime/tv/sv_ui/screens/provider/ProviderSetupViewModel.kt:92:84 Unresolved reference: state
Compile TV & Mobile APKs	Build Android TV & Mobile APKs	2026-09-07T03:31:00.3242040Z e: file:///home/runner/work/tvmime/tvmime/tvApp/src/main/java/com/tvmime/tv/sv_ui/screens/provider/ProviderSetupViewModel.kt:142:38 Unresolved reference: startPairing
Compile TV & Mobile APKs	Build Android TV & Mobile APKs	2026-09-07T03:31:00.3243908Z e: file:///home/runner/work/tvmime/tvmime/tvApp/src/main/java/com/tvmime/tv/sv_ui/screens/provider/ProviderSetupViewModel.kt:148:38 Unresolved reference: stopPairing
Compile TV & Mobile APKs	Build Android TV & Mobile APKs	2026-09-07T03:31:00.3246102Z e: file:///home/runner/work/tvmime/tvmime/tvApp/src/main/java/com/tvmime/tv/sv_ui/screens/provider/ProviderSetupViewModel.kt:1161:30 Unresolved reference: CredentialDecryptionException
Compile TV & Mobile APKs	Build Android TV & Mobile APKs	2026-09-07T03:31:00.3248202Z e: file:///home/runner/work/tvmime/tvmime/tvApp/src/main/java/com/tvmime/tv/sv_ui/screens/provider/ProviderSetupViewModel.kt:1162:35 Unresolved reference: CredentialDecryptionException
Compile TV & Mobile APKs	Build Android TV & Mobile APKs	2026-09-07T03:31:00.3250477Z e: file:///home/runner/work/tvmime/tvmime/tvApp/src/main/java/com/tvmime/tv/sv_ui/screens/provider/ProviderSetupViewModel.kt:1163:24 Unresolved reference: CredentialDecryptionException
Compile TV & Mobile APKs	Build Android TV & Mobile APKs	2026-09-07T03:31:00.3252627Z e: file:///home/runner/work/tvmime/tvmime/tvApp/src/main/java/com/tvmime/tv/sv_ui/screens/provider/ProviderSetupViewModel.kt:1170:30 Unresolved reference: XtreamAuthenticationException
Compile TV & Mobile APKs	Build Android TV & Mobile APKs	2026-09-07T03:31:00.3254659Z e: file:///home/runner/work/tvmime/tvmime/tvApp/src/main/java/com/tvmime/tv/sv_ui/screens/provider/ProviderSetupViewModel.kt:1173:31 Unresolved reference: XtreamRequestException
Compile TV & Mobile APKs	Build Android TV & Mobile APKs	2026-09-07T03:31:00.3256679Z e: file:///home/runner/work/tvmime/tvmime/tvApp/src/main/java/com/tvmime/tv/sv_ui/screens/provider/ProviderSetupViewModel.kt:1176:31 Unresolved reference: XtreamRequestException
Compile TV & Mobile APKs	Build Android TV & Mobile APKs	2026-09-07T03:31:00.3258871Z e: file:///home/runner/work/tvmime/tvmime/tvApp/src/main/java/com/tvmime/tv/sv_ui/screens/provider/ProviderSetupViewModel.kt:1179:31 Unresolved reference: XtreamRequestException
Compile TV & Mobile APKs	Build Android TV & Mobile APKs	2026-09-07T03:31:00.3261065Z e: file:///home/runner/work/tvmime/tvmime/tvApp/src/main/java/com/tvmime/tv/sv_ui/screens/provider/ProviderSetupViewModel.kt:1187:34 Unresolved reference: XtreamNetworkException
Compile TV & Mobile APKs	Build Android TV & Mobile APKs	2026-09-07T03:31:00.3263130Z e: file:///home/runner/work/tvmime/tvmime/tvApp/src/main/java/com/tvmime/tv/sv_ui/screens/provider/ProviderSetupViewModel.kt:1190:30 Unresolved reference: XtreamResponseTooLargeException
Compile TV & Mobile APKs	Build Android TV & Mobile APKs	2026-09-07T03:31:00.3265215Z e: file:///home/runner/work/tvmime/tvmime/tvApp/src/main/java/com/tvmime/tv/sv_ui/screens/provider/ProviderSetupViewModel.kt:1193:30 Unresolved reference: XtreamParsingException
Compile TV & Mobile APKs	Build Android TV & Mobile APKs	2026-09-07T03:31:00.3267271Z e: file:///home/runner/work/tvmime/tvmime/tvApp/src/main/java/com/tvmime/tv/sv_ui/screens/provider/ProviderSetupViewModel.kt:1247:30 Unresolved reference: CredentialDecryptionException
Compile TV & Mobile APKs	Build Android TV & Mobile APKs	2026-09-07T03:31:00.3269358Z e: file:///home/runner/work/tvmime/tvmime/tvApp/src/main/java/com/tvmime/tv/sv_ui/screens/provider/ProviderSetupViewModel.kt:1248:35 Unresolved reference: CredentialDecryptionException
Compile TV & Mobile APKs	Build Android TV & Mobile APKs	2026-09-07T03:31:00.3271663Z e: file:///home/runner/work/tvmime/tvmime/tvApp/src/main/java/com/tvmime/tv/sv_ui/screens/provider/ProviderSetupViewModel.kt:1249:24 Unresolved reference: CredentialDecryptionException
Compile TV & Mobile APKs	Build Android TV & Mobile APKs	2026-09-07T03:31:00.3273749Z e: file:///home/runner/work/tvmime/tvmime/tvApp/src/main/java/com/tvmime/tv/sv_ui/screens/provider/ProviderSetupViewModel.kt:1283:30 Unresolved reference: CredentialDecryptionException
Compile TV & Mobile APKs	Build Android TV & Mobile APKs	2026-09-07T03:31:00.3275842Z e: file:///home/runner/work/tvmime/tvmime/tvApp/src/main/java/com/tvmime/tv/sv_ui/screens/provider/ProviderSetupViewModel.kt:1284:35 Unresolved reference: CredentialDecryptionException
Compile TV & Mobile APKs	Build Android TV & Mobile APKs	2026-09-07T03:31:00.3277928Z e: file:///home/runner/work/tvmime/tvmime/tvApp/src/main/java/com/tvmime/tv/sv_ui/screens/provider/ProviderSetupViewModel.kt:1285:24 Unresolved reference: CredentialDecryptionException
Compile TV & Mobile APKs	Build Android TV & Mobile APKs	2026-09-07T03:31:00.3280031Z e: file:///home/runner/work/tvmime/tvmime/tvApp/src/main/java/com/tvmime/tv/sv_ui/screens/settings/InternetSpeedTestRunner.kt:7:8 Unresolved reference: dagger
Compile TV & Mobile APKs	Build Android TV & Mobile APKs	2026-09-07T03:31:00.3281843Z e: file:///home/runner/work/tvmime/tvmime/tvApp/src/main/java/com/tvmime/tv/sv_ui/screens/settings/InternetSpeedTestRunner.kt:8:14 Unresolved reference: inject
Compile TV & Mobile APKs	Build Android TV & Mobile APKs	2026-09-07T03:31:00.3283612Z e: file:///home/runner/work/tvmime/tvmime/tvApp/src/main/java/com/tvmime/tv/sv_ui/screens/settings/InternetSpeedTestRunner.kt:9:14 Unresolved reference: inject
Compile TV & Mobile APKs	Build Android TV & Mobile APKs	2026-09-07T03:31:00.3285397Z e: file:///home/runner/work/tvmime/tvmime/tvApp/src/main/java/com/tvmime/tv/sv_ui/screens/settings/InternetSpeedTestRunner.kt:39:2 Unresolved reference: Singleton
Compile TV & Mobile APKs	Build Android TV & Mobile APKs	2026-09-07T03:31:00.3287415Z e: file:///home/runner/work/tvmime/tvmime/tvApp/src/main/java/com/tvmime/tv/sv_ui/screens/settings/InternetSpeedTestRunner.kt:40:32 Unresolved reference: Inject
Compile TV & Mobile APKs	Build Android TV & Mobile APKs	2026-09-07T03:31:00.3289309Z e: file:///home/runner/work/tvmime/tvmime/tvApp/src/main/java/com/tvmime/tv/sv_ui/screens/settings/InternetSpeedTestRunner.kt:41:6 Unresolved reference: ApplicationContext
Compile TV & Mobile APKs	Build Android TV & Mobile APKs	2026-09-07T03:31:00.3291433Z e: file:///home/runner/work/tvmime/tvmime/tvApp/src/main/java/com/tvmime/tv/sv_ui/screens/settings/InternetSpeedTestRunner.kt:91:35 Unresolved reference: Inject
Compile TV & Mobile APKs	Build Android TV & Mobile APKs	2026-09-07T03:31:00.3293222Z e: file:///home/runner/work/tvmime/tvmime/tvApp/src/main/java/com/tvmime/tv/sv_ui/screens/settings/SettingsAppUpdateActions.kt:9:28 Unresolved reference: update
Compile TV & Mobile APKs	Build Android TV & Mobile APKs	2026-09-07T03:31:00.3295067Z e: file:///home/runner/work/tvmime/tvmime/tvApp/src/main/java/com/tvmime/tv/sv_ui/screens/settings/SettingsAppUpdateActions.kt:10:28 Unresolved reference: update
Compile TV & Mobile APKs	Build Android TV & Mobile APKs	2026-09-07T03:31:00.3296932Z e: file:///home/runner/work/tvmime/tvmime/tvApp/src/main/java/com/tvmime/tv/sv_ui/screens/settings/SettingsAppUpdateActions.kt:11:28 Unresolved reference: update
Compile TV & Mobile APKs	Build Android TV & Mobile APKs	2026-09-07T03:31:00.3313209Z e: file:///home/runner/work/tvmime/tvmime/tvApp/src/main/java/com/tvmime/tv/sv_ui/screens/settings/SettingsAppUpdateActions.kt:12:28 Unresolved reference: update
Compile TV & Mobile APKs	Build Android TV & Mobile APKs	2026-09-07T03:31:00.3315447Z e: file:///home/runner/work/tvmime/tvmime/tvApp/src/main/java/com/tvmime/tv/sv_ui/screens/settings/SettingsAppUpdateActions.kt:19:39 Unresolved reference: GitHubReleaseChecker
Compile TV & Mobile APKs	Build Android TV & Mobile APKs	2026-09-07T03:31:00.3317472Z e: file:///home/runner/work/tvmime/tvmime/tvApp/src/main/java/com/tvmime/tv/sv_ui/screens/settings/SettingsAppUpdateActions.kt:20:37 Unresolved reference: AppUpdateInstaller
Compile TV & Mobile APKs	Build Android TV & Mobile APKs	2026-09-07T03:31:00.3319458Z e: file:///home/runner/work/tvmime/tvmime/tvApp/src/main/java/com/tvmime/tv/sv_ui/screens/settings/SettingsAppUpdateActions.kt:26:9 Unresolved reference: AppUpdateCheckPolicy
Compile TV & Mobile APKs	Build Android TV & Mobile APKs	2026-09-07T03:31:00.3321772Z e: file:///home/runner/work/tvmime/tvmime/tvApp/src/main/java/com/tvmime/tv/sv_ui/screens/settings/SettingsAppUpdateActions.kt:38:35 Unresolved reference: setLastAppUpdateAttemptTimestamp
Compile TV & Mobile APKs	Build Android TV & Mobile APKs	2026-09-07T03:31:00.3323875Z e: file:///home/runner/work/tvmime/tvmime/tvApp/src/main/java/com/tvmime/tv/sv_ui/screens/settings/SettingsAppUpdateActions.kt:39:35 Unresolved reference: setLastAppUpdateOutcome
Compile TV & Mobile APKs	Build Android TV & Mobile APKs	2026-09-07T03:31:00.3325960Z e: file:///home/runner/work/tvmime/tvmime/tvApp/src/main/java/com/tvmime/tv/sv_ui/screens/settings/SettingsAppUpdateActions.kt:48:43 Unresolved reference: setLastAppUpdateFailureTimestamp
Compile TV & Mobile APKs	Build Android TV & Mobile APKs	2026-09-07T03:31:00.3328053Z e: file:///home/runner/work/tvmime/tvmime/tvApp/src/main/java/com/tvmime/tv/sv_ui/screens/settings/SettingsAppUpdateActions.kt:49:43 Unresolved reference: setLastAppUpdateOutcome
Compile TV & Mobile APKs	Build Android TV & Mobile APKs	2026-09-07T03:31:00.3330481Z e: file:///home/runner/work/tvmime/tvmime/tvApp/src/main/java/com/tvmime/tv/sv_ui/screens/settings/SettingsAppUpdateActions.kt:61:20 One type argument expected. Use 'Success<*>' if you don't want to pass type arguments
Compile TV & Mobile APKs	Build Android TV & Mobile APKs	2026-09-07T03:31:00.3332752Z e: file:///home/runner/work/tvmime/tvmime/tvApp/src/main/java/com/tvmime/tv/sv_ui/screens/settings/SettingsAppUpdateActions.kt:63:43 Unresolved reference: setCachedAppUpdateRelease
Compile TV & Mobile APKs	Build Android TV & Mobile APKs	2026-09-07T03:31:00.3334858Z e: file:///home/runner/work/tvmime/tvmime/tvApp/src/main/java/com/tvmime/tv/sv_ui/screens/settings/SettingsAppUpdateActions.kt:72:43 Unresolved reference: setLastAppUpdateCheckTimestamp
Compile TV & Mobile APKs	Build Android TV & Mobile APKs	2026-09-07T03:31:00.3336986Z e: file:///home/runner/work/tvmime/tvmime/tvApp/src/main/java/com/tvmime/tv/sv_ui/screens/settings/SettingsAppUpdateActions.kt:73:43 Unresolved reference: setLastAppUpdateFailureTimestamp
Compile TV & Mobile APKs	Build Android TV & Mobile APKs	2026-09-07T03:31:00.3339089Z e: file:///home/runner/work/tvmime/tvmime/tvApp/src/main/java/com/tvmime/tv/sv_ui/screens/settings/SettingsAppUpdateActions.kt:74:43 Unresolved reference: setLastAppUpdateOutcome
Compile TV & Mobile APKs	Build Android TV & Mobile APKs	2026-09-07T03:31:00.3341365Z e: file:///home/runner/work/tvmime/tvmime/tvApp/src/main/java/com/tvmime/tv/sv_ui/screens/settings/SettingsAppUpdateActions.kt:112:66 Unresolved reference: AppUpdateActionState
Compile TV & Mobile APKs	Build Android TV & Mobile APKs	2026-09-07T03:31:00.3343861Z e: file:///home/runner/work/tvmime/tvmime/tvApp/src/main/java/com/tvmime/tv/sv_ui/screens/settings/SettingsAppUpdateActions.kt:136:20 One type argument expected. Use 'Success<*>' if you don't want to pass type arguments
Compile TV & Mobile APKs	Build Android TV & Mobile APKs	2026-09-07T03:31:00.3346306Z e: file:///home/runner/work/tvmime/tvmime/tvApp/src/main/java/com/tvmime/tv/sv_ui/screens/settings/SettingsAppUpdateActions.kt:148:20 One type argument expected. Use 'Success<*>' if you don't want to pass type arguments
Compile TV & Mobile APKs	Build Android TV & Mobile APKs	2026-09-07T03:31:00.3348461Z e: file:///home/runner/work/tvmime/tvmime/tvApp/src/main/java/com/tvmime/tv/sv_ui/screens/settings/SettingsAppUpdateFormatting.kt:4:28 Unresolved reference: update
Compile TV & Mobile APKs	Build Android TV & Mobile APKs	2026-09-07T03:31:00.3350617Z e: file:///home/runner/work/tvmime/tvmime/tvApp/src/main/java/com/tvmime/tv/sv_ui/screens/settings/SettingsAppUpdateFormatting.kt:5:28 Unresolved reference: update
Compile TV & Mobile APKs	Build Android TV & Mobile APKs	2026-09-07T03:31:00.3352697Z e: file:///home/runner/work/tvmime/tvmime/tvApp/src/main/java/com/tvmime/tv/sv_ui/screens/settings/SettingsAppUpdateFormatting.kt:17:34 Unresolved reference: AppUpdateDownloadStatus
Compile TV & Mobile APKs	Build Android TV & Mobile APKs	2026-09-07T03:31:00.3354765Z e: file:///home/runner/work/tvmime/tvmime/tvApp/src/main/java/com/tvmime/tv/sv_ui/screens/settings/SettingsAppUpdateFormatting.kt:18:39 Unresolved reference: AppUpdateActionState
Compile TV & Mobile APKs	Build Android TV & Mobile APKs	2026-09-07T03:31:00.3357002Z e: file:///home/runner/work/tvmime/tvmime/tvApp/src/main/java/com/tvmime/tv/sv_ui/screens/settings/SettingsAppUpdateFormatting.kt:21:39 Unresolved reference: AppUpdateActionState
Compile TV & Mobile APKs	Build Android TV & Mobile APKs	2026-09-07T03:31:00.3359044Z e: file:///home/runner/work/tvmime/tvmime/tvApp/src/main/java/com/tvmime/tv/sv_ui/screens/settings/SettingsAppUpdateFormatting.kt:38:42 Unresolved reference: AppUpdateActionState
Compile TV & Mobile APKs	Build Android TV & Mobile APKs	2026-09-07T03:31:00.3361407Z e: file:///home/runner/work/tvmime/tvmime/tvApp/src/main/java/com/tvmime/tv/sv_ui/screens/settings/SettingsAppUpdateFormatting.kt:42:12 'when' expression must be exhaustive, add necessary 'else' branch
Compile TV & Mobile APKs	Build Android TV & Mobile APKs	2026-09-07T03:31:00.3363532Z e: file:///home/runner/work/tvmime/tvmime/tvApp/src/main/java/com/tvmime/tv/sv_ui/screens/settings/SettingsAppUpdateFormatting.kt:43:9 Unresolved reference: AppUpdateActionState
Compile TV & Mobile APKs	Build Android TV & Mobile APKs	2026-09-07T03:31:00.3365603Z e: file:///home/runner/work/tvmime/tvmime/tvApp/src/main/java/com/tvmime/tv/sv_ui/screens/settings/SettingsAppUpdateFormatting.kt:44:9 Unresolved reference: AppUpdateActionState
Compile TV & Mobile APKs	Build Android TV & Mobile APKs	2026-09-07T03:31:00.3367613Z e: file:///home/runner/work/tvmime/tvmime/tvApp/src/main/java/com/tvmime/tv/sv_ui/screens/settings/SettingsAppUpdateFormatting.kt:45:9 Unresolved reference: AppUpdateActionState
Compile TV & Mobile APKs	Build Android TV & Mobile APKs	2026-09-07T03:31:00.3369659Z e: file:///home/runner/work/tvmime/tvmime/tvApp/src/main/java/com/tvmime/tv/sv_ui/screens/settings/SettingsAppUpdateFormatting.kt:46:9 Unresolved reference: AppUpdateActionState
Compile TV & Mobile APKs	Build Android TV & Mobile APKs	2026-09-07T03:31:00.3371877Z e: file:///home/runner/work/tvmime/tvmime/tvApp/src/main/java/com/tvmime/tv/sv_ui/screens/settings/SettingsAppUpdateFormatting.kt:47:9 Unresolved reference: AppUpdateActionState
Compile TV & Mobile APKs	Build Android TV & Mobile APKs	2026-09-07T03:31:00.3373782Z e: file:///home/runner/work/tvmime/tvmime/tvApp/src/main/java/com/tvmime/tv/sv_ui/screens/settings/SettingsAppUpdateModels.kt:3:28 Unresolved reference: update
Compile TV & Mobile APKs	Build Android TV & Mobile APKs	2026-09-07T03:31:00.3375606Z e: file:///home/runner/work/tvmime/tvmime/tvApp/src/main/java/com/tvmime/tv/sv_ui/screens/settings/SettingsAppUpdateModels.kt:4:28 Unresolved reference: update
Compile TV & Mobile APKs	Build Android TV & Mobile APKs	2026-09-07T03:31:00.3377400Z e: file:///home/runner/work/tvmime/tvmime/tvApp/src/main/java/com/tvmime/tv/sv_ui/screens/settings/SettingsAppUpdateModels.kt:5:28 Unresolved reference: update
Compile TV & Mobile APKs	Build Android TV & Mobile APKs	2026-09-07T03:31:00.3379162Z e: file:///home/runner/work/tvmime/tvmime/tvApp/src/main/java/com/tvmime/tv/sv_ui/screens/settings/SettingsAppUpdateModels.kt:6:28 Unresolved reference: update
Compile TV & Mobile APKs	Build Android TV & Mobile APKs	2026-09-07T03:31:00.3381117Z e: file:///home/runner/work/tvmime/tvmime/tvApp/src/main/java/com/tvmime/tv/sv_ui/screens/settings/SettingsAppUpdateModels.kt:7:28 Unresolved reference: update
Compile TV & Mobile APKs	Build Android TV & Mobile APKs	2026-09-07T03:31:00.3382914Z e: file:///home/runner/work/tvmime/tvmime/tvApp/src/main/java/com/tvmime/tv/sv_ui/screens/settings/SettingsAppUpdateModels.kt:8:28 Unresolved reference: update
Compile TV & Mobile APKs	Build Android TV & Mobile APKs	2026-09-07T03:31:00.3385019Z e: file:///home/runner/work/tvmime/tvmime/tvApp/src/main/java/com/tvmime/tv/sv_ui/screens/settings/SettingsAppUpdateModels.kt:21:25 Unresolved reference: AppUpdateDownloadStatus
Compile TV & Mobile APKs	Build Android TV & Mobile APKs	2026-09-07T03:31:00.3387027Z e: file:///home/runner/work/tvmime/tvmime/tvApp/src/main/java/com/tvmime/tv/sv_ui/screens/settings/SettingsAppUpdateModels.kt:21:51 Unresolved reference: AppUpdateDownloadStatus
Compile TV & Mobile APKs	Build Android TV & Mobile APKs	2026-09-07T03:31:00.3388997Z e: file:///home/runner/work/tvmime/tvmime/tvApp/src/main/java/com/tvmime/tv/sv_ui/screens/settings/SettingsAppUpdateModels.kt:26:54 Unresolved reference: GitHubReleaseInfo
Compile TV & Mobile APKs	Build Android TV & Mobile APKs	2026-09-07T03:31:00.3391176Z e: file:///home/runner/work/tvmime/tvmime/tvApp/src/main/java/com/tvmime/tv/sv_ui/screens/settings/SettingsAppUpdateModels.kt:29:12 Unresolved reference: GitHubReleaseInfo
Compile TV & Mobile APKs	Build Android TV & Mobile APKs	2026-09-07T03:31:00.3393157Z e: file:///home/runner/work/tvmime/tvmime/tvApp/src/main/java/com/tvmime/tv/sv_ui/screens/settings/SettingsAppUpdateModels.kt:40:64 Unresolved reference: AppUpdateDownloadState
Compile TV & Mobile APKs	Build Android TV & Mobile APKs	2026-09-07T03:31:00.3395120Z e: file:///home/runner/work/tvmime/tvmime/tvApp/src/main/java/com/tvmime/tv/sv_ui/screens/settings/SettingsAppUpdateModels.kt:48:50 Unresolved reference: AppUpdateDownloadState
Compile TV & Mobile APKs	Build Android TV & Mobile APKs	2026-09-07T03:31:00.3397295Z e: file:///home/runner/work/tvmime/tvmime/tvApp/src/main/java/com/tvmime/tv/sv_ui/screens/settings/SettingsAppUpdateModels.kt:49:12 Unresolved reference: AppUpdateDownloadState
Compile TV & Mobile APKs	Build Android TV & Mobile APKs	2026-09-07T03:31:00.3399283Z e: file:///home/runner/work/tvmime/tvmime/tvApp/src/main/java/com/tvmime/tv/sv_ui/screens/settings/SettingsAppUpdateModels.kt:56:52 Unresolved reference: AppUpdateActionState
Compile TV & Mobile APKs	Build Android TV & Mobile APKs	2026-09-07T03:31:00.3401530Z e: file:///home/runner/work/tvmime/tvmime/tvApp/src/main/java/com/tvmime/tv/sv_ui/screens/settings/SettingsAppUpdateModels.kt:57:12 Unresolved reference: latestAppUpdateAction
Compile TV & Mobile APKs	Build Android TV & Mobile APKs	2026-09-07T03:31:00.3403617Z e: file:///home/runner/work/tvmime/tvmime/tvApp/src/main/java/com/tvmime/tv/sv_ui/screens/settings/SettingsAppUpdateModels.kt:75:29 Type mismatch: inferred type is Any but Boolean was expected
Compile TV & Mobile APKs	Build Android TV & Mobile APKs	2026-09-07T03:31:00.3405665Z e: file:///home/runner/work/tvmime/tvmime/tvApp/src/main/java/com/tvmime/tv/sv_ui/screens/settings/SettingsAppUpdateModels.kt:76:13 Unresolved reference: isRemoteVersionNewer
Compile TV & Mobile APKs	Build Android TV & Mobile APKs	2026-09-07T03:31:00.3407633Z e: file:///home/runner/work/tvmime/tvmime/tvApp/src/main/java/com/tvmime/tv/sv_ui/screens/settings/SettingsBackupAboutSections.kt:22:28 Unresolved reference: BuildConfig
Compile TV & Mobile APKs	Build Android TV & Mobile APKs	2026-09-07T03:31:00.3409524Z e: file:///home/runner/work/tvmime/tvmime/tvApp/src/main/java/com/tvmime/tv/sv_ui/screens/settings/SettingsBackupAboutSections.kt:24:28 Unresolved reference: update
Compile TV & Mobile APKs	Build Android TV & Mobile APKs	2026-09-07T03:31:00.3411644Z e: file:///home/runner/work/tvmime/tvmime/tvApp/src/main/java/com/tvmime/tv/sv_ui/screens/settings/SettingsBackupAboutSections.kt:398:55 Unresolved reference: update
Compile TV & Mobile APKs	Build Android TV & Mobile APKs	2026-09-07T03:31:00.3413548Z e: file:///home/runner/work/tvmime/tvmime/tvApp/src/main/java/com/tvmime/tv/sv_ui/screens/settings/SettingsBackupAboutSections.kt:409:87 Unresolved reference: BuildConfig
Compile TV & Mobile APKs	Build Android TV & Mobile APKs	2026-09-07T03:31:00.3415489Z e: file:///home/runner/work/tvmime/tvmime/tvApp/src/main/java/com/tvmime/tv/sv_ui/screens/settings/SettingsBackupAboutSections.kt:409:116 Unresolved reference: BuildConfig
Compile TV & Mobile APKs	Build Android TV & Mobile APKs	2026-09-07T03:31:00.3417477Z e: file:///home/runner/work/tvmime/tvmime/tvApp/src/main/java/com/tvmime/tv/sv_ui/screens/settings/SettingsBackupAboutSections.kt:457:25 Unresolved reference: AppUpdateActionState
Compile TV & Mobile APKs	Build Android TV & Mobile APKs	2026-09-07T03:31:00.3419502Z e: file:///home/runner/work/tvmime/tvmime/tvApp/src/main/java/com/tvmime/tv/sv_ui/screens/settings/SettingsBackupAboutSections.kt:458:25 Unresolved reference: AppUpdateActionState
Compile TV & Mobile APKs	Build Android TV & Mobile APKs	2026-09-07T03:31:00.3421734Z e: file:///home/runner/work/tvmime/tvmime/tvApp/src/main/java/com/tvmime/tv/sv_ui/screens/settings/SettingsBackupAboutSections.kt:459:25 Unresolved reference: AppUpdateActionState
Compile TV & Mobile APKs	Build Android TV & Mobile APKs	2026-09-07T03:31:00.3423793Z e: file:///home/runner/work/tvmime/tvmime/tvApp/src/main/java/com/tvmime/tv/sv_ui/screens/settings/SettingsBackupAboutSections.kt:460:25 Unresolved reference: AppUpdateActionState
Compile TV & Mobile APKs	Build Android TV & Mobile APKs	2026-09-07T03:31:00.3426017Z e: file:///home/runner/work/tvmime/tvmime/tvApp/src/main/java/com/tvmime/tv/sv_ui/screens/settings/SettingsBackupAboutSections.kt:461:25 Unresolved reference: AppUpdateActionState
Compile TV & Mobile APKs	Build Android TV & Mobile APKs	2026-09-07T03:31:00.3428011Z e: file:///home/runner/work/tvmime/tvmime/tvApp/src/main/java/com/tvmime/tv/sv_ui/screens/settings/SettingsBackupImportPreviewDialog.kt:31:28 Unresolved reference: device
Compile TV & Mobile APKs	Build Android TV & Mobile APKs	2026-09-07T03:31:00.3430266Z e: file:///home/runner/work/tvmime/tvmime/tvApp/src/main/java/com/tvmime/tv/sv_ui/screens/settings/SettingsBackupImportPreviewDialog.kt:61:30 Unresolved reference: rememberIsTelevisionDevice
Compile TV & Mobile APKs	Build Android TV & Mobile APKs	2026-09-07T03:31:00.3432552Z e: file:///home/runner/work/tvmime/tvmime/tvApp/src/main/java/com/tvmime/tv/sv_ui/screens/settings/SettingsCombinedM3uComponents.kt:32:30 Conflicting import, imported name 'ClickableSurfaceDefaults' is ambiguous
Compile TV & Mobile APKs	Build Android TV & Mobile APKs	2026-09-07T03:31:00.3434944Z e: file:///home/runner/work/tvmime/tvmime/tvApp/src/main/java/com/tvmime/tv/sv_ui/screens/settings/SettingsCombinedM3uComponents.kt:35:30 Conflicting import, imported name 'ClickableSurfaceDefaults' is ambiguous
Compile TV & Mobile APKs	Build Android TV & Mobile APKs	2026-09-07T03:31:00.3437486Z e: file:///home/runner/work/tvmime/tvmime/tvApp/src/main/java/com/tvmime/tv/sv_ui/screens/settings/SettingsCombinedM3uComponents.kt:71:18 Type mismatch: inferred type is ClickableSurfaceColors but NonInteractiveSurfaceColors was expected
Compile TV & Mobile APKs	Build Android TV & Mobile APKs	2026-09-07T03:31:00.3440473Z e: file:///home/runner/work/tvmime/tvmime/tvApp/src/main/java/com/tvmime/tv/sv_ui/screens/settings/SettingsCombinedM3uComponents.kt:122:21 The API of this layout is experimental and is likely to change in the future.
Compile TV & Mobile APKs	Build Android TV & Mobile APKs	2026-09-07T03:31:00.3442565Z e: file:///home/runner/work/tvmime/tvmime/tvApp/src/main/java/com/tvmime/tv/sv_ui/screens/settings/SettingsDerivedStateObservers.kt:7:29 Unresolved reference: local
Compile TV & Mobile APKs	Build Android TV & Mobile APKs	2026-09-07T03:31:00.3444468Z e: file:///home/runner/work/tvmime/tvmime/tvApp/src/main/java/com/tvmime/tv/sv_ui/screens/settings/SettingsDerivedStateObservers.kt:34:17 Unresolved reference: ProgramDao
Compile TV & Mobile APKs	Build Android TV & Mobile APKs	2026-09-07T03:31:00.3446487Z e: file:///home/runner/work/tvmime/tvmime/tvApp/src/main/java/com/tvmime/tv/sv_ui/screens/settings/SettingsDerivedStateObservers.kt:44:25 Not enough information to infer type variable T4
Compile TV & Mobile APKs	Build Android TV & Mobile APKs	2026-09-07T03:31:00.3448709Z e: file:///home/runner/work/tvmime/tvmime/tvApp/src/main/java/com/tvmime/tv/sv_ui/screens/settings/SettingsDerivedStateObservers.kt:49:64 Cannot infer a type for this parameter. Please specify it explicitly.
Compile TV & Mobile APKs	Build Android TV & Mobile APKs	2026-09-07T03:31:00.3451163Z e: file:///home/runner/work/tvmime/tvmime/tvApp/src/main/java/com/tvmime/tv/sv_ui/screens/settings/SettingsDerivedStateObservers.kt:119:12 Not enough information to infer type variable T1
Compile TV & Mobile APKs	Build Android TV & Mobile APKs	2026-09-07T03:31:00.3453235Z e: file:///home/runner/work/tvmime/tvmime/tvApp/src/main/java/com/tvmime/tv/sv_ui/screens/settings/SettingsDerivedStateObservers.kt:120:31 Unresolved reference: getCategorySortMode
Compile TV & Mobile APKs	Build Android TV & Mobile APKs	2026-09-07T03:31:00.3455250Z e: file:///home/runner/work/tvmime/tvmime/tvApp/src/main/java/com/tvmime/tv/sv_ui/screens/settings/SettingsDerivedStateObservers.kt:121:31 Unresolved reference: getCategorySortMode
Compile TV & Mobile APKs	Build Android TV & Mobile APKs	2026-09-07T03:31:00.3457282Z e: file:///home/runner/work/tvmime/tvmime/tvApp/src/main/java/com/tvmime/tv/sv_ui/screens/settings/SettingsDerivedStateObservers.kt:122:31 Unresolved reference: getCategorySortMode
Compile TV & Mobile APKs	Build Android TV & Mobile APKs	2026-09-07T03:31:00.3459442Z e: file:///home/runner/work/tvmime/tvmime/tvApp/src/main/java/com/tvmime/tv/sv_ui/screens/settings/SettingsDerivedStateObservers.kt:123:9 Cannot infer a type for this parameter. Please specify it explicitly.
Compile TV & Mobile APKs	Build Android TV & Mobile APKs	2026-09-07T03:31:00.3462011Z e: file:///home/runner/work/tvmime/tvmime/tvApp/src/main/java/com/tvmime/tv/sv_ui/screens/settings/SettingsDerivedStateObservers.kt:123:19 Cannot infer a type for this parameter. Please specify it explicitly.
Compile TV & Mobile APKs	Build Android TV & Mobile APKs	2026-09-07T03:31:00.3464315Z e: file:///home/runner/work/tvmime/tvmime/tvApp/src/main/java/com/tvmime/tv/sv_ui/screens/settings/SettingsDerivedStateObservers.kt:123:30 Cannot infer a type for this parameter. Please specify it explicitly.
Compile TV & Mobile APKs	Build Android TV & Mobile APKs	2026-09-07T03:31:00.3467193Z e: file:///home/runner/work/tvmime/tvmime/tvApp/src/main/java/com/tvmime/tv/sv_ui/screens/settings/SettingsDerivedStateObservers.kt:136:12 Type mismatch: inferred type is Flow<Map<ContentType, Set<String>>> but Flow<Map<ContentType, Set<Long>>> was expected
Compile TV & Mobile APKs	Build Android TV & Mobile APKs	2026-09-07T03:31:00.3469986Z e: file:///home/runner/work/tvmime/tvmime/tvApp/src/main/java/com/tvmime/tv/sv_ui/screens/settings/SettingsDerivedStateObservers.kt:141:9 Type mismatch: inferred type is Set<String> but Set<Long> was expected
Compile TV & Mobile APKs	Build Android TV & Mobile APKs	2026-09-07T03:31:00.3472288Z e: file:///home/runner/work/tvmime/tvmime/tvApp/src/main/java/com/tvmime/tv/sv_ui/screens/settings/SettingsEpgSection.kt:200:9 The API of this layout is experimental and is likely to change in the future.
Compile TV & Mobile APKs	Build Android TV & Mobile APKs	2026-09-07T03:31:00.3474540Z e: file:///home/runner/work/tvmime/tvmime/tvApp/src/main/java/com/tvmime/tv/sv_ui/screens/settings/SettingsEpgSection.kt:209:9 The API of this layout is experimental and is likely to change in the future.
Compile TV & Mobile APKs	Build Android TV & Mobile APKs	2026-09-07T03:31:00.3476747Z e: file:///home/runner/work/tvmime/tvmime/tvApp/src/main/java/com/tvmime/tv/sv_ui/screens/settings/SettingsEpgSection.kt:305:13 The API of this layout is experimental and is likely to change in the future.
Compile TV & Mobile APKs	Build Android TV & Mobile APKs	2026-09-07T03:31:00.3479010Z e: file:///home/runner/work/tvmime/tvmime/tvApp/src/main/java/com/tvmime/tv/sv_ui/screens/settings/SettingsFormatting.kt:4:28 Unresolved reference: localization
Compile TV & Mobile APKs	Build Android TV & Mobile APKs	2026-09-07T03:31:00.3481015Z e: file:///home/runner/work/tvmime/tvmime/tvApp/src/main/java/com/tvmime/tv/sv_ui/screens/settings/SettingsFormatting.kt:5:28 Unresolved reference: localization
Compile TV & Mobile APKs	Build Android TV & Mobile APKs	2026-09-07T03:31:00.3482916Z e: file:///home/runner/work/tvmime/tvmime/tvApp/src/main/java/com/tvmime/tv/sv_ui/screens/settings/SettingsFormatting.kt:54:41 Unresolved reference: supportedAppLanguageTags
Compile TV & Mobile APKs	Build Android TV & Mobile APKs	2026-09-07T03:31:00.3484962Z e: file:///home/runner/work/tvmime/tvmime/tvApp/src/main/java/com/tvmime/tv/sv_ui/screens/settings/SettingsFormatting.kt:56:29 Cannot infer a type for this parameter. Please specify it explicitly.
Compile TV & Mobile APKs	Build Android TV & Mobile APKs	2026-09-07T03:31:00.3486957Z e: file:///home/runner/work/tvmime/tvmime/tvApp/src/main/java/com/tvmime/tv/sv_ui/screens/settings/SettingsFormatting.kt:62:30 Unresolved reference: localeForLanguageTag
Compile TV & Mobile APKs	Build Android TV & Mobile APKs	2026-09-07T03:31:00.3488965Z e: file:///home/runner/work/tvmime/tvmime/tvApp/src/main/java/com/tvmime/tv/sv_ui/screens/settings/SettingsFormatting.kt:64:41 Cannot infer a type for this parameter. Please specify it explicitly.
Compile TV & Mobile APKs	Build Android TV & Mobile APKs	2026-09-07T03:31:00.3491185Z e: file:///home/runner/work/tvmime/tvmime/tvApp/src/main/java/com/tvmime/tv/sv_ui/screens/settings/SettingsFormatting.kt:122:18 Unresolved reference: localeForLanguageTag
Compile TV & Mobile APKs	Build Android TV & Mobile APKs	2026-09-07T03:31:00.3493187Z e: file:///home/runner/work/tvmime/tvmime/tvApp/src/main/java/com/tvmime/tv/sv_ui/screens/settings/SettingsFormatting.kt:125:29 Cannot infer a type for this parameter. Please specify it explicitly.
Compile TV & Mobile APKs	Build Android TV & Mobile APKs	2026-09-07T03:31:00.3495385Z e: file:///home/runner/work/tvmime/tvmime/tvApp/src/main/java/com/tvmime/tv/sv_ui/screens/settings/SettingsGuideDefaultCategoryBindings.kt:48:17 Not enough information to infer type variable T4
Compile TV & Mobile APKs	Build Android TV & Mobile APKs	2026-09-07T03:31:00.3497588Z e: file:///home/runner/work/tvmime/tvmime/tvApp/src/main/java/com/tvmime/tv/sv_ui/screens/settings/SettingsGuideDefaultCategoryBindings.kt:52:43 Unresolved reference: getCategorySortMode
Compile TV & Mobile APKs	Build Android TV & Mobile APKs	2026-09-07T03:31:00.3500067Z e: file:///home/runner/work/tvmime/tvmime/tvApp/src/main/java/com/tvmime/tv/sv_ui/screens/settings/SettingsGuideDefaultCategoryBindings.kt:53:70 Cannot infer a type for this parameter. Please specify it explicitly.
Compile TV & Mobile APKs	Build Android TV & Mobile APKs	2026-09-07T03:31:00.3502561Z e: file:///home/runner/work/tvmime/tvmime/tvApp/src/main/java/com/tvmime/tv/sv_ui/screens/settings/SettingsGuideDefaultCategoryBindings.kt:56:45 Type mismatch: inferred type is Set<String> but Set<Long> was expected
Compile TV & Mobile APKs	Build Android TV & Mobile APKs	2026-09-07T03:31:00.3504699Z e: file:///home/runner/work/tvmime/tvmime/tvApp/src/main/java/com/tvmime/tv/sv_ui/screens/settings/SettingsObserverRegistrations.kt:4:28 Unresolved reference: update
Compile TV & Mobile APKs	Build Android TV & Mobile APKs	2026-09-07T03:31:00.3506601Z e: file:///home/runner/work/tvmime/tvmime/tvApp/src/main/java/com/tvmime/tv/sv_ui/screens/settings/SettingsObserverRegistrations.kt:5:28 Unresolved reference: update
Compile TV & Mobile APKs	Build Android TV & Mobile APKs	2026-09-07T03:31:00.3508697Z e: file:///home/runner/work/tvmime/tvmime/tvApp/src/main/java/com/tvmime/tv/sv_ui/screens/settings/SettingsObserverRegistrations.kt:6:29 Unresolved reference: local
Compile TV & Mobile APKs	Build Android TV & Mobile APKs	2026-09-07T03:31:00.3510828Z e: file:///home/runner/work/tvmime/tvmime/tvApp/src/main/java/com/tvmime/tv/sv_ui/screens/settings/SettingsObserverRegistrations.kt:31:25 Unresolved reference: AppUpdateInstaller
Compile TV & Mobile APKs	Build Android TV & Mobile APKs	2026-09-07T03:31:00.3512907Z e: file:///home/runner/work/tvmime/tvmime/tvApp/src/main/java/com/tvmime/tv/sv_ui/screens/settings/SettingsObserverRegistrations.kt:35:9 Not enough information to infer type variable T1
Compile TV & Mobile APKs	Build Android TV & Mobile APKs	2026-09-07T03:31:00.3514989Z e: file:///home/runner/work/tvmime/tvmime/tvApp/src/main/java/com/tvmime/tv/sv_ui/screens/settings/SettingsObserverRegistrations.kt:36:35 Unresolved reference: autoCheckAppUpdates
Compile TV & Mobile APKs	Build Android TV & Mobile APKs	2026-09-07T03:31:00.3517099Z e: file:///home/runner/work/tvmime/tvmime/tvApp/src/main/java/com/tvmime/tv/sv_ui/screens/settings/SettingsObserverRegistrations.kt:37:35 Unresolved reference: lastAppUpdateCheckTimestamp
Compile TV & Mobile APKs	Build Android TV & Mobile APKs	2026-09-07T03:31:00.3519283Z e: file:///home/runner/work/tvmime/tvmime/tvApp/src/main/java/com/tvmime/tv/sv_ui/screens/settings/SettingsObserverRegistrations.kt:38:35 Unresolved reference: lastAppUpdateFailureTimestamp
Compile TV & Mobile APKs	Build Android TV & Mobile APKs	2026-09-07T03:31:00.3521870Z e: file:///home/runner/work/tvmime/tvmime/tvApp/src/main/java/com/tvmime/tv/sv_ui/screens/settings/SettingsObserverRegistrations.kt:39:35 Unresolved reference: autoDownloadAppUpdates
Compile TV & Mobile APKs	Build Android TV & Mobile APKs	2026-09-07T03:31:00.3524126Z e: file:///home/runner/work/tvmime/tvmime/tvApp/src/main/java/com/tvmime/tv/sv_ui/screens/settings/SettingsObserverRegistrations.kt:40:13 Cannot infer a type for this parameter. Please specify it explicitly.
Compile TV & Mobile APKs	Build Android TV & Mobile APKs	2026-09-07T03:31:00.3526482Z e: file:///home/runner/work/tvmime/tvmime/tvApp/src/main/java/com/tvmime/tv/sv_ui/screens/settings/SettingsObserverRegistrations.kt:40:31 Cannot infer a type for this parameter. Please specify it explicitly.
Compile TV & Mobile APKs	Build Android TV & Mobile APKs	2026-09-07T03:31:00.3528838Z e: file:///home/runner/work/tvmime/tvmime/tvApp/src/main/java/com/tvmime/tv/sv_ui/screens/settings/SettingsObserverRegistrations.kt:40:54 Cannot infer a type for this parameter. Please specify it explicitly.
Compile TV & Mobile APKs	Build Android TV & Mobile APKs	2026-09-07T03:31:00.3531513Z e: file:///home/runner/work/tvmime/tvmime/tvApp/src/main/java/com/tvmime/tv/sv_ui/screens/settings/SettingsObserverRegistrations.kt:40:73 Cannot infer a type for this parameter. Please specify it explicitly.
Compile TV & Mobile APKs	Build Android TV & Mobile APKs	2026-09-07T03:31:00.3533874Z e: file:///home/runner/work/tvmime/tvmime/tvApp/src/main/java/com/tvmime/tv/sv_ui/screens/settings/SettingsObserverRegistrations.kt:42:44 Cannot infer a type for this parameter. Please specify it explicitly.
Compile TV & Mobile APKs	Build Android TV & Mobile APKs	2026-09-07T03:31:00.3536096Z e: file:///home/runner/work/tvmime/tvmime/tvApp/src/main/java/com/tvmime/tv/sv_ui/screens/settings/SettingsObserverRegistrations.kt:50:46 Unresolved reference: isRemoteVersionNewer
Compile TV & Mobile APKs	Build Android TV & Mobile APKs	2026-09-07T03:31:00.3538300Z e: file:///home/runner/work/tvmime/tvmime/tvApp/src/main/java/com/tvmime/tv/sv_ui/screens/settings/SettingsObserverRegistrations.kt:58:52 Cannot infer a type for this parameter. Please specify it explicitly.
Compile TV & Mobile APKs	Build Android TV & Mobile APKs	2026-09-07T03:31:00.3540726Z e: file:///home/runner/work/tvmime/tvmime/tvApp/src/main/java/com/tvmime/tv/sv_ui/screens/settings/SettingsObserverRegistrations.kt:120:31 Unresolved reference: recordingWifiOnly
Compile TV & Mobile APKs	Build Android TV & Mobile APKs	2026-09-07T03:31:00.3542896Z e: file:///home/runner/work/tvmime/tvmime/tvApp/src/main/java/com/tvmime/tv/sv_ui/screens/settings/SettingsObserverRegistrations.kt:120:59 Cannot infer a type for this parameter. Please specify it explicitly.
Compile TV & Mobile APKs	Build Android TV & Mobile APKs	2026-09-07T03:31:00.3545151Z e: file:///home/runner/work/tvmime/tvmime/tvApp/src/main/java/com/tvmime/tv/sv_ui/screens/settings/SettingsObserverRegistrations.kt:126:31 Unresolved reference: recordingPaddingBeforeMinutes
Compile TV & Mobile APKs	Build Android TV & Mobile APKs	2026-09-07T03:31:00.3547410Z e: file:///home/runner/work/tvmime/tvmime/tvApp/src/main/java/com/tvmime/tv/sv_ui/screens/settings/SettingsObserverRegistrations.kt:126:71 Cannot infer a type for this parameter. Please specify it explicitly.
Compile TV & Mobile APKs	Build Android TV & Mobile APKs	2026-09-07T03:31:00.3550151Z e: file:///home/runner/work/tvmime/tvmime/tvApp/src/main/java/com/tvmime/tv/sv_ui/screens/settings/SettingsObserverRegistrations.kt:132:31 Unresolved reference: recordingPaddingAfterMinutes
Compile TV & Mobile APKs	Build Android TV & Mobile APKs	2026-09-07T03:31:00.3552495Z e: file:///home/runner/work/tvmime/tvmime/tvApp/src/main/java/com/tvmime/tv/sv_ui/screens/settings/SettingsObserverRegistrations.kt:132:70 Cannot infer a type for this parameter. Please specify it explicitly.
Compile TV & Mobile APKs	Build Android TV & Mobile APKs	2026-09-07T03:31:00.3554740Z e: file:///home/runner/work/tvmime/tvmime/tvApp/src/main/java/com/tvmime/tv/sv_ui/screens/settings/SettingsObserverRegistrations.kt:150:31 Unresolved reference: epgTimeShiftsByProvider
Compile TV & Mobile APKs	Build Android TV & Mobile APKs	2026-09-07T03:31:00.3556991Z e: file:///home/runner/work/tvmime/tvmime/tvApp/src/main/java/com/tvmime/tv/sv_ui/screens/settings/SettingsObserverRegistrations.kt:150:65 Cannot infer a type for this parameter. Please specify it explicitly.
Compile TV & Mobile APKs	Build Android TV & Mobile APKs	2026-09-07T03:31:00.3559179Z e: file:///home/runner/work/tvmime/tvmime/tvApp/src/main/java/com/tvmime/tv/sv_ui/screens/settings/SettingsObserverRegistrations.kt:162:17 Unresolved reference: ProgramDao
Compile TV & Mobile APKs	Build Android TV & Mobile APKs	2026-09-07T03:31:00.3561471Z e: file:///home/runner/work/tvmime/tvmime/tvApp/src/main/java/com/tvmime/tv/sv_ui/screens/settings/SettingsObserverRegistrations.kt:186:31 Unresolved reference: lastMaintenanceSnapshot
Compile TV & Mobile APKs	Build Android TV & Mobile APKs	2026-09-07T03:31:00.3563936Z e: file:///home/runner/work/tvmime/tvmime/tvApp/src/main/java/com/tvmime/tv/sv_ui/screens/settings/SettingsObserverRegistrations.kt:186:65 Cannot infer a type for this parameter. Please specify it explicitly.
Compile TV & Mobile APKs	Build Android TV & Mobile APKs	2026-09-07T03:31:00.3566014Z e: file:///home/runner/work/tvmime/tvmime/tvApp/src/main/java/com/tvmime/tv/sv_ui/screens/settings/SettingsOperationalModels.kt:3:29 Unresolved reference: local
Compile TV & Mobile APKs	Build Android TV & Mobile APKs	2026-09-07T03:31:00.3568018Z e: file:///home/runner/work/tvmime/tvmime/tvApp/src/main/java/com/tvmime/tv/sv_ui/screens/settings/SettingsOperationalModels.kt:4:41 Unresolved reference: DatabaseMaintenanceSnapshot
Compile TV & Mobile APKs	Build Android TV & Mobile APKs	2026-09-07T03:31:00.3570357Z e: file:///home/runner/work/tvmime/tvmime/tvApp/src/main/java/com/tvmime/tv/sv_ui/screens/settings/SettingsOperationalModels.kt:92:14 Unresolved reference: XtreamLiveOnboardingStateEntity
Compile TV & Mobile APKs	Build Android TV & Mobile APKs	2026-09-07T03:31:00.3572476Z e: file:///home/runner/work/tvmime/tvmime/tvApp/src/main/java/com/tvmime/tv/sv_ui/screens/settings/SettingsOperationalModels.kt:128:14 Unresolved reference: DatabaseMaintenanceSnapshot
Compile TV & Mobile APKs	Build Android TV & Mobile APKs	2026-09-07T03:31:00.3574784Z e: file:///home/runner/work/tvmime/tvmime/tvApp/src/main/java/com/tvmime/tv/sv_ui/screens/settings/SettingsProviderActions.kt:3:28 Unresolved reference: tv
Compile TV & Mobile APKs	Build Android TV & Mobile APKs	2026-09-07T03:31:00.3576512Z e: file:///home/runner/work/tvmime/tvmime/tvApp/src/main/java/com/tvmime/tv/sv_ui/screens/settings/SettingsProviderActions.kt:4:28 Unresolved reference: tv
Compile TV & Mobile APKs	Build Android TV & Mobile APKs	2026-09-07T03:31:00.3578332Z e: file:///home/runner/work/tvmime/tvmime/tvApp/src/main/java/com/tvmime/tv/sv_ui/screens/settings/SettingsProviderActions.kt:43:35 Unresolved reference: WatchNextManager
Compile TV & Mobile APKs	Build Android TV & Mobile APKs	2026-09-07T03:31:00.3580540Z e: file:///home/runner/work/tvmime/tvmime/tvApp/src/main/java/com/tvmime/tv/sv_ui/screens/settings/SettingsProviderActions.kt:44:49 Unresolved reference: LauncherRecommendationsManager
Compile TV & Mobile APKs	Build Android TV & Mobile APKs	2026-09-07T03:31:00.3582563Z e: file:///home/runner/work/tvmime/tvmime/tvApp/src/main/java/com/tvmime/tv/sv_ui/screens/settings/SettingsProviderActions.kt:69:35 Unresolved reference: setLastActiveProviderId
Compile TV & Mobile APKs	Build Android TV & Mobile APKs	2026-09-07T03:31:00.3584519Z e: file:///home/runner/work/tvmime/tvmime/tvApp/src/main/java/com/tvmime/tv/sv_ui/screens/settings/SettingsProviderActions.kt:73:39 Unresolved reference: refreshTvInputCatalog
Compile TV & Mobile APKs	Build Android TV & Mobile APKs	2026-09-07T03:31:00.3586513Z e: file:///home/runner/work/tvmime/tvmime/tvApp/src/main/java/com/tvmime/tv/sv_ui/screens/settings/SettingsProviderActions.kt:336:63 Unresolved reference: getXtreamTextImportGeneration
Compile TV & Mobile APKs	Build Android TV & Mobile APKs	2026-09-07T03:31:00.3588684Z e: file:///home/runner/work/tvmime/tvmime/tvApp/src/main/java/com/tvmime/tv/sv_ui/screens/settings/SettingsProviderActions.kt:337:63 Unresolved reference: getXtreamTextImportAppliedGeneration
Compile TV & Mobile APKs	Build Android TV & Mobile APKs	2026-09-07T03:31:00.3591129Z e: file:///home/runner/work/tvmime/tvmime/tvApp/src/main/java/com/tvmime/tv/sv_ui/screens/settings/SettingsProviderActions.kt:338:44 Unresolved reference: it
Compile TV & Mobile APKs	Build Android TV & Mobile APKs	2026-09-07T03:31:00.3593195Z e: file:///home/runner/work/tvmime/tvmime/tvApp/src/main/java/com/tvmime/tv/sv_ui/screens/settings/SettingsProviderActions.kt:359:55 Cannot infer a type for this parameter. Please specify it explicitly.
Compile TV & Mobile APKs	Build Android TV & Mobile APKs	2026-09-07T03:31:00.3595383Z e: file:///home/runner/work/tvmime/tvmime/tvApp/src/main/java/com/tvmime/tv/sv_ui/screens/settings/SettingsProviderActions.kt:360:39 Unresolved reference: markXtreamTextImportApplied
Compile TV & Mobile APKs	Build Android TV & Mobile APKs	2026-09-07T03:31:00.3597455Z e: file:///home/runner/work/tvmime/tvmime/tvApp/src/main/java/com/tvmime/tv/sv_ui/screens/settings/SettingsProviderActions.kt:376:43 Unresolved reference: refreshTvInputCatalog
Compile TV & Mobile APKs	Build Android TV & Mobile APKs	2026-09-07T03:31:00.3599547Z e: file:///home/runner/work/tvmime/tvmime/tvApp/src/main/java/com/tvmime/tv/sv_ui/screens/settings/SettingsProviderActions.kt:392:25 Unresolved reference: scheduleBackgroundEpgSync
Compile TV & Mobile APKs	Build Android TV & Mobile APKs	2026-09-07T03:31:00.3601776Z e: file:///home/runner/work/tvmime/tvmime/tvApp/src/main/java/com/tvmime/tv/sv_ui/screens/settings/SettingsProviderActions.kt:431:63 Unresolved reference: getXtreamTextImportGeneration
Compile TV & Mobile APKs	Build Android TV & Mobile APKs	2026-09-07T03:31:00.3604082Z e: file:///home/runner/work/tvmime/tvmime/tvApp/src/main/java/com/tvmime/tv/sv_ui/screens/settings/SettingsProviderActions.kt:432:63 Unresolved reference: getXtreamTextImportAppliedGeneration
Compile TV & Mobile APKs	Build Android TV & Mobile APKs	2026-09-07T03:31:00.3606031Z e: file:///home/runner/work/tvmime/tvmime/tvApp/src/main/java/com/tvmime/tv/sv_ui/screens/settings/SettingsProviderActions.kt:433:44 Unresolved reference: it
Compile TV & Mobile APKs	Build Android TV & Mobile APKs	2026-09-07T03:31:00.3607867Z e: file:///home/runner/work/tvmime/tvmime/tvApp/src/main/java/com/tvmime/tv/sv_ui/screens/settings/SettingsProviderActions.kt:436:25 Unresolved reference: rebuildXtreamIndex
Compile TV & Mobile APKs	Build Android TV & Mobile APKs	2026-09-07T03:31:00.3610153Z e: file:///home/runner/work/tvmime/tvmime/tvApp/src/main/java/com/tvmime/tv/sv_ui/screens/settings/SettingsProviderActions.kt:436:58 Cannot infer a type for this parameter. Please specify it explicitly.
Compile TV & Mobile APKs	Build Android TV & Mobile APKs	2026-09-07T03:31:00.3612414Z e: file:///home/runner/work/tvmime/tvmime/tvApp/src/main/java/com/tvmime/tv/sv_ui/screens/settings/SettingsProviderActions.kt:461:55 Cannot infer a type for this parameter. Please specify it explicitly.
Compile TV & Mobile APKs	Build Android TV & Mobile APKs	2026-09-07T03:31:00.3614561Z e: file:///home/runner/work/tvmime/tvmime/tvApp/src/main/java/com/tvmime/tv/sv_ui/screens/settings/SettingsProviderActions.kt:462:39 Unresolved reference: markXtreamTextImportApplied
Compile TV & Mobile APKs	Build Android TV & Mobile APKs	2026-09-07T03:31:00.3616571Z e: file:///home/runner/work/tvmime/tvmime/tvApp/src/main/java/com/tvmime/tv/sv_ui/screens/settings/SettingsProviderActions.kt:525:61 Unresolved reference: refreshTvInputCatalog
Compile TV & Mobile APKs	Build Android TV & Mobile APKs	2026-09-07T03:31:00.3618723Z e: file:///home/runner/work/tvmime/tvmime/tvApp/src/main/java/com/tvmime/tv/sv_ui/screens/settings/SettingsProviderUiComponents.kt:18:30 Conflicting import, imported name 'ClickableSurfaceDefaults' is ambiguous
Compile TV & Mobile APKs	Build Android TV & Mobile APKs	2026-09-07T03:31:00.3621242Z e: file:///home/runner/work/tvmime/tvmime/tvApp/src/main/java/com/tvmime/tv/sv_ui/screens/settings/SettingsProviderUiComponents.kt:21:30 Conflicting import, imported name 'ClickableSurfaceDefaults' is ambiguous
Compile TV & Mobile APKs	Build Android TV & Mobile APKs	2026-09-07T03:31:00.3623730Z e: file:///home/runner/work/tvmime/tvmime/tvApp/src/main/java/com/tvmime/tv/sv_ui/screens/settings/SettingsProviderUiComponents.kt:127:18 Type mismatch: inferred type is ClickableSurfaceColors but NonInteractiveSurfaceColors was expected
Compile TV & Mobile APKs	Build Android TV & Mobile APKs	2026-09-07T03:31:00.3626301Z e: file:///home/runner/work/tvmime/tvmime/tvApp/src/main/java/com/tvmime/tv/sv_ui/screens/settings/SettingsRecordingBrowserDialog.kt:36:30 Conflicting import, imported name 'ClickableSurfaceDefaults' is ambiguous
Compile TV & Mobile APKs	Build Android TV & Mobile APKs	2026-09-07T03:31:00.3628680Z e: file:///home/runner/work/tvmime/tvmime/tvApp/src/main/java/com/tvmime/tv/sv_ui/screens/settings/SettingsRecordingBrowserDialog.kt:37:30 Conflicting import, imported name 'ClickableSurfaceDefaults' is ambiguous
Compile TV & Mobile APKs	Build Android TV & Mobile APKs	2026-09-07T03:31:00.3631402Z e: file:///home/runner/work/tvmime/tvmime/tvApp/src/main/java/com/tvmime/tv/sv_ui/screens/settings/SettingsRecordingBrowserDialog.kt:90:26 Type mismatch: inferred type is ClickableSurfaceColors but NonInteractiveSurfaceColors was expected
Compile TV & Mobile APKs	Build Android TV & Mobile APKs	2026-09-07T03:31:00.3634318Z e: file:///home/runner/work/tvmime/tvmime/tvApp/src/main/java/com/tvmime/tv/sv_ui/screens/settings/SettingsRecordingBrowserDialog.kt:192:22 Type mismatch: inferred type is ClickableSurfaceColors but NonInteractiveSurfaceColors was expected
Compile TV & Mobile APKs	Build Android TV & Mobile APKs	2026-09-07T03:31:00.3636934Z e: file:///home/runner/work/tvmime/tvmime/tvApp/src/main/java/com/tvmime/tv/sv_ui/screens/settings/SettingsRecordingBrowserDialog.kt:335:18 Type mismatch: inferred type is ClickableSurfaceColors but NonInteractiveSurfaceColors was expected
Compile TV & Mobile APKs	Build Android TV & Mobile APKs	2026-09-07T03:31:00.3639309Z e: file:///home/runner/work/tvmime/tvmime/tvApp/src/main/java/com/tvmime/tv/sv_ui/screens/settings/SettingsRecordingBrowserSidebarControls.kt:98:50 Unresolved reference: device
Compile TV & Mobile APKs	Build Android TV & Mobile APKs	2026-09-07T03:31:00.3641651Z e: file:///home/runner/work/tvmime/tvmime/tvApp/src/main/java/com/tvmime/tv/sv_ui/screens/settings/SettingsRecordingBrowserSidebarControls.kt:102:25 Not enough information to infer type variable T
Compile TV & Mobile APKs	Build Android TV & Mobile APKs	2026-09-07T03:31:00.3644304Z e: file:///home/runner/work/tvmime/tvmime/tvApp/src/main/java/com/tvmime/tv/sv_ui/screens/settings/SettingsRecordingBrowserSidebarControls.kt:102:25 Property delegate must have a 'getValue(Nothing?, KProperty<*>)' method. None of the following functions is suitable: 
Compile TV & Mobile APKs	Build Android TV & Mobile APKs	2026-09-07T03:31:00.3646704Z public inline operator fun <T> State<???>.getValue(thisObj: Any?, property: KProperty<*>): ??? defined in androidx.compose.runtime
Compile TV & Mobile APKs	Build Android TV & Mobile APKs	2026-09-07T03:31:00.3648562Z e: file:///home/runner/work/tvmime/tvmime/tvApp/src/main/java/com/tvmime/tv/sv_ui/screens/settings/SettingsRecordingDashboardCards.kt:22:30 Conflicting import, imported name 'ClickableSurfaceDefaults' is ambiguous
Compile TV & Mobile APKs	Build Android TV & Mobile APKs	2026-09-07T03:31:00.3651252Z e: file:///home/runner/work/tvmime/tvmime/tvApp/src/main/java/com/tvmime/tv/sv_ui/screens/settings/SettingsRecordingDashboardCards.kt:25:30 Conflicting import, imported name 'ClickableSurfaceDefaults' is ambiguous
Compile TV & Mobile APKs	Build Android TV & Mobile APKs	2026-09-07T03:31:00.3653860Z e: file:///home/runner/work/tvmime/tvmime/tvApp/src/main/java/com/tvmime/tv/sv_ui/screens/settings/SettingsRecordingDashboardCards.kt:188:18 Type mismatch: inferred type is ClickableSurfaceColors but NonInteractiveSurfaceColors was expected
Compile TV & Mobile APKs	Build Android TV & Mobile APKs	2026-09-07T03:31:00.3656503Z e: file:///home/runner/work/tvmime/tvmime/tvApp/src/main/java/com/tvmime/tv/sv_ui/screens/settings/SettingsRecordingItemComponents.kt:21:30 Conflicting import, imported name 'ClickableSurfaceDefaults' is ambiguous
Compile TV & Mobile APKs	Build Android TV & Mobile APKs	2026-09-07T03:31:00.3658906Z e: file:///home/runner/work/tvmime/tvmime/tvApp/src/main/java/com/tvmime/tv/sv_ui/screens/settings/SettingsRecordingItemComponents.kt:24:30 Conflicting import, imported name 'ClickableSurfaceDefaults' is ambiguous
Compile TV & Mobile APKs	Build Android TV & Mobile APKs	2026-09-07T03:31:00.3661650Z e: file:///home/runner/work/tvmime/tvmime/tvApp/src/main/java/com/tvmime/tv/sv_ui/screens/settings/SettingsRecordingItemComponents.kt:56:18 Type mismatch: inferred type is ClickableSurfaceColors but NonInteractiveSurfaceColors was expected
Compile TV & Mobile APKs	Build Android TV & Mobile APKs	2026-09-07T03:31:00.3663981Z e: file:///home/runner/work/tvmime/tvmime/tvApp/src/main/java/com/tvmime/tv/sv_ui/screens/settings/SettingsRecordingSection.kt:5:28 Unresolved reference: MainActivity
Compile TV & Mobile APKs	Build Android TV & Mobile APKs	2026-09-07T03:31:00.3665833Z e: file:///home/runner/work/tvmime/tvmime/tvApp/src/main/java/com/tvmime/tv/sv_ui/screens/settings/SettingsRecordingSection.kt:6:28 Unresolved reference: navigation
Compile TV & Mobile APKs	Build Android TV & Mobile APKs	2026-09-07T03:31:00.3667718Z e: file:///home/runner/work/tvmime/tvmime/tvApp/src/main/java/com/tvmime/tv/sv_ui/screens/settings/SettingsRecordingSection.kt:59:19 Unresolved reference: MainActivity
Compile TV & Mobile APKs	Build Android TV & Mobile APKs	2026-09-07T03:31:00.3669603Z e: file:///home/runner/work/tvmime/tvmime/tvApp/src/main/java/com/tvmime/tv/sv_ui/screens/settings/SettingsRecordingSection.kt:74:21 Unresolved reference: Routes
Compile TV & Mobile APKs	Build Android TV & Mobile APKs	2026-09-07T03:31:00.3671563Z e: file:///home/runner/work/tvmime/tvmime/tvApp/src/main/java/com/tvmime/tv/sv_ui/screens/settings/SettingsScreen.kt:15:17 Unresolved reference: hilt
Compile TV & Mobile APKs	Build Android TV & Mobile APKs	2026-09-07T03:31:00.3673262Z e: file:///home/runner/work/tvmime/tvmime/tvApp/src/main/java/com/tvmime/tv/sv_ui/screens/settings/SettingsScreen.kt:23:17 Unresolved reference: documentfile
Compile TV & Mobile APKs	Build Android TV & Mobile APKs	2026-09-07T03:31:00.3675227Z e: file:///home/runner/work/tvmime/tvmime/tvApp/src/main/java/com/tvmime/tv/sv_ui/screens/settings/SettingsScreen.kt:25:28 Unresolved reference: device
Compile TV & Mobile APKs	Build Android TV & Mobile APKs	2026-09-07T03:31:00.3676885Z e: file:///home/runner/work/tvmime/tvmime/tvApp/src/main/java/com/tvmime/tv/sv_ui/screens/settings/SettingsScreen.kt:26:28 Unresolved reference: device
Compile TV & Mobile APKs	Build Android TV & Mobile APKs	2026-09-07T03:31:00.3678524Z e: file:///home/runner/work/tvmime/tvmime/tvApp/src/main/java/com/tvmime/tv/sv_ui/screens/settings/SettingsScreen.kt:27:28 Unresolved reference: device
Compile TV & Mobile APKs	Build Android TV & Mobile APKs	2026-09-07T03:31:00.3680339Z e: file:///home/runner/work/tvmime/tvmime/tvApp/src/main/java/com/tvmime/tv/sv_ui/screens/settings/SettingsScreen.kt:30:28 Unresolved reference: util
Compile TV & Mobile APKs	Build Android TV & Mobile APKs	2026-09-07T03:31:00.3682021Z e: file:///home/runner/work/tvmime/tvmime/tvApp/src/main/java/com/tvmime/tv/sv_ui/screens/settings/SettingsScreen.kt:63:36 Unresolved reference: hiltViewModel
Compile TV & Mobile APKs	Build Android TV & Mobile APKs	2026-09-07T03:31:00.3683821Z e: file:///home/runner/work/tvmime/tvmime/tvApp/src/main/java/com/tvmime/tv/sv_ui/screens/settings/SettingsScreen.kt:72:69 Unresolved reference: OfficialBuildVerifier
Compile TV & Mobile APKs	Build Android TV & Mobile APKs	2026-09-07T03:31:00.3685747Z e: file:///home/runner/work/tvmime/tvmime/tvApp/src/main/java/com/tvmime/tv/sv_ui/screens/settings/SettingsScreen.kt:112:29 Unresolved reference: uri
Compile TV & Mobile APKs	Build Android TV & Mobile APKs	2026-09-07T03:31:00.3687441Z e: file:///home/runner/work/tvmime/tvmime/tvApp/src/main/java/com/tvmime/tv/sv_ui/screens/settings/SettingsScreen.kt:113:32 Unresolved reference: displayName
Compile TV & Mobile APKs	Build Android TV & Mobile APKs	2026-09-07T03:31:00.3689177Z e: file:///home/runner/work/tvmime/tvmime/tvApp/src/main/java/com/tvmime/tv/sv_ui/screens/settings/SettingsScreen.kt:139:22 Unresolved reference: DocumentFile
Compile TV & Mobile APKs	Build Android TV & Mobile APKs	2026-09-07T03:31:00.3691115Z e: file:///home/runner/work/tvmime/tvmime/tvApp/src/main/java/com/tvmime/tv/sv_ui/screens/settings/SettingsScreen.kt:165:22 Unresolved reference: DocumentFile
Compile TV & Mobile APKs	Build Android TV & Mobile APKs	2026-09-07T03:31:00.3692791Z e: file:///home/runner/work/tvmime/tvmime/tvApp/src/main/java/com/tvmime/tv/sv_ui/screens/settings/SettingsScreen.kt:171:23 Unresolved reference: it
Compile TV & Mobile APKs	Build Android TV & Mobile APKs	2026-09-07T03:31:00.3694418Z e: file:///home/runner/work/tvmime/tvmime/tvApp/src/main/java/com/tvmime/tv/sv_ui/screens/settings/SettingsScreen.kt:171:36 Unresolved reference: it
Compile TV & Mobile APKs	Build Android TV & Mobile APKs	2026-09-07T03:31:00.3696052Z e: file:///home/runner/work/tvmime/tvmime/tvApp/src/main/java/com/tvmime/tv/sv_ui/screens/settings/SettingsScreen.kt:172:35 Unresolved reference: it
Compile TV & Mobile APKs	Build Android TV & Mobile APKs	2026-09-07T03:31:00.3697648Z e: file:///home/runner/work/tvmime/tvmime/tvApp/src/main/java/com/tvmime/tv/sv_ui/screens/settings/SettingsScreen.kt:175:26 Unresolved reference: it
Compile TV & Mobile APKs	Build Android TV & Mobile APKs	2026-09-07T03:31:00.3699266Z e: file:///home/runner/work/tvmime/tvmime/tvApp/src/main/java/com/tvmime/tv/sv_ui/screens/settings/SettingsScreen.kt:176:29 Unresolved reference: it
Compile TV & Mobile APKs	Build Android TV & Mobile APKs	2026-09-07T03:31:00.3701070Z e: file:///home/runner/work/tvmime/tvmime/tvApp/src/main/java/com/tvmime/tv/sv_ui/screens/settings/SettingsScreen.kt:178:25 Unresolved reference: it
Compile TV & Mobile APKs	Build Android TV & Mobile APKs	2026-09-07T03:31:00.3702768Z e: file:///home/runner/work/tvmime/tvmime/tvApp/src/main/java/com/tvmime/tv/sv_ui/screens/settings/SettingsScreen.kt:225:21 Unresolved reference: isFireTvDevice
Compile TV & Mobile APKs	Build Android TV & Mobile APKs	2026-09-07T03:31:00.3704605Z e: file:///home/runner/work/tvmime/tvmime/tvApp/src/main/java/com/tvmime/tv/sv_ui/screens/settings/SettingsScreen.kt:225:47 Unresolved reference: removableAppStorageDirs
Compile TV & Mobile APKs	Build Android TV & Mobile APKs	2026-09-07T03:31:00.3706391Z e: file:///home/runner/work/tvmime/tvmime/tvApp/src/main/java/com/tvmime/tv/sv_ui/screens/settings/SettingsScreen.kt:240:30 Unresolved reference: uri
Compile TV & Mobile APKs	Build Android TV & Mobile APKs	2026-09-07T03:31:00.3708088Z e: file:///home/runner/work/tvmime/tvmime/tvApp/src/main/java/com/tvmime/tv/sv_ui/screens/settings/SettingsScreen.kt:290:37 Unresolved reference: latestReportFile
Compile TV & Mobile APKs	Build Android TV & Mobile APKs	2026-09-07T03:31:00.3710063Z e: file:///home/runner/work/tvmime/tvmime/tvApp/src/main/java/com/tvmime/tv/sv_ui/screens/settings/SettingsScreen.kt:296:36 Unresolved reference: providerUriForFile
Compile TV & Mobile APKs	Build Android TV & Mobile APKs	2026-09-07T03:31:00.3711866Z e: file:///home/runner/work/tvmime/tvmime/tvApp/src/main/java/com/tvmime/tv/sv_ui/screens/settings/SettingsScreen.kt:297:62 Unresolved reference: buildShareIntent
Compile TV & Mobile APKs	Build Android TV & Mobile APKs	2026-09-07T03:31:00.3713916Z e: file:///home/runner/work/tvmime/tvmime/tvApp/src/main/java/com/tvmime/tv/sv_ui/screens/settings/SettingsScreen.kt:318:31 Unresolved reference: DocumentFile
Compile TV & Mobile APKs	Build Android TV & Mobile APKs	2026-09-07T03:31:00.3715709Z e: file:///home/runner/work/tvmime/tvmime/tvApp/src/main/java/com/tvmime/tv/sv_ui/screens/settings/SettingsScreen.kt:409:37 Unresolved reference: isTelevisionDevice
Compile TV & Mobile APKs	Build Android TV & Mobile APKs	2026-09-07T03:31:00.3717519Z e: file:///home/runner/work/tvmime/tvmime/tvApp/src/main/java/com/tvmime/tv/sv_ui/screens/settings/SettingsScreen.kt:440:37 Unresolved reference: isTelevisionDevice
Compile TV & Mobile APKs	Build Android TV & Mobile APKs	2026-09-07T03:31:00.3719245Z e: file:///home/runner/work/tvmime/tvmime/tvApp/src/main/java/com/tvmime/tv/sv_ui/screens/settings/SettingsScreen.kt:515:36 Unresolved reference: uri
Compile TV & Mobile APKs	Build Android TV & Mobile APKs	2026-09-07T03:31:00.3721105Z e: file:///home/runner/work/tvmime/tvmime/tvApp/src/main/java/com/tvmime/tv/sv_ui/screens/settings/SettingsScreen.kt:516:39 Unresolved reference: displayName
Compile TV & Mobile APKs	Build Android TV & Mobile APKs	2026-09-07T03:31:00.3722809Z e: file:///home/runner/work/tvmime/tvmime/tvApp/src/main/java/com/tvmime/tv/sv_ui/screens/settings/SettingsScreen.kt:523:39 Unresolved reference: uri
Compile TV & Mobile APKs	Build Android TV & Mobile APKs	2026-09-07T03:31:00.3724560Z e: file:///home/runner/work/tvmime/tvmime/tvApp/src/main/java/com/tvmime/tv/sv_ui/screens/settings/SettingsScreenOverlays.kt:22:39 Unresolved reference: MainActivity
Compile TV & Mobile APKs	Build Android TV & Mobile APKs	2026-09-07T03:31:00.3726577Z e: file:///home/runner/work/tvmime/tvmime/tvApp/src/main/java/com/tvmime/tv/sv_ui/screens/settings/SettingsScreenState.kt:7:28 Unresolved reference: MainActivity
Compile TV & Mobile APKs	Build Android TV & Mobile APKs	2026-09-07T03:31:00.3728338Z e: file:///home/runner/work/tvmime/tvmime/tvApp/src/main/java/com/tvmime/tv/sv_ui/screens/settings/SettingsScreenState.kt:10:28 Unresolved reference: util
Compile TV & Mobile APKs	Build Android TV & Mobile APKs	2026-09-07T03:31:00.3730330Z e: file:///home/runner/work/tvmime/tvmime/tvApp/src/main/java/com/tvmime/tv/sv_ui/screens/settings/SettingsScreenState.kt:63:26 Unresolved reference: OfficialBuildStatus
Compile TV & Mobile APKs	Build Android TV & Mobile APKs	2026-09-07T03:31:00.3732245Z e: file:///home/runner/work/tvmime/tvmime/tvApp/src/main/java/com/tvmime/tv/sv_ui/screens/settings/SettingsScreenState.kt:229:42 Unresolved reference: MainActivity
Compile TV & Mobile APKs	Build Android TV & Mobile APKs	2026-09-07T03:31:00.3734113Z e: file:///home/runner/work/tvmime/tvmime/tvApp/src/main/java/com/tvmime/tv/sv_ui/screens/settings/SettingsScreenState.kt:232:24 Unresolved reference: MainActivity
Compile TV & Mobile APKs	Build Android TV & Mobile APKs	2026-09-07T03:31:00.3736003Z e: file:///home/runner/work/tvmime/tvmime/tvApp/src/main/java/com/tvmime/tv/sv_ui/screens/settings/SettingsScreenState.kt:275:13 Unresolved reference: OfficialBuildStatus
Compile TV & Mobile APKs	Build Android TV & Mobile APKs	2026-09-07T03:31:00.3738090Z e: file:///home/runner/work/tvmime/tvmime/tvApp/src/main/java/com/tvmime/tv/sv_ui/screens/settings/SettingsScreenState.kt:277:13 'when' expression must be exhaustive, add necessary 'else' branch
Compile TV & Mobile APKs	Build Android TV & Mobile APKs	2026-09-07T03:31:00.3738977Z e: file:///home/runner/work/tvmime/tvmime/tvApp/src/main/java/com/tvmime/tv/sv_ui/screens/settings/SettingsScreenState.kt:278:5 Unresolved reference: OfficialBuildStatus
Compile TV & Mobile APKs	Build Android TV & Mobile APKs	2026-09-07T03:31:00.3740065Z e: file:///home/runner/work/tvmime/tvmime/tvApp/src/main/java/com/tvmime/tv/sv_ui/screens/settings/SettingsScreenState.kt:279:5 Unresolved reference: OfficialBuildStatus
Compile TV & Mobile APKs	Build Android TV & Mobile APKs	2026-09-07T03:31:00.3740941Z e: file:///home/runner/work/tvmime/tvmime/tvApp/src/main/java/com/tvmime/tv/sv_ui/screens/settings/SettingsScreenState.kt:280:5 Unresolved reference: OfficialBuildStatus
Compile TV & Mobile APKs	Build Android TV & Mobile APKs	2026-09-07T03:31:00.3741874Z e: file:///home/runner/work/tvmime/tvmime/tvApp/src/main/java/com/tvmime/tv/sv_ui/screens/settings/SettingsSelectionDialogComponents.kt:50:50 Unresolved reference: device
Compile TV & Mobile APKs	Build Android TV & Mobile APKs	2026-09-07T03:31:00.3742986Z e: file:///home/runner/work/tvmime/tvmime/tvApp/src/main/java/com/tvmime/tv/sv_ui/screens/settings/SettingsSharedUiComponents.kt:40:30 Conflicting import, imported name 'ClickableSurfaceDefaults' is ambiguous
Compile TV & Mobile APKs	Build Android TV & Mobile APKs	2026-09-07T03:31:00.3744091Z e: file:///home/runner/work/tvmime/tvmime/tvApp/src/main/java/com/tvmime/tv/sv_ui/screens/settings/SettingsSharedUiComponents.kt:43:30 Conflicting import, imported name 'ClickableSurfaceDefaults' is ambiguous
Compile TV & Mobile APKs	Build Android TV & Mobile APKs	2026-09-07T03:31:00.3745569Z e: file:///home/runner/work/tvmime/tvmime/tvApp/src/main/java/com/tvmime/tv/sv_ui/screens/settings/SettingsSharedUiComponents.kt:65:18 Type mismatch: inferred type is ClickableSurfaceColors but NonInteractiveSurfaceColors was expected
Compile TV & Mobile APKs	Build Android TV & Mobile APKs	2026-09-07T03:31:00.3746449Z e: file:///home/runner/work/tvmime/tvmime/tvApp/src/main/java/com/tvmime/tv/sv_ui/screens/settings/SettingsSharedUiComponents.kt:183:50 Unresolved reference: device
Compile TV & Mobile APKs	Build Android TV & Mobile APKs	2026-09-07T03:31:00.3747629Z e: file:///home/runner/work/tvmime/tvmime/tvApp/src/main/java/com/tvmime/tv/sv_ui/screens/settings/SettingsSharedUiComponents.kt:186:34 This foundation API is experimental and is likely to change or be removed in the future.
Compile TV & Mobile APKs	Build Android TV & Mobile APKs	2026-09-07T03:31:00.3748808Z e: file:///home/runner/work/tvmime/tvmime/tvApp/src/main/java/com/tvmime/tv/sv_ui/screens/settings/SettingsSharedUiComponents.kt:186:45 This foundation API is experimental and is likely to change or be removed in the future.
Compile TV & Mobile APKs	Build Android TV & Mobile APKs	2026-09-07T03:31:00.3749980Z e: file:///home/runner/work/tvmime/tvmime/tvApp/src/main/java/com/tvmime/tv/sv_ui/screens/settings/SettingsSharedUiComponents.kt:190:25 Not enough information to infer type variable T
Compile TV & Mobile APKs	Build Android TV & Mobile APKs	2026-09-07T03:31:00.3751415Z e: file:///home/runner/work/tvmime/tvmime/tvApp/src/main/java/com/tvmime/tv/sv_ui/screens/settings/SettingsSharedUiComponents.kt:190:25 Property delegate must have a 'getValue(Nothing?, KProperty<*>)' method. None of the following functions is suitable: 
Compile TV & Mobile APKs	Build Android TV & Mobile APKs	2026-09-07T03:31:00.3752211Z public inline operator fun <T> State<???>.getValue(thisObj: Any?, property: KProperty<*>): ??? defined in androidx.compose.runtime
Compile TV & Mobile APKs	Build Android TV & Mobile APKs	2026-09-07T03:31:00.3753385Z e: file:///home/runner/work/tvmime/tvmime/tvApp/src/main/java/com/tvmime/tv/sv_ui/screens/settings/SettingsSharedUiComponents.kt:201:27 This foundation API is experimental and is likely to change or be removed in the future.
Compile TV & Mobile APKs	Build Android TV & Mobile APKs	2026-09-07T03:31:00.3754556Z e: file:///home/runner/work/tvmime/tvmime/tvApp/src/main/java/com/tvmime/tv/sv_ui/screens/settings/SettingsSharedUiComponents.kt:201:50 This foundation API is experimental and is likely to change or be removed in the future.
Compile TV & Mobile APKs	Build Android TV & Mobile APKs	2026-09-07T03:31:00.3755741Z e: file:///home/runner/work/tvmime/tvmime/tvApp/src/main/java/com/tvmime/tv/sv_ui/screens/settings/SettingsSharedUiComponents.kt:210:27 This foundation API is experimental and is likely to change or be removed in the future.
Compile TV & Mobile APKs	Build Android TV & Mobile APKs	2026-09-07T03:31:00.3756920Z e: file:///home/runner/work/tvmime/tvmime/tvApp/src/main/java/com/tvmime/tv/sv_ui/screens/settings/SettingsSharedUiComponents.kt:210:50 This foundation API is experimental and is likely to change or be removed in the future.
Compile TV & Mobile APKs	Build Android TV & Mobile APKs	2026-09-07T03:31:00.3758080Z e: file:///home/runner/work/tvmime/tvmime/tvApp/src/main/java/com/tvmime/tv/sv_ui/screens/settings/SettingsSharedUiComponents.kt:266:14 This foundation API is experimental and is likely to change or be removed in the future.
Compile TV & Mobile APKs	Build Android TV & Mobile APKs	2026-09-07T03:31:00.3759235Z e: file:///home/runner/work/tvmime/tvmime/tvApp/src/main/java/com/tvmime/tv/sv_ui/screens/settings/SettingsSharedUiComponents.kt:266:37 This foundation API is experimental and is likely to change or be removed in the future.
Compile TV & Mobile APKs	Build Android TV & Mobile APKs	2026-09-07T03:31:00.3760462Z e: file:///home/runner/work/tvmime/tvmime/tvApp/src/main/java/com/tvmime/tv/sv_ui/screens/settings/SettingsSharedUiComponents.kt:290:51 This API is experimental and is likely to change in the future.
Compile TV & Mobile APKs	Build Android TV & Mobile APKs	2026-09-07T03:31:00.3761491Z e: file:///home/runner/work/tvmime/tvmime/tvApp/src/main/java/com/tvmime/tv/sv_ui/screens/settings/SettingsSharedUiComponents.kt:291:52 This API is experimental and is likely to change in the future.
Compile TV & Mobile APKs	Build Android TV & Mobile APKs	2026-09-07T03:31:00.3762407Z e: file:///home/runner/work/tvmime/tvmime/tvApp/src/main/java/com/tvmime/tv/sv_ui/screens/settings/SettingsStateBindings.kt:37:12 Not enough information to infer type variable T3
Compile TV & Mobile APKs	Build Android TV & Mobile APKs	2026-09-07T03:31:00.3763287Z e: file:///home/runner/work/tvmime/tvmime/tvApp/src/main/java/com/tvmime/tv/sv_ui/screens/settings/SettingsStateBindings.kt:40:31 Unresolved reference: parentalControlLevel
Compile TV & Mobile APKs	Build Android TV & Mobile APKs	2026-09-07T03:31:00.3764150Z e: file:///home/runner/work/tvmime/tvmime/tvApp/src/main/java/com/tvmime/tv/sv_ui/screens/settings/SettingsStateBindings.kt:41:31 Unresolved reference: hasParentalPin
Compile TV & Mobile APKs	Build Android TV & Mobile APKs	2026-09-07T03:31:00.3765361Z e: file:///home/runner/work/tvmime/tvmime/tvApp/src/main/java/com/tvmime/tv/sv_ui/screens/settings/SettingsStateBindings.kt:42:30 Cannot infer a type for this parameter. Please specify it explicitly.
Compile TV & Mobile APKs	Build Android TV & Mobile APKs	2026-09-07T03:31:00.3766392Z e: file:///home/runner/work/tvmime/tvmime/tvApp/src/main/java/com/tvmime/tv/sv_ui/screens/settings/SettingsStateBindings.kt:42:37 Cannot infer a type for this parameter. Please specify it explicitly.
Compile TV & Mobile APKs	Build Android TV & Mobile APKs	2026-09-07T03:31:00.3767231Z e: file:///home/runner/work/tvmime/tvmime/tvApp/src/main/java/com/tvmime/tv/sv_ui/screens/settings/SettingsStateBindings.kt:127:37 Unresolved reference: appLanguage
Compile TV & Mobile APKs	Build Android TV & Mobile APKs	2026-09-07T03:31:00.3768255Z e: file:///home/runner/work/tvmime/tvmime/tvApp/src/main/java/com/tvmime/tv/sv_ui/screens/settings/SettingsStateBindings.kt:127:52 Cannot infer a type for this parameter. Please specify it explicitly.
Compile TV & Mobile APKs	Build Android TV & Mobile APKs	2026-09-07T03:31:00.3769286Z e: file:///home/runner/work/tvmime/tvmime/tvApp/src/main/java/com/tvmime/tv/sv_ui/screens/settings/SettingsStateBindings.kt:127:62 Cannot infer a type for this parameter. Please specify it explicitly.
Compile TV & Mobile APKs	Build Android TV & Mobile APKs	2026-09-07T03:31:00.3770487Z e: file:///home/runner/work/tvmime/tvmime/tvApp/src/main/java/com/tvmime/tv/sv_ui/screens/settings/SettingsStateBindings.kt:129:62 Cannot infer a type for this parameter. Please specify it explicitly.
Compile TV & Mobile APKs	Build Android TV & Mobile APKs	2026-09-07T03:31:00.3771801Z e: file:///home/runner/work/tvmime/tvmime/tvApp/src/main/java/com/tvmime/tv/sv_ui/screens/settings/SettingsStateBindings.kt:129:72 Cannot infer a type for this parameter. Please specify it explicitly.
Compile TV & Mobile APKs	Build Android TV & Mobile APKs	2026-09-07T03:31:00.3772818Z e: file:///home/runner/work/tvmime/tvmime/tvApp/src/main/java/com/tvmime/tv/sv_ui/screens/settings/SettingsStateBindings.kt:131:64 Cannot infer a type for this parameter. Please specify it explicitly.
Compile TV & Mobile APKs	Build Android TV & Mobile APKs	2026-09-07T03:31:00.3774212Z e: file:///home/runner/work/tvmime/tvmime/tvApp/src/main/java/com/tvmime/tv/sv_ui/screens/settings/SettingsStateBindings.kt:131:74 Cannot infer a type for this parameter. Please specify it explicitly.
Compile TV & Mobile APKs	Build Android TV & Mobile APKs	2026-09-07T03:31:00.3775145Z e: file:///home/runner/work/tvmime/tvmime/tvApp/src/main/java/com/tvmime/tv/sv_ui/screens/settings/SettingsStateBindings.kt:133:37 Unresolved reference: appHomeDashboardShelves
Compile TV & Mobile APKs	Build Android TV & Mobile APKs	2026-09-07T03:31:00.3776173Z e: file:///home/runner/work/tvmime/tvmime/tvApp/src/main/java/com/tvmime/tv/sv_ui/screens/settings/SettingsStateBindings.kt:133:64 Cannot infer a type for this parameter. Please specify it explicitly.
Compile TV & Mobile APKs	Build Android TV & Mobile APKs	2026-09-07T03:31:00.3777192Z e: file:///home/runner/work/tvmime/tvmime/tvApp/src/main/java/com/tvmime/tv/sv_ui/screens/settings/SettingsStateBindings.kt:133:74 Cannot infer a type for this parameter. Please specify it explicitly.
Compile TV & Mobile APKs	Build Android TV & Mobile APKs	2026-09-07T03:31:00.3778044Z e: file:///home/runner/work/tvmime/tvmime/tvApp/src/main/java/com/tvmime/tv/sv_ui/screens/settings/SettingsStateBindings.kt:135:37 Unresolved reference: appTimeFormat
Compile TV & Mobile APKs	Build Android TV & Mobile APKs	2026-09-07T03:31:00.3779057Z e: file:///home/runner/work/tvmime/tvmime/tvApp/src/main/java/com/tvmime/tv/sv_ui/screens/settings/SettingsStateBindings.kt:135:54 Cannot infer a type for this parameter. Please specify it explicitly.
Compile TV & Mobile APKs	Build Android TV & Mobile APKs	2026-09-07T03:31:00.3780312Z e: file:///home/runner/work/tvmime/tvmime/tvApp/src/main/java/com/tvmime/tv/sv_ui/screens/settings/SettingsStateBindings.kt:135:64 Cannot infer a type for this parameter. Please specify it explicitly.
Compile TV & Mobile APKs	Build Android TV & Mobile APKs	2026-09-07T03:31:00.3781256Z e: file:///home/runner/work/tvmime/tvmime/tvApp/src/main/java/com/tvmime/tv/sv_ui/screens/settings/SettingsStateBindings.kt:137:63 Cannot infer a type for this parameter. Please specify it explicitly.
Compile TV & Mobile APKs	Build Android TV & Mobile APKs	2026-09-07T03:31:00.3781895Z e: file:///home/runner/work/tvmime/tvmime/tvApp/src/main/java/com/tvmime/tv/sv_ui/screens/settings/SettingsStateBindings.kt:137:73 Cannot infer a type for this parameter. Please specify it explicitly.
Compile TV & Mobile APKs	Build Android TV & Mobile APKs	2026-09-07T03:31:00.3782905Z e: file:///home/runner/work/tvmime/tvmime/tvApp/src/main/java/com/tvmime/tv/sv_ui/screens/settings/SettingsStateBindings.kt:139:66 Cannot infer a type for this parameter. Please specify it explicitly.
Compile TV & Mobile APKs	Build Android TV & Mobile APKs	2026-09-07T03:31:00.3784143Z e: file:///home/runner/work/tvmime/tvmime/tvApp/src/main/java/com/tvmime/tv/sv_ui/screens/settings/SettingsStateBindings.kt:139:76 Cannot infer a type for this parameter. Please specify it explicitly.
Compile TV & Mobile APKs	Build Android TV & Mobile APKs	2026-09-07T03:31:00.3785165Z e: file:///home/runner/work/tvmime/tvmime/tvApp/src/main/java/com/tvmime/tv/sv_ui/screens/settings/SettingsStateBindings.kt:141:75 Cannot infer a type for this parameter. Please specify it explicitly.
Compile TV & Mobile APKs	Build Android TV & Mobile APKs	2026-09-07T03:31:00.3786201Z e: file:///home/runner/work/tvmime/tvmime/tvApp/src/main/java/com/tvmime/tv/sv_ui/screens/settings/SettingsStateBindings.kt:141:85 Cannot infer a type for this parameter. Please specify it explicitly.
Compile TV & Mobile APKs	Build Android TV & Mobile APKs	2026-09-07T03:31:00.3787125Z e: file:///home/runner/work/tvmime/tvmime/tvApp/src/main/java/com/tvmime/tv/sv_ui/screens/settings/SettingsStateBindings.kt:143:37 Unresolved reference: playerAudioDecoderMode
Compile TV & Mobile APKs	Build Android TV & Mobile APKs	2026-09-07T03:31:00.3788134Z e: file:///home/runner/work/tvmime/tvmime/tvApp/src/main/java/com/tvmime/tv/sv_ui/screens/settings/SettingsStateBindings.kt:143:63 Cannot infer a type for this parameter. Please specify it explicitly.
Compile TV & Mobile APKs	Build Android TV & Mobile APKs	2026-09-07T03:31:00.3789151Z e: file:///home/runner/work/tvmime/tvmime/tvApp/src/main/java/com/tvmime/tv/sv_ui/screens/settings/SettingsStateBindings.kt:143:73 Cannot infer a type for this parameter. Please specify it explicitly.
Compile TV & Mobile APKs	Build Android TV & Mobile APKs	2026-09-07T03:31:00.3790545Z e: file:///home/runner/work/tvmime/tvmime/tvApp/src/main/java/com/tvmime/tv/sv_ui/screens/settings/SettingsStateBindings.kt:145:63 Cannot infer a type for this parameter. Please specify it explicitly.
Compile TV & Mobile APKs	Build Android TV & Mobile APKs	2026-09-07T03:31:00.3791566Z e: file:///home/runner/work/tvmime/tvmime/tvApp/src/main/java/com/tvmime/tv/sv_ui/screens/settings/SettingsStateBindings.kt:145:73 Cannot infer a type for this parameter. Please specify it explicitly.
Compile TV & Mobile APKs	Build Android TV & Mobile APKs	2026-09-07T03:31:00.3792593Z e: file:///home/runner/work/tvmime/tvmime/tvApp/src/main/java/com/tvmime/tv/sv_ui/screens/settings/SettingsStateBindings.kt:147:65 Cannot infer a type for this parameter. Please specify it explicitly.
Compile TV & Mobile APKs	Build Android TV & Mobile APKs	2026-09-07T03:31:00.3793633Z e: file:///home/runner/work/tvmime/tvmime/tvApp/src/main/java/com/tvmime/tv/sv_ui/screens/settings/SettingsStateBindings.kt:147:75 Cannot infer a type for this parameter. Please specify it explicitly.
Compile TV & Mobile APKs	Build Android TV & Mobile APKs	2026-09-07T03:31:00.3794590Z e: file:///home/runner/work/tvmime/tvmime/tvApp/src/main/java/com/tvmime/tv/sv_ui/screens/settings/SettingsStateBindings.kt:149:37 Unresolved reference: playerAudioOutputPreference
Compile TV & Mobile APKs	Build Android TV & Mobile APKs	2026-09-07T03:31:00.3795598Z e: file:///home/runner/work/tvmime/tvmime/tvApp/src/main/java/com/tvmime/tv/sv_ui/screens/settings/SettingsStateBindings.kt:149:68 Cannot infer a type for this parameter. Please specify it explicitly.
Compile TV & Mobile APKs	Build Android TV & Mobile APKs	2026-09-07T03:31:00.3796605Z e: file:///home/runner/work/tvmime/tvmime/tvApp/src/main/java/com/tvmime/tv/sv_ui/screens/settings/SettingsStateBindings.kt:149:78 Cannot infer a type for this parameter. Please specify it explicitly.
Compile TV & Mobile APKs	Build Android TV & Mobile APKs	2026-09-07T03:31:00.3797585Z e: file:///home/runner/work/tvmime/tvmime/tvApp/src/main/java/com/tvmime/tv/sv_ui/screens/settings/SettingsStateBindings.kt:151:37 Unresolved reference: playerCompatibilityMemoryEnabled
Compile TV & Mobile APKs	Build Android TV & Mobile APKs	2026-09-07T03:31:00.3798614Z e: file:///home/runner/work/tvmime/tvmime/tvApp/src/main/java/com/tvmime/tv/sv_ui/screens/settings/SettingsStateBindings.kt:151:73 Cannot infer a type for this parameter. Please specify it explicitly.
Compile TV & Mobile APKs	Build Android TV & Mobile APKs	2026-09-07T03:31:00.3799678Z e: file:///home/runner/work/tvmime/tvmime/tvApp/src/main/java/com/tvmime/tv/sv_ui/screens/settings/SettingsStateBindings.kt:151:83 Cannot infer a type for this parameter. Please specify it explicitly.
Compile TV & Mobile APKs	Build Android TV & Mobile APKs	2026-09-07T03:31:00.3800901Z e: file:///home/runner/work/tvmime/tvmime/tvApp/src/main/java/com/tvmime/tv/sv_ui/screens/settings/SettingsStateBindings.kt:153:58 Cannot infer a type for this parameter. Please specify it explicitly.
Compile TV & Mobile APKs	Build Android TV & Mobile APKs	2026-09-07T03:31:00.3801924Z e: file:///home/runner/work/tvmime/tvmime/tvApp/src/main/java/com/tvmime/tv/sv_ui/screens/settings/SettingsStateBindings.kt:153:68 Cannot infer a type for this parameter. Please specify it explicitly.
Compile TV & Mobile APKs	Build Android TV & Mobile APKs	2026-09-07T03:31:00.3803138Z e: file:///home/runner/work/tvmime/tvmime/tvApp/src/main/java/com/tvmime/tv/sv_ui/screens/settings/SettingsStateBindings.kt:155:66 Cannot infer a type for this parameter. Please specify it explicitly.
Compile TV & Mobile APKs	Build Android TV & Mobile APKs	2026-09-07T03:31:00.3804177Z e: file:///home/runner/work/tvmime/tvmime/tvApp/src/main/java/com/tvmime/tv/sv_ui/screens/settings/SettingsStateBindings.kt:155:76 Cannot infer a type for this parameter. Please specify it explicitly.
Compile TV & Mobile APKs	Build Android TV & Mobile APKs	2026-09-07T03:31:00.3805204Z e: file:///home/runner/work/tvmime/tvmime/tvApp/src/main/java/com/tvmime/tv/sv_ui/screens/settings/SettingsStateBindings.kt:157:60 Cannot infer a type for this parameter. Please specify it explicitly.
Compile TV & Mobile APKs	Build Android TV & Mobile APKs	2026-09-07T03:31:00.3805950Z e: file:///home/runner/work/tvmime/tvmime/tvApp/src/main/java/com/tvmime/tv/sv_ui/screens/settings/SettingsStateBindings.kt:157:70 Cannot infer a type for this parameter. Please specify it explicitly.
Compile TV & Mobile APKs	Build Android TV & Mobile APKs	2026-09-07T03:31:00.3806621Z e: file:///home/runner/work/tvmime/tvmime/tvApp/src/main/java/com/tvmime/tv/sv_ui/screens/settings/SettingsStateBindings.kt:159:67 Cannot infer a type for this parameter. Please specify it explicitly.
Compile TV & Mobile APKs	Build Android TV & Mobile APKs	2026-09-07T03:31:00.3807269Z e: file:///home/runner/work/tvmime/tvmime/tvApp/src/main/java/com/tvmime/tv/sv_ui/screens/settings/SettingsStateBindings.kt:159:77 Cannot infer a type for this parameter. Please specify it explicitly.
Compile TV & Mobile APKs	Build Android TV & Mobile APKs	2026-09-07T03:31:00.3808036Z e: file:///home/runner/work/tvmime/tvmime/tvApp/src/main/java/com/tvmime/tv/sv_ui/screens/settings/SettingsStateBindings.kt:161:37 Unresolved reference: playerAudioVideoSyncEnabled
Compile TV & Mobile APKs	Build Android TV & Mobile APKs	2026-09-07T03:31:00.3808662Z e: file:///home/runner/work/tvmime/tvmime/tvApp/src/main/java/com/tvmime/tv/sv_ui/screens/settings/SettingsStateBindings.kt:161:68 Cannot infer a type for this parameter. Please specify it explicitly.
Compile TV & Mobile APKs	Build Android TV & Mobile APKs	2026-09-07T03:31:00.3809278Z e: file:///home/runner/work/tvmime/tvmime/tvApp/src/main/java/com/tvmime/tv/sv_ui/screens/settings/SettingsStateBindings.kt:161:78 Cannot infer a type for this parameter. Please specify it explicitly.
Compile TV & Mobile APKs	Build Android TV & Mobile APKs	2026-09-07T03:31:00.3810130Z e: file:///home/runner/work/tvmime/tvmime/tvApp/src/main/java/com/tvmime/tv/sv_ui/screens/settings/SettingsStateBindings.kt:163:37 Unresolved reference: playerAudioVideoOffsetMs
Compile TV & Mobile APKs	Build Android TV & Mobile APKs	2026-09-07T03:31:00.3810770Z e: file:///home/runner/work/tvmime/tvmime/tvApp/src/main/java/com/tvmime/tv/sv_ui/screens/settings/SettingsStateBindings.kt:163:65 Cannot infer a type for this parameter. Please specify it explicitly.
Compile TV & Mobile APKs	Build Android TV & Mobile APKs	2026-09-07T03:31:00.3811385Z e: file:///home/runner/work/tvmime/tvmime/tvApp/src/main/java/com/tvmime/tv/sv_ui/screens/settings/SettingsStateBindings.kt:163:75 Cannot infer a type for this parameter. Please specify it explicitly.
Compile TV & Mobile APKs	Build Android TV & Mobile APKs	2026-09-07T03:31:00.3811955Z e: file:///home/runner/work/tvmime/tvmime/tvApp/src/main/java/com/tvmime/tv/sv_ui/screens/settings/SettingsStateBindings.kt:165:37 Unresolved reference: multiViewCenterTwoSlotLayout
Compile TV & Mobile APKs	Build Android TV & Mobile APKs	2026-09-07T03:31:00.3812573Z e: file:///home/runner/work/tvmime/tvmime/tvApp/src/main/java/com/tvmime/tv/sv_ui/screens/settings/SettingsStateBindings.kt:165:69 Cannot infer a type for this parameter. Please specify it explicitly.
Compile TV & Mobile APKs	Build Android TV & Mobile APKs	2026-09-07T03:31:00.3813192Z e: file:///home/runner/work/tvmime/tvmime/tvApp/src/main/java/com/tvmime/tv/sv_ui/screens/settings/SettingsStateBindings.kt:165:79 Cannot infer a type for this parameter. Please specify it explicitly.
Compile TV & Mobile APKs	Build Android TV & Mobile APKs	2026-09-07T03:31:00.3813813Z e: file:///home/runner/work/tvmime/tvmime/tvApp/src/main/java/com/tvmime/tv/sv_ui/screens/settings/SettingsStateBindings.kt:167:37 Unresolved reference: multiViewRespectProviderConnectionLimit
Compile TV & Mobile APKs	Build Android TV & Mobile APKs	2026-09-07T03:31:00.3814435Z e: file:///home/runner/work/tvmime/tvmime/tvApp/src/main/java/com/tvmime/tv/sv_ui/screens/settings/SettingsStateBindings.kt:167:80 Cannot infer a type for this parameter. Please specify it explicitly.
Compile TV & Mobile APKs	Build Android TV & Mobile APKs	2026-09-07T03:31:00.3815044Z e: file:///home/runner/work/tvmime/tvmime/tvApp/src/main/java/com/tvmime/tv/sv_ui/screens/settings/SettingsStateBindings.kt:167:90 Cannot infer a type for this parameter. Please specify it explicitly.
Compile TV & Mobile APKs	Build Android TV & Mobile APKs	2026-09-07T03:31:00.3815840Z e: file:///home/runner/work/tvmime/tvmime/tvApp/src/main/java/com/tvmime/tv/sv_ui/screens/settings/SettingsStateBindings.kt:169:69 Cannot infer a type for this parameter. Please specify it explicitly.
Compile TV & Mobile APKs	Build Android TV & Mobile APKs	2026-09-07T03:31:00.3816458Z e: file:///home/runner/work/tvmime/tvmime/tvApp/src/main/java/com/tvmime/tv/sv_ui/screens/settings/SettingsStateBindings.kt:169:79 Cannot infer a type for this parameter. Please specify it explicitly.
Compile TV & Mobile APKs	Build Android TV & Mobile APKs	2026-09-07T03:31:00.3817073Z e: file:///home/runner/work/tvmime/tvmime/tvApp/src/main/java/com/tvmime/tv/sv_ui/screens/settings/SettingsStateBindings.kt:171:72 Cannot infer a type for this parameter. Please specify it explicitly.
Compile TV & Mobile APKs	Build Android TV & Mobile APKs	2026-09-07T03:31:00.3817691Z e: file:///home/runner/work/tvmime/tvmime/tvApp/src/main/java/com/tvmime/tv/sv_ui/screens/settings/SettingsStateBindings.kt:171:82 Cannot infer a type for this parameter. Please specify it explicitly.
Compile TV & Mobile APKs	Build Android TV & Mobile APKs	2026-09-07T03:31:00.3818302Z e: file:///home/runner/work/tvmime/tvmime/tvApp/src/main/java/com/tvmime/tv/sv_ui/screens/settings/SettingsStateBindings.kt:173:67 Cannot infer a type for this parameter. Please specify it explicitly.
Compile TV & Mobile APKs	Build Android TV & Mobile APKs	2026-09-07T03:31:00.3818922Z e: file:///home/runner/work/tvmime/tvmime/tvApp/src/main/java/com/tvmime/tv/sv_ui/screens/settings/SettingsStateBindings.kt:173:77 Cannot infer a type for this parameter. Please specify it explicitly.
Compile TV & Mobile APKs	Build Android TV & Mobile APKs	2026-09-07T03:31:00.3819643Z e: file:///home/runner/work/tvmime/tvmime/tvApp/src/main/java/com/tvmime/tv/sv_ui/screens/settings/SettingsStateBindings.kt:175:72 Cannot infer a type for this parameter. Please specify it explicitly.
Compile TV & Mobile APKs	Build Android TV & Mobile APKs	2026-09-07T03:31:00.3820522Z e: file:///home/runner/work/tvmime/tvmime/tvApp/src/main/java/com/tvmime/tv/sv_ui/screens/settings/SettingsStateBindings.kt:175:82 Cannot infer a type for this parameter. Please specify it explicitly.
Compile TV & Mobile APKs	Build Android TV & Mobile APKs	2026-09-07T03:31:00.3821150Z e: file:///home/runner/work/tvmime/tvmime/tvApp/src/main/java/com/tvmime/tv/sv_ui/screens/settings/SettingsStateBindings.kt:177:64 Cannot infer a type for this parameter. Please specify it explicitly.
Compile TV & Mobile APKs	Build Android TV & Mobile APKs	2026-09-07T03:31:00.3821777Z e: file:///home/runner/work/tvmime/tvmime/tvApp/src/main/java/com/tvmime/tv/sv_ui/screens/settings/SettingsStateBindings.kt:177:74 Cannot infer a type for this parameter. Please specify it explicitly.
Compile TV & Mobile APKs	Build Android TV & Mobile APKs	2026-09-07T03:31:00.3822393Z e: file:///home/runner/work/tvmime/tvmime/tvApp/src/main/java/com/tvmime/tv/sv_ui/screens/settings/SettingsStateBindings.kt:179:64 Cannot infer a type for this parameter. Please specify it explicitly.
Compile TV & Mobile APKs	Build Android TV & Mobile APKs	2026-09-07T03:31:00.3823013Z e: file:///home/runner/work/tvmime/tvmime/tvApp/src/main/java/com/tvmime/tv/sv_ui/screens/settings/SettingsStateBindings.kt:179:74 Cannot infer a type for this parameter. Please specify it explicitly.
Compile TV & Mobile APKs	Build Android TV & Mobile APKs	2026-09-07T03:31:00.3823628Z e: file:///home/runner/work/tvmime/tvmime/tvApp/src/main/java/com/tvmime/tv/sv_ui/screens/settings/SettingsStateBindings.kt:181:70 Cannot infer a type for this parameter. Please specify it explicitly.
Compile TV & Mobile APKs	Build Android TV & Mobile APKs	2026-09-07T03:31:00.3824237Z e: file:///home/runner/work/tvmime/tvmime/tvApp/src/main/java/com/tvmime/tv/sv_ui/screens/settings/SettingsStateBindings.kt:181:80 Cannot infer a type for this parameter. Please specify it explicitly.
Compile TV & Mobile APKs	Build Android TV & Mobile APKs	2026-09-07T03:31:00.3824855Z e: file:///home/runner/work/tvmime/tvmime/tvApp/src/main/java/com/tvmime/tv/sv_ui/screens/settings/SettingsStateBindings.kt:183:69 Cannot infer a type for this parameter. Please specify it explicitly.
Compile TV & Mobile APKs	Build Android TV & Mobile APKs	2026-09-07T03:31:00.3825474Z e: file:///home/runner/work/tvmime/tvmime/tvApp/src/main/java/com/tvmime/tv/sv_ui/screens/settings/SettingsStateBindings.kt:183:79 Cannot infer a type for this parameter. Please specify it explicitly.
Compile TV & Mobile APKs	Build Android TV & Mobile APKs	2026-09-07T03:31:00.3826090Z e: file:///home/runner/work/tvmime/tvmime/tvApp/src/main/java/com/tvmime/tv/sv_ui/screens/settings/SettingsStateBindings.kt:185:70 Cannot infer a type for this parameter. Please specify it explicitly.
Compile TV & Mobile APKs	Build Android TV & Mobile APKs	2026-09-07T03:31:00.3826700Z e: file:///home/runner/work/tvmime/tvmime/tvApp/src/main/java/com/tvmime/tv/sv_ui/screens/settings/SettingsStateBindings.kt:185:80 Cannot infer a type for this parameter. Please specify it explicitly.
Compile TV & Mobile APKs	Build Android TV & Mobile APKs	2026-09-07T03:31:00.3827455Z e: file:///home/runner/work/tvmime/tvmime/tvApp/src/main/java/com/tvmime/tv/sv_ui/screens/settings/SettingsStateBindings.kt:187:65 Cannot infer a type for this parameter. Please specify it explicitly.
Compile TV & Mobile APKs	Build Android TV & Mobile APKs	2026-09-07T03:31:00.3828077Z e: file:///home/runner/work/tvmime/tvmime/tvApp/src/main/java/com/tvmime/tv/sv_ui/screens/settings/SettingsStateBindings.kt:187:75 Cannot infer a type for this parameter. Please specify it explicitly.
Compile TV & Mobile APKs	Build Android TV & Mobile APKs	2026-09-07T03:31:00.3828692Z e: file:///home/runner/work/tvmime/tvmime/tvApp/src/main/java/com/tvmime/tv/sv_ui/screens/settings/SettingsStateBindings.kt:189:69 Cannot infer a type for this parameter. Please specify it explicitly.
Compile TV & Mobile APKs	Build Android TV & Mobile APKs	2026-09-07T03:31:00.3829305Z e: file:///home/runner/work/tvmime/tvmime/tvApp/src/main/java/com/tvmime/tv/sv_ui/screens/settings/SettingsStateBindings.kt:189:79 Cannot infer a type for this parameter. Please specify it explicitly.
Compile TV & Mobile APKs	Build Android TV & Mobile APKs	2026-09-07T03:31:00.3830060Z e: file:///home/runner/work/tvmime/tvmime/tvApp/src/main/java/com/tvmime/tv/sv_ui/screens/settings/SettingsStateBindings.kt:191:63 Cannot infer a type for this parameter. Please specify it explicitly.
Compile TV & Mobile APKs	Build Android TV & Mobile APKs	2026-09-07T03:31:00.3830716Z e: file:///home/runner/work/tvmime/tvmime/tvApp/src/main/java/com/tvmime/tv/sv_ui/screens/settings/SettingsStateBindings.kt:191:73 Cannot infer a type for this parameter. Please specify it explicitly.
Compile TV & Mobile APKs	Build Android TV & Mobile APKs	2026-09-07T03:31:00.3831459Z e: file:///home/runner/work/tvmime/tvmime/tvApp/src/main/java/com/tvmime/tv/sv_ui/screens/settings/SettingsStateBindings.kt:193:68 Cannot infer a type for this parameter. Please specify it explicitly.
Compile TV & Mobile APKs	Build Android TV & Mobile APKs	2026-09-07T03:31:00.3832084Z e: file:///home/runner/work/tvmime/tvmime/tvApp/src/main/java/com/tvmime/tv/sv_ui/screens/settings/SettingsStateBindings.kt:193:78 Cannot infer a type for this parameter. Please specify it explicitly.
Compile TV & Mobile APKs	Build Android TV & Mobile APKs	2026-09-07T03:31:00.3832701Z e: file:///home/runner/work/tvmime/tvmime/tvApp/src/main/java/com/tvmime/tv/sv_ui/screens/settings/SettingsStateBindings.kt:195:63 Cannot infer a type for this parameter. Please specify it explicitly.
Compile TV & Mobile APKs	Build Android TV & Mobile APKs	2026-09-07T03:31:00.3833320Z e: file:///home/runner/work/tvmime/tvmime/tvApp/src/main/java/com/tvmime/tv/sv_ui/screens/settings/SettingsStateBindings.kt:195:73 Cannot infer a type for this parameter. Please specify it explicitly.
Compile TV & Mobile APKs	Build Android TV & Mobile APKs	2026-09-07T03:31:00.3833916Z e: file:///home/runner/work/tvmime/tvmime/tvApp/src/main/java/com/tvmime/tv/sv_ui/screens/settings/SettingsStateBindings.kt:197:37 Unresolved reference: defaultStopPlaybackTimerMinutes
Compile TV & Mobile APKs	Build Android TV & Mobile APKs	2026-09-07T03:31:00.3834533Z e: file:///home/runner/work/tvmime/tvmime/tvApp/src/main/java/com/tvmime/tv/sv_ui/screens/settings/SettingsStateBindings.kt:197:72 Cannot infer a type for this parameter. Please specify it explicitly.
Compile TV & Mobile APKs	Build Android TV & Mobile APKs	2026-09-07T03:31:00.3835146Z e: file:///home/runner/work/tvmime/tvmime/tvApp/src/main/java/com/tvmime/tv/sv_ui/screens/settings/SettingsStateBindings.kt:197:82 Cannot infer a type for this parameter. Please specify it explicitly.
Compile TV & Mobile APKs	Build Android TV & Mobile APKs	2026-09-07T03:31:00.3835736Z e: file:///home/runner/work/tvmime/tvmime/tvApp/src/main/java/com/tvmime/tv/sv_ui/screens/settings/SettingsStateBindings.kt:199:37 Unresolved reference: defaultIdleStandbyTimerMinutes
Compile TV & Mobile APKs	Build Android TV & Mobile APKs	2026-09-07T03:31:00.3836352Z e: file:///home/runner/work/tvmime/tvmime/tvApp/src/main/java/com/tvmime/tv/sv_ui/screens/settings/SettingsStateBindings.kt:199:71 Cannot infer a type for this parameter. Please specify it explicitly.
Compile TV & Mobile APKs	Build Android TV & Mobile APKs	2026-09-07T03:31:00.3836975Z e: file:///home/runner/work/tvmime/tvmime/tvApp/src/main/java/com/tvmime/tv/sv_ui/screens/settings/SettingsStateBindings.kt:199:81 Cannot infer a type for this parameter. Please specify it explicitly.
Compile TV & Mobile APKs	Build Android TV & Mobile APKs	2026-09-07T03:31:00.3837526Z e: file:///home/runner/work/tvmime/tvmime/tvApp/src/main/java/com/tvmime/tv/sv_ui/screens/settings/SettingsStateBindings.kt:201:37 Unresolved reference: lastSpeedTestMegabits
Compile TV & Mobile APKs	Build Android TV & Mobile APKs	2026-09-07T03:31:00.3838136Z e: file:///home/runner/work/tvmime/tvmime/tvApp/src/main/java/com/tvmime/tv/sv_ui/screens/settings/SettingsStateBindings.kt:201:62 Cannot infer a type for this parameter. Please specify it explicitly.
Compile TV & Mobile APKs	Build Android TV & Mobile APKs	2026-09-07T03:31:00.3838863Z e: file:///home/runner/work/tvmime/tvmime/tvApp/src/main/java/com/tvmime/tv/sv_ui/screens/settings/SettingsStateBindings.kt:201:72 Cannot infer a type for this parameter. Please specify it explicitly.
Compile TV & Mobile APKs	Build Android TV & Mobile APKs	2026-09-07T03:31:00.3839421Z e: file:///home/runner/work/tvmime/tvmime/tvApp/src/main/java/com/tvmime/tv/sv_ui/screens/settings/SettingsStateBindings.kt:203:37 Unresolved reference: lastSpeedTestTimestamp
Compile TV & Mobile APKs	Build Android TV & Mobile APKs	2026-09-07T03:31:00.3840157Z e: file:///home/runner/work/tvmime/tvmime/tvApp/src/main/java/com/tvmime/tv/sv_ui/screens/settings/SettingsStateBindings.kt:203:63 Cannot infer a type for this parameter. Please specify it explicitly.
Compile TV & Mobile APKs	Build Android TV & Mobile APKs	2026-09-07T03:31:00.3840782Z e: file:///home/runner/work/tvmime/tvmime/tvApp/src/main/java/com/tvmime/tv/sv_ui/screens/settings/SettingsStateBindings.kt:203:73 Cannot infer a type for this parameter. Please specify it explicitly.
Compile TV & Mobile APKs	Build Android TV & Mobile APKs	2026-09-07T03:31:00.3841336Z e: file:///home/runner/work/tvmime/tvmime/tvApp/src/main/java/com/tvmime/tv/sv_ui/screens/settings/SettingsStateBindings.kt:205:37 Unresolved reference: lastSpeedTestTransport
Compile TV & Mobile APKs	Build Android TV & Mobile APKs	2026-09-07T03:31:00.3841957Z e: file:///home/runner/work/tvmime/tvmime/tvApp/src/main/java/com/tvmime/tv/sv_ui/screens/settings/SettingsStateBindings.kt:205:63 Cannot infer a type for this parameter. Please specify it explicitly.
Compile TV & Mobile APKs	Build Android TV & Mobile APKs	2026-09-07T03:31:00.3842693Z e: file:///home/runner/work/tvmime/tvmime/tvApp/src/main/java/com/tvmime/tv/sv_ui/screens/settings/SettingsStateBindings.kt:205:73 Cannot infer a type for this parameter. Please specify it explicitly.
Compile TV & Mobile APKs	Build Android TV & Mobile APKs	2026-09-07T03:31:00.3843268Z e: file:///home/runner/work/tvmime/tvmime/tvApp/src/main/java/com/tvmime/tv/sv_ui/screens/settings/SettingsStateBindings.kt:207:37 Unresolved reference: lastSpeedTestRecommendedHeight
Compile TV & Mobile APKs	Build Android TV & Mobile APKs	2026-09-07T03:31:00.3843882Z e: file:///home/runner/work/tvmime/tvmime/tvApp/src/main/java/com/tvmime/tv/sv_ui/screens/settings/SettingsStateBindings.kt:207:71 Cannot infer a type for this parameter. Please specify it explicitly.
Compile TV & Mobile APKs	Build Android TV & Mobile APKs	2026-09-07T03:31:00.3844506Z e: file:///home/runner/work/tvmime/tvmime/tvApp/src/main/java/com/tvmime/tv/sv_ui/screens/settings/SettingsStateBindings.kt:207:81 Cannot infer a type for this parameter. Please specify it explicitly.
Compile TV & Mobile APKs	Build Android TV & Mobile APKs	2026-09-07T03:31:00.3845049Z e: file:///home/runner/work/tvmime/tvmime/tvApp/src/main/java/com/tvmime/tv/sv_ui/screens/settings/SettingsStateBindings.kt:209:37 Unresolved reference: lastSpeedTestEstimated
Compile TV & Mobile APKs	Build Android TV & Mobile APKs	2026-09-07T03:31:00.3845669Z e: file:///home/runner/work/tvmime/tvmime/tvApp/src/main/java/com/tvmime/tv/sv_ui/screens/settings/SettingsStateBindings.kt:209:63 Cannot infer a type for this parameter. Please specify it explicitly.
Compile TV & Mobile APKs	Build Android TV & Mobile APKs	2026-09-07T03:31:00.3846293Z e: file:///home/runner/work/tvmime/tvmime/tvApp/src/main/java/com/tvmime/tv/sv_ui/screens/settings/SettingsStateBindings.kt:209:73 Cannot infer a type for this parameter. Please specify it explicitly.
Compile TV & Mobile APKs	Build Android TV & Mobile APKs	2026-09-07T03:31:00.3846813Z e: file:///home/runner/work/tvmime/tvmime/tvApp/src/main/java/com/tvmime/tv/sv_ui/screens/settings/SettingsStateBindings.kt:211:37 Unresolved reference: isIncognitoMode
Compile TV & Mobile APKs	Build Android TV & Mobile APKs	2026-09-07T03:31:00.3847443Z e: file:///home/runner/work/tvmime/tvmime/tvApp/src/main/java/com/tvmime/tv/sv_ui/screens/settings/SettingsStateBindings.kt:211:56 Cannot infer a type for this parameter. Please specify it explicitly.
Compile TV & Mobile APKs	Build Android TV & Mobile APKs	2026-09-07T03:31:00.3848061Z e: file:///home/runner/work/tvmime/tvmime/tvApp/src/main/java/com/tvmime/tv/sv_ui/screens/settings/SettingsStateBindings.kt:211:66 Cannot infer a type for this parameter. Please specify it explicitly.
Compile TV & Mobile APKs	Build Android TV & Mobile APKs	2026-09-07T03:31:00.3848620Z e: file:///home/runner/work/tvmime/tvmime/tvApp/src/main/java/com/tvmime/tv/sv_ui/screens/settings/SettingsStateBindings.kt:213:37 Unresolved reference: useXtreamTextClassification
Compile TV & Mobile APKs	Build Android TV & Mobile APKs	2026-09-07T03:31:00.3849236Z e: file:///home/runner/work/tvmime/tvmime/tvApp/src/main/java/com/tvmime/tv/sv_ui/screens/settings/SettingsStateBindings.kt:213:68 Cannot infer a type for this parameter. Please specify it explicitly.
Compile TV & Mobile APKs	Build Android TV & Mobile APKs	2026-09-07T03:31:00.3849982Z e: file:///home/runner/work/tvmime/tvmime/tvApp/src/main/java/com/tvmime/tv/sv_ui/screens/settings/SettingsStateBindings.kt:213:78 Cannot infer a type for this parameter. Please specify it explicitly.
Compile TV & Mobile APKs	Build Android TV & Mobile APKs	2026-09-07T03:31:00.3850685Z e: file:///home/runner/work/tvmime/tvmime/tvApp/src/main/java/com/tvmime/tv/sv_ui/screens/settings/SettingsStateBindings.kt:215:37 Unresolved reference: xtreamBase64TextCompatibility
Compile TV & Mobile APKs	Build Android TV & Mobile APKs	2026-09-07T03:31:00.3851355Z e: file:///home/runner/work/tvmime/tvmime/tvApp/src/main/java/com/tvmime/tv/sv_ui/screens/settings/SettingsStateBindings.kt:215:70 Cannot infer a type for this parameter. Please specify it explicitly.
Compile TV & Mobile APKs	Build Android TV & Mobile APKs	2026-09-07T03:31:00.3851976Z e: file:///home/runner/work/tvmime/tvmime/tvApp/src/main/java/com/tvmime/tv/sv_ui/screens/settings/SettingsStateBindings.kt:215:80 Cannot infer a type for this parameter. Please specify it explicitly.
Compile TV & Mobile APKs	Build Android TV & Mobile APKs	2026-09-07T03:31:00.3852507Z e: file:///home/runner/work/tvmime/tvmime/tvApp/src/main/java/com/tvmime/tv/sv_ui/screens/settings/SettingsStateBindings.kt:217:37 Unresolved reference: liveTvChannelMode
Compile TV & Mobile APKs	Build Android TV & Mobile APKs	2026-09-07T03:31:00.3853132Z e: file:///home/runner/work/tvmime/tvmime/tvApp/src/main/java/com/tvmime/tv/sv_ui/screens/settings/SettingsStateBindings.kt:217:58 Cannot infer a type for this parameter. Please specify it explicitly.
Compile TV & Mobile APKs	Build Android TV & Mobile APKs	2026-09-07T03:31:00.3853860Z e: file:///home/runner/work/tvmime/tvmime/tvApp/src/main/java/com/tvmime/tv/sv_ui/screens/settings/SettingsStateBindings.kt:217:68 Cannot infer a type for this parameter. Please specify it explicitly.
Compile TV & Mobile APKs	Build Android TV & Mobile APKs	2026-09-07T03:31:00.3854408Z e: file:///home/runner/work/tvmime/tvmime/tvApp/src/main/java/com/tvmime/tv/sv_ui/screens/settings/SettingsStateBindings.kt:219:37 Unresolved reference: showLiveSourceSwitcher
Compile TV & Mobile APKs	Build Android TV & Mobile APKs	2026-09-07T03:31:00.3855023Z e: file:///home/runner/work/tvmime/tvmime/tvApp/src/main/java/com/tvmime/tv/sv_ui/screens/settings/SettingsStateBindings.kt:219:63 Cannot infer a type for this parameter. Please specify it explicitly.
Compile TV & Mobile APKs	Build Android TV & Mobile APKs	2026-09-07T03:31:00.3855636Z e: file:///home/runner/work/tvmime/tvmime/tvApp/src/main/java/com/tvmime/tv/sv_ui/screens/settings/SettingsStateBindings.kt:219:73 Cannot infer a type for this parameter. Please specify it explicitly.
Compile TV & Mobile APKs	Build Android TV & Mobile APKs	2026-09-07T03:31:00.3856257Z e: file:///home/runner/work/tvmime/tvmime/tvApp/src/main/java/com/tvmime/tv/sv_ui/screens/settings/SettingsStateBindings.kt:221:62 Cannot infer a type for this parameter. Please specify it explicitly.
Compile TV & Mobile APKs	Build Android TV & Mobile APKs	2026-09-07T03:31:00.3856876Z e: file:///home/runner/work/tvmime/tvmime/tvApp/src/main/java/com/tvmime/tv/sv_ui/screens/settings/SettingsStateBindings.kt:221:72 Cannot infer a type for this parameter. Please specify it explicitly.
Compile TV & Mobile APKs	Build Android TV & Mobile APKs	2026-09-07T03:31:00.3857424Z e: file:///home/runner/work/tvmime/tvmime/tvApp/src/main/java/com/tvmime/tv/sv_ui/screens/settings/SettingsStateBindings.kt:223:37 Unresolved reference: showAllChannelsCategory
Compile TV & Mobile APKs	Build Android TV & Mobile APKs	2026-09-07T03:31:00.3858040Z e: file:///home/runner/work/tvmime/tvmime/tvApp/src/main/java/com/tvmime/tv/sv_ui/screens/settings/SettingsStateBindings.kt:223:64 Cannot infer a type for this parameter. Please specify it explicitly.
Compile TV & Mobile APKs	Build Android TV & Mobile APKs	2026-09-07T03:31:00.3858663Z e: file:///home/runner/work/tvmime/tvmime/tvApp/src/main/java/com/tvmime/tv/sv_ui/screens/settings/SettingsStateBindings.kt:223:74 Cannot infer a type for this parameter. Please specify it explicitly.
Compile TV & Mobile APKs	Build Android TV & Mobile APKs	2026-09-07T03:31:00.3859220Z e: file:///home/runner/work/tvmime/tvmime/tvApp/src/main/java/com/tvmime/tv/sv_ui/screens/settings/SettingsStateBindings.kt:225:37 Unresolved reference: showRecentChannelsCategory
Compile TV & Mobile APKs	Build Android TV & Mobile APKs	2026-09-07T03:31:00.3859961Z e: file:///home/runner/work/tvmime/tvmime/tvApp/src/main/java/com/tvmime/tv/sv_ui/screens/settings/SettingsStateBindings.kt:225:67 Cannot infer a type for this parameter. Please specify it explicitly.
Compile TV & Mobile APKs	Build Android TV & Mobile APKs	2026-09-07T03:31:00.3860695Z e: file:///home/runner/work/tvmime/tvmime/tvApp/src/main/java/com/tvmime/tv/sv_ui/screens/settings/SettingsStateBindings.kt:225:77 Cannot infer a type for this parameter. Please specify it explicitly.
Compile TV & Mobile APKs	Build Android TV & Mobile APKs	2026-09-07T03:31:00.3861314Z e: file:///home/runner/work/tvmime/tvmime/tvApp/src/main/java/com/tvmime/tv/sv_ui/screens/settings/SettingsStateBindings.kt:227:66 Cannot infer a type for this parameter. Please specify it explicitly.
Compile TV & Mobile APKs	Build Android TV & Mobile APKs	2026-09-07T03:31:00.3862119Z e: file:///home/runner/work/tvmime/tvmime/tvApp/src/main/java/com/tvmime/tv/sv_ui/screens/settings/SettingsStateBindings.kt:227:76 Cannot infer a type for this parameter. Please specify it explicitly.
Compile TV & Mobile APKs	Build Android TV & Mobile APKs	2026-09-07T03:31:00.3862670Z e: file:///home/runner/work/tvmime/tvmime/tvApp/src/main/java/com/tvmime/tv/sv_ui/screens/settings/SettingsStateBindings.kt:229:37 Unresolved reference: liveTvCategoryFilters
Compile TV & Mobile APKs	Build Android TV & Mobile APKs	2026-09-07T03:31:00.3863287Z e: file:///home/runner/work/tvmime/tvmime/tvApp/src/main/java/com/tvmime/tv/sv_ui/screens/settings/SettingsStateBindings.kt:229:62 Cannot infer a type for this parameter. Please specify it explicitly.
Compile TV & Mobile APKs	Build Android TV & Mobile APKs	2026-09-07T03:31:00.3863906Z e: file:///home/runner/work/tvmime/tvmime/tvApp/src/main/java/com/tvmime/tv/sv_ui/screens/settings/SettingsStateBindings.kt:229:72 Cannot infer a type for this parameter. Please specify it explicitly.
Compile TV & Mobile APKs	Build Android TV & Mobile APKs	2026-09-07T03:31:00.3864462Z e: file:///home/runner/work/tvmime/tvmime/tvApp/src/main/java/com/tvmime/tv/sv_ui/screens/settings/SettingsStateBindings.kt:231:37 Unresolved reference: liveTvQuickFilterVisibility
Compile TV & Mobile APKs	Build Android TV & Mobile APKs	2026-09-07T03:31:00.3865080Z e: file:///home/runner/work/tvmime/tvmime/tvApp/src/main/java/com/tvmime/tv/sv_ui/screens/settings/SettingsStateBindings.kt:231:68 Cannot infer a type for this parameter. Please specify it explicitly.
Compile TV & Mobile APKs	Build Android TV & Mobile APKs	2026-09-07T03:31:00.3865807Z e: file:///home/runner/work/tvmime/tvmime/tvApp/src/main/java/com/tvmime/tv/sv_ui/screens/settings/SettingsStateBindings.kt:231:78 Cannot infer a type for this parameter. Please specify it explicitly.
Compile TV & Mobile APKs	Build Android TV & Mobile APKs	2026-09-07T03:31:00.3866348Z e: file:///home/runner/work/tvmime/tvmime/tvApp/src/main/java/com/tvmime/tv/sv_ui/screens/settings/SettingsStateBindings.kt:235:37 Unresolved reference: hideDecorativeLiveRows
Compile TV & Mobile APKs	Build Android TV & Mobile APKs	2026-09-07T03:31:00.3866963Z e: file:///home/runner/work/tvmime/tvmime/tvApp/src/main/java/com/tvmime/tv/sv_ui/screens/settings/SettingsStateBindings.kt:235:63 Cannot infer a type for this parameter. Please specify it explicitly.
Compile TV & Mobile APKs	Build Android TV & Mobile APKs	2026-09-07T03:31:00.3867592Z e: file:///home/runner/work/tvmime/tvmime/tvApp/src/main/java/com/tvmime/tv/sv_ui/screens/settings/SettingsStateBindings.kt:235:73 Cannot infer a type for this parameter. Please specify it explicitly.
Compile TV & Mobile APKs	Build Android TV & Mobile APKs	2026-09-07T03:31:00.3868149Z e: file:///home/runner/work/tvmime/tvmime/tvApp/src/main/java/com/tvmime/tv/sv_ui/screens/settings/SettingsStateBindings.kt:237:37 Unresolved reference: liveChannelNumberingMode
Compile TV & Mobile APKs	Build Android TV & Mobile APKs	2026-09-07T03:31:00.3868767Z e: file:///home/runner/work/tvmime/tvmime/tvApp/src/main/java/com/tvmime/tv/sv_ui/screens/settings/SettingsStateBindings.kt:237:65 Cannot infer a type for this parameter. Please specify it explicitly.
Compile TV & Mobile APKs	Build Android TV & Mobile APKs	2026-09-07T03:31:00.3869380Z e: file:///home/runner/work/tvmime/tvmime/tvApp/src/main/java/com/tvmime/tv/sv_ui/screens/settings/SettingsStateBindings.kt:237:75 Cannot infer a type for this parameter. Please specify it explicitly.
Compile TV & Mobile APKs	Build Android TV & Mobile APKs	2026-09-07T03:31:00.3870063Z e: file:///home/runner/work/tvmime/tvmime/tvApp/src/main/java/com/tvmime/tv/sv_ui/screens/settings/SettingsStateBindings.kt:239:37 Unresolved reference: liveChannelGroupingMode
Compile TV & Mobile APKs	Build Android TV & Mobile APKs	2026-09-07T03:31:00.3870688Z e: file:///home/runner/work/tvmime/tvmime/tvApp/src/main/java/com/tvmime/tv/sv_ui/screens/settings/SettingsStateBindings.kt:239:64 Cannot infer a type for this parameter. Please specify it explicitly.
Compile TV & Mobile APKs	Build Android TV & Mobile APKs	2026-09-07T03:31:00.3871300Z e: file:///home/runner/work/tvmime/tvmime/tvApp/src/main/java/com/tvmime/tv/sv_ui/screens/settings/SettingsStateBindings.kt:239:74 Cannot infer a type for this parameter. Please specify it explicitly.
Compile TV & Mobile APKs	Build Android TV & Mobile APKs	2026-09-07T03:31:00.3871847Z e: file:///home/runner/work/tvmime/tvmime/tvApp/src/main/java/com/tvmime/tv/sv_ui/screens/settings/SettingsStateBindings.kt:241:37 Unresolved reference: groupedChannelLabelMode
Compile TV & Mobile APKs	Build Android TV & Mobile APKs	2026-09-07T03:31:00.3872464Z e: file:///home/runner/work/tvmime/tvmime/tvApp/src/main/java/com/tvmime/tv/sv_ui/screens/settings/SettingsStateBindings.kt:241:64 Cannot infer a type for this parameter. Please specify it explicitly.
Compile TV & Mobile APKs	Build Android TV & Mobile APKs	2026-09-07T03:31:00.3873252Z e: file:///home/runner/work/tvmime/tvmime/tvApp/src/main/java/com/tvmime/tv/sv_ui/screens/settings/SettingsStateBindings.kt:241:74 Cannot infer a type for this parameter. Please specify it explicitly.
Compile TV & Mobile APKs	Build Android TV & Mobile APKs	2026-09-07T03:31:00.3873815Z e: file:///home/runner/work/tvmime/tvmime/tvApp/src/main/java/com/tvmime/tv/sv_ui/screens/settings/SettingsStateBindings.kt:243:37 Unresolved reference: liveVariantPreferenceMode
Compile TV & Mobile APKs	Build Android TV & Mobile APKs	2026-09-07T03:31:00.3874431Z e: file:///home/runner/work/tvmime/tvmime/tvApp/src/main/java/com/tvmime/tv/sv_ui/screens/settings/SettingsStateBindings.kt:243:66 Cannot infer a type for this parameter. Please specify it explicitly.
Compile TV & Mobile APKs	Build Android TV & Mobile APKs	2026-09-07T03:31:00.3875039Z e: file:///home/runner/work/tvmime/tvmime/tvApp/src/main/java/com/tvmime/tv/sv_ui/screens/settings/SettingsStateBindings.kt:243:76 Cannot infer a type for this parameter. Please specify it explicitly.
Compile TV & Mobile APKs	Build Android TV & Mobile APKs	2026-09-07T03:31:00.3875552Z e: file:///home/runner/work/tvmime/tvmime/tvApp/src/main/java/com/tvmime/tv/sv_ui/screens/settings/SettingsStateBindings.kt:245:37 Unresolved reference: vodViewMode
Compile TV & Mobile APKs	Build Android TV & Mobile APKs	2026-09-07T03:31:00.3876182Z e: file:///home/runner/work/tvmime/tvmime/tvApp/src/main/java/com/tvmime/tv/sv_ui/screens/settings/SettingsStateBindings.kt:245:52 Cannot infer a type for this parameter. Please specify it explicitly.
Compile TV & Mobile APKs	Build Android TV & Mobile APKs	2026-09-07T03:31:00.3876905Z e: file:///home/runner/work/tvmime/tvmime/tvApp/src/main/java/com/tvmime/tv/sv_ui/screens/settings/SettingsStateBindings.kt:245:62 Cannot infer a type for this parameter. Please specify it explicitly.
Compile TV & Mobile APKs	Build Android TV & Mobile APKs	2026-09-07T03:31:00.3877441Z e: file:///home/runner/work/tvmime/tvmime/tvApp/src/main/java/com/tvmime/tv/sv_ui/screens/settings/SettingsStateBindings.kt:247:37 Unresolved reference: vodCategoryLoadMode
Compile TV & Mobile APKs	Build Android TV & Mobile APKs	2026-09-07T03:31:00.3878055Z e: file:///home/runner/work/tvmime/tvmime/tvApp/src/main/java/com/tvmime/tv/sv_ui/screens/settings/SettingsStateBindings.kt:247:60 Cannot infer a type for this parameter. Please specify it explicitly.
Compile TV & Mobile APKs	Build Android TV & Mobile APKs	2026-09-07T03:31:00.3878662Z e: file:///home/runner/work/tvmime/tvmime/tvApp/src/main/java/com/tvmime/tv/sv_ui/screens/settings/SettingsStateBindings.kt:247:70 Cannot infer a type for this parameter. Please specify it explicitly.
Compile TV & Mobile APKs	Build Android TV & Mobile APKs	2026-09-07T03:31:00.3879196Z e: file:///home/runner/work/tvmime/tvmime/tvApp/src/main/java/com/tvmime/tv/sv_ui/screens/settings/SettingsStateBindings.kt:249:37 Unresolved reference: vodInfiniteScroll
Compile TV & Mobile APKs	Build Android TV & Mobile APKs	2026-09-07T03:31:00.3879931Z e: file:///home/runner/work/tvmime/tvmime/tvApp/src/main/java/com/tvmime/tv/sv_ui/screens/settings/SettingsStateBindings.kt:249:58 Cannot infer a type for this parameter. Please specify it explicitly.
Compile TV & Mobile APKs	Build Android TV & Mobile APKs	2026-09-07T03:31:00.3880547Z e: file:///home/runner/work/tvmime/tvmime/tvApp/src/main/java/com/tvmime/tv/sv_ui/screens/settings/SettingsStateBindings.kt:249:68 Cannot infer a type for this parameter. Please specify it explicitly.
Compile TV & Mobile APKs	Build Android TV & Mobile APKs	2026-09-07T03:31:00.3881100Z e: file:///home/runner/work/tvmime/tvmime/tvApp/src/main/java/com/tvmime/tv/sv_ui/screens/settings/SettingsStateBindings.kt:251:37 Unresolved reference: vodDuplicateHandlingMode
Compile TV & Mobile APKs	Build Android TV & Mobile APKs	2026-09-07T03:31:00.3881715Z e: file:///home/runner/work/tvmime/tvmime/tvApp/src/main/java/com/tvmime/tv/sv_ui/screens/settings/SettingsStateBindings.kt:251:65 Cannot infer a type for this parameter. Please specify it explicitly.
Compile TV & Mobile APKs	Build Android TV & Mobile APKs	2026-09-07T03:31:00.3882331Z e: file:///home/runner/work/tvmime/tvmime/tvApp/src/main/java/com/tvmime/tv/sv_ui/screens/settings/SettingsStateBindings.kt:251:75 Cannot infer a type for this parameter. Please specify it explicitly.
Compile TV & Mobile APKs	Build Android TV & Mobile APKs	2026-09-07T03:31:00.3882880Z e: file:///home/runner/work/tvmime/tvmime/tvApp/src/main/java/com/tvmime/tv/sv_ui/screens/settings/SettingsStateBindings.kt:253:37 Unresolved reference: vodVariantPreferenceMode
Compile TV & Mobile APKs	Build Android TV & Mobile APKs	2026-09-07T03:31:00.3883491Z e: file:///home/runner/work/tvmime/tvmime/tvApp/src/main/java/com/tvmime/tv/sv_ui/screens/settings/SettingsStateBindings.kt:253:65 Cannot infer a type for this parameter. Please specify it explicitly.
Compile TV & Mobile APKs	Build Android TV & Mobile APKs	2026-09-07T03:31:00.3884104Z e: file:///home/runner/work/tvmime/tvmime/tvApp/src/main/java/com/tvmime/tv/sv_ui/screens/settings/SettingsStateBindings.kt:253:75 Cannot infer a type for this parameter. Please specify it explicitly.
Compile TV & Mobile APKs	Build Android TV & Mobile APKs	2026-09-07T03:31:00.3884769Z e: file:///home/runner/work/tvmime/tvmime/tvApp/src/main/java/com/tvmime/tv/sv_ui/screens/settings/SettingsStateBindings.kt:255:37 Unresolved reference: guideDefaultCategoryId
Compile TV & Mobile APKs	Build Android TV & Mobile APKs	2026-09-07T03:31:00.3885381Z e: file:///home/runner/work/tvmime/tvmime/tvApp/src/main/java/com/tvmime/tv/sv_ui/screens/settings/SettingsStateBindings.kt:255:63 Cannot infer a type for this parameter. Please specify it explicitly.
Compile TV & Mobile APKs	Build Android TV & Mobile APKs	2026-09-07T03:31:00.3885996Z e: file:///home/runner/work/tvmime/tvmime/tvApp/src/main/java/com/tvmime/tv/sv_ui/screens/settings/SettingsStateBindings.kt:255:73 Cannot infer a type for this parameter. Please specify it explicitly.
Compile TV & Mobile APKs	Build Android TV & Mobile APKs	2026-09-07T03:31:00.3886613Z e: file:///home/runner/work/tvmime/tvmime/tvApp/src/main/java/com/tvmime/tv/sv_ui/screens/settings/SettingsStateBindings.kt:257:69 Cannot infer a type for this parameter. Please specify it explicitly.
Compile TV & Mobile APKs	Build Android TV & Mobile APKs	2026-09-07T03:31:00.3887220Z e: file:///home/runner/work/tvmime/tvmime/tvApp/src/main/java/com/tvmime/tv/sv_ui/screens/settings/SettingsStateBindings.kt:257:79 Cannot infer a type for this parameter. Please specify it explicitly.
Compile TV & Mobile APKs	Build Android TV & Mobile APKs	2026-09-07T03:31:00.3887841Z e: file:///home/runner/work/tvmime/tvmime/tvApp/src/main/java/com/tvmime/tv/sv_ui/screens/settings/SettingsStateBindings.kt:259:54 Cannot infer a type for this parameter. Please specify it explicitly.
Compile TV & Mobile APKs	Build Android TV & Mobile APKs	2026-09-07T03:31:00.3888559Z e: file:///home/runner/work/tvmime/tvmime/tvApp/src/main/java/com/tvmime/tv/sv_ui/screens/settings/SettingsStateBindings.kt:259:64 Cannot infer a type for this parameter. Please specify it explicitly.
Compile TV & Mobile APKs	Build Android TV & Mobile APKs	2026-09-07T03:31:00.3889099Z e: file:///home/runner/work/tvmime/tvmime/tvApp/src/main/java/com/tvmime/tv/sv_ui/screens/settings/SettingsStateBindings.kt:261:37 Unresolved reference: autoPlayNextEpisode
Compile TV & Mobile APKs	Build Android TV & Mobile APKs	2026-09-07T03:31:00.3889714Z e: file:///home/runner/work/tvmime/tvmime/tvApp/src/main/java/com/tvmime/tv/sv_ui/screens/settings/SettingsStateBindings.kt:261:60 Cannot infer a type for this parameter. Please specify it explicitly.
Compile TV & Mobile APKs	Build Android TV & Mobile APKs	2026-09-07T03:31:00.3890446Z e: file:///home/runner/work/tvmime/tvmime/tvApp/src/main/java/com/tvmime/tv/sv_ui/screens/settings/SettingsStateBindings.kt:261:70 Cannot infer a type for this parameter. Please specify it explicitly.
Compile TV & Mobile APKs	Build Android TV & Mobile APKs	2026-09-07T03:31:00.3890995Z e: file:///home/runner/work/tvmime/tvmime/tvApp/src/main/java/com/tvmime/tv/sv_ui/screens/settings/SettingsStateBindings.kt:263:37 Unresolved reference: autoCheckAppUpdates
Compile TV & Mobile APKs	Build Android TV & Mobile APKs	2026-09-07T03:31:00.3891606Z e: file:///home/runner/work/tvmime/tvmime/tvApp/src/main/java/com/tvmime/tv/sv_ui/screens/settings/SettingsStateBindings.kt:263:60 Cannot infer a type for this parameter. Please specify it explicitly.
Compile TV & Mobile APKs	Build Android TV & Mobile APKs	2026-09-07T03:31:00.3892213Z e: file:///home/runner/work/tvmime/tvmime/tvApp/src/main/java/com/tvmime/tv/sv_ui/screens/settings/SettingsStateBindings.kt:263:70 Cannot infer a type for this parameter. Please specify it explicitly.
Compile TV & Mobile APKs	Build Android TV & Mobile APKs	2026-09-07T03:31:00.3892759Z e: file:///home/runner/work/tvmime/tvmime/tvApp/src/main/java/com/tvmime/tv/sv_ui/screens/settings/SettingsStateBindings.kt:265:37 Unresolved reference: autoDownloadAppUpdates
Compile TV & Mobile APKs	Build Android TV & Mobile APKs	2026-09-07T03:31:00.3893378Z e: file:///home/runner/work/tvmime/tvmime/tvApp/src/main/java/com/tvmime/tv/sv_ui/screens/settings/SettingsStateBindings.kt:265:63 Cannot infer a type for this parameter. Please specify it explicitly.
Compile TV & Mobile APKs	Build Android TV & Mobile APKs	2026-09-07T03:31:00.3893989Z e: file:///home/runner/work/tvmime/tvmime/tvApp/src/main/java/com/tvmime/tv/sv_ui/screens/settings/SettingsStateBindings.kt:265:73 Cannot infer a type for this parameter. Please specify it explicitly.
Compile TV & Mobile APKs	Build Android TV & Mobile APKs	2026-09-07T03:31:00.3894556Z e: file:///home/runner/work/tvmime/tvmime/tvApp/src/main/java/com/tvmime/tv/sv_ui/screens/settings/SettingsStateBindings.kt:267:37 Unresolved reference: lastAppUpdateCheckTimestamp
Compile TV & Mobile APKs	Build Android TV & Mobile APKs	2026-09-07T03:31:00.3895168Z e: file:///home/runner/work/tvmime/tvmime/tvApp/src/main/java/com/tvmime/tv/sv_ui/screens/settings/SettingsStateBindings.kt:267:68 Cannot infer a type for this parameter. Please specify it explicitly.
Compile TV & Mobile APKs	Build Android TV & Mobile APKs	2026-09-07T03:31:00.3895948Z e: file:///home/runner/work/tvmime/tvmime/tvApp/src/main/java/com/tvmime/tv/sv_ui/screens/settings/SettingsStateBindings.kt:267:78 Cannot infer a type for this parameter. Please specify it explicitly.
Compile TV & Mobile APKs	Build Android TV & Mobile APKs	2026-09-07T03:31:00.3896518Z e: file:///home/runner/work/tvmime/tvmime/tvApp/src/main/java/com/tvmime/tv/sv_ui/screens/settings/SettingsStateBindings.kt:269:37 Unresolved reference: cachedAppUpdateVersionName
Compile TV & Mobile APKs	Build Android TV & Mobile APKs	2026-09-07T03:31:00.3897129Z e: file:///home/runner/work/tvmime/tvmime/tvApp/src/main/java/com/tvmime/tv/sv_ui/screens/settings/SettingsStateBindings.kt:269:67 Cannot infer a type for this parameter. Please specify it explicitly.
Compile TV & Mobile APKs	Build Android TV & Mobile APKs	2026-09-07T03:31:00.3897740Z e: file:///home/runner/work/tvmime/tvmime/tvApp/src/main/java/com/tvmime/tv/sv_ui/screens/settings/SettingsStateBindings.kt:269:77 Cannot infer a type for this parameter. Please specify it explicitly.
Compile TV & Mobile APKs	Build Android TV & Mobile APKs	2026-09-07T03:31:00.3898301Z e: file:///home/runner/work/tvmime/tvmime/tvApp/src/main/java/com/tvmime/tv/sv_ui/screens/settings/SettingsStateBindings.kt:271:37 Unresolved reference: cachedAppUpdateVersionCode
Compile TV & Mobile APKs	Build Android TV & Mobile APKs	2026-09-07T03:31:00.3898916Z e: file:///home/runner/work/tvmime/tvmime/tvApp/src/main/java/com/tvmime/tv/sv_ui/screens/settings/SettingsStateBindings.kt:271:67 Cannot infer a type for this parameter. Please specify it explicitly.
Compile TV & Mobile APKs	Build Android TV & Mobile APKs	2026-09-07T03:31:00.3899641Z e: file:///home/runner/work/tvmime/tvmime/tvApp/src/main/java/com/tvmime/tv/sv_ui/screens/settings/SettingsStateBindings.kt:271:77 Cannot infer a type for this parameter. Please specify it explicitly.
Compile TV & Mobile APKs	Build Android TV & Mobile APKs	2026-09-07T03:31:00.3900437Z e: file:///home/runner/work/tvmime/tvmime/tvApp/src/main/java/com/tvmime/tv/sv_ui/screens/settings/SettingsStateBindings.kt:273:37 Unresolved reference: cachedAppUpdateReleaseUrl
Compile TV & Mobile APKs	Build Android TV & Mobile APKs	2026-09-07T03:31:00.3901064Z e: file:///home/runner/work/tvmime/tvmime/tvApp/src/main/java/com/tvmime/tv/sv_ui/screens/settings/SettingsStateBindings.kt:273:66 Cannot infer a type for this parameter. Please specify it explicitly.
Compile TV & Mobile APKs	Build Android TV & Mobile APKs	2026-09-07T03:31:00.3901686Z e: file:///home/runner/work/tvmime/tvmime/tvApp/src/main/java/com/tvmime/tv/sv_ui/screens/settings/SettingsStateBindings.kt:273:76 Cannot infer a type for this parameter. Please specify it explicitly.
Compile TV & Mobile APKs	Build Android TV & Mobile APKs	2026-09-07T03:31:00.3902246Z e: file:///home/runner/work/tvmime/tvmime/tvApp/src/main/java/com/tvmime/tv/sv_ui/screens/settings/SettingsStateBindings.kt:275:37 Unresolved reference: cachedAppUpdateDownloadUrl
Compile TV & Mobile APKs	Build Android TV & Mobile APKs	2026-09-07T03:31:00.3902856Z e: file:///home/runner/work/tvmime/tvmime/tvApp/src/main/java/com/tvmime/tv/sv_ui/screens/settings/SettingsStateBindings.kt:275:67 Cannot infer a type for this parameter. Please specify it explicitly.
Compile TV & Mobile APKs	Build Android TV & Mobile APKs	2026-09-07T03:31:00.3903468Z e: file:///home/runner/work/tvmime/tvmime/tvApp/src/main/java/com/tvmime/tv/sv_ui/screens/settings/SettingsStateBindings.kt:275:77 Cannot infer a type for this parameter. Please specify it explicitly.
Compile TV & Mobile APKs	Build Android TV & Mobile APKs	2026-09-07T03:31:00.3904036Z e: file:///home/runner/work/tvmime/tvmime/tvApp/src/main/java/com/tvmime/tv/sv_ui/screens/settings/SettingsStateBindings.kt:277:37 Unresolved reference: cachedAppUpdateDownloadSha256
Compile TV & Mobile APKs	Build Android TV & Mobile APKs	2026-09-07T03:31:00.3904652Z e: file:///home/runner/work/tvmime/tvmime/tvApp/src/main/java/com/tvmime/tv/sv_ui/screens/settings/SettingsStateBindings.kt:277:70 Cannot infer a type for this parameter. Please specify it explicitly.
Compile TV & Mobile APKs	Build Android TV & Mobile APKs	2026-09-07T03:31:00.3905270Z e: file:///home/runner/work/tvmime/tvmime/tvApp/src/main/java/com/tvmime/tv/sv_ui/screens/settings/SettingsStateBindings.kt:277:80 Cannot infer a type for this parameter. Please specify it explicitly.
Compile TV & Mobile APKs	Build Android TV & Mobile APKs	2026-09-07T03:31:00.3905851Z e: file:///home/runner/work/tvmime/tvmime/tvApp/src/main/java/com/tvmime/tv/sv_ui/screens/settings/SettingsStateBindings.kt:279:37 Unresolved reference: cachedAppUpdateReleaseNotes
Compile TV & Mobile APKs	Build Android TV & Mobile APKs	2026-09-07T03:31:00.3906465Z e: file:///home/runner/work/tvmime/tvmime/tvApp/src/main/java/com/tvmime/tv/sv_ui/screens/settings/SettingsStateBindings.kt:279:68 Cannot infer a type for this parameter. Please specify it explicitly.
Compile TV & Mobile APKs	Build Android TV & Mobile APKs	2026-09-07T03:31:00.3907077Z e: file:///home/runner/work/tvmime/tvmime/tvApp/src/main/java/com/tvmime/tv/sv_ui/screens/settings/SettingsStateBindings.kt:279:78 Cannot infer a type for this parameter. Please specify it explicitly.
Compile TV & Mobile APKs	Build Android TV & Mobile APKs	2026-09-07T03:31:00.3907773Z e: file:///home/runner/work/tvmime/tvmime/tvApp/src/main/java/com/tvmime/tv/sv_ui/screens/settings/SettingsStateBindings.kt:281:37 Unresolved reference: cachedAppUpdatePublishedAt
Compile TV & Mobile APKs	Build Android TV & Mobile APKs	2026-09-07T03:31:00.3908390Z e: file:///home/runner/work/tvmime/tvmime/tvApp/src/main/java/com/tvmime/tv/sv_ui/screens/settings/SettingsStateBindings.kt:281:67 Cannot infer a type for this parameter. Please specify it explicitly.
Compile TV & Mobile APKs	Build Android TV & Mobile APKs	2026-09-07T03:31:00.3908997Z e: file:///home/runner/work/tvmime/tvmime/tvApp/src/main/java/com/tvmime/tv/sv_ui/screens/settings/SettingsStateBindings.kt:281:77 Cannot infer a type for this parameter. Please specify it explicitly.
Compile TV & Mobile APKs	Build Android TV & Mobile APKs	2026-09-07T03:31:00.3909550Z e: file:///home/runner/work/tvmime/tvmime/tvApp/src/main/java/com/tvmime/tv/sv_ui/screens/settings/SettingsSyncActions.kt:6:36 Unresolved reference: TvInputCatalogRefreshWorker
Compile TV & Mobile APKs	Build Android TV & Mobile APKs	2026-09-07T03:31:00.3910155Z e: file:///home/runner/work/tvmime/tvmime/tvApp/src/main/java/com/tvmime/tv/sv_ui/screens/settings/SettingsSyncActions.kt:113:64 Unresolved reference: EPG
Compile TV & Mobile APKs	Build Android TV & Mobile APKs	2026-09-07T03:31:00.3910642Z e: file:///home/runner/work/tvmime/tvmime/tvApp/src/main/java/com/tvmime/tv/sv_ui/screens/settings/SettingsSyncActions.kt:114:67 Unresolved reference: MOVIES
Compile TV & Mobile APKs	Build Android TV & Mobile APKs	2026-09-07T03:31:00.3911235Z e: file:///home/runner/work/tvmime/tvmime/tvApp/src/main/java/com/tvmime/tv/sv_ui/screens/settings/SettingsSyncActions.kt:115:67 Unresolved reference: SERIES
Compile TV & Mobile APKs	Build Android TV & Mobile APKs	2026-09-07T03:31:00.3911735Z e: file:///home/runner/work/tvmime/tvmime/tvApp/src/main/java/com/tvmime/tv/sv_ui/screens/settings/SettingsSyncActions.kt:117:38 Unresolved reference: retrySection
Compile TV & Mobile APKs	Build Android TV & Mobile APKs	2026-09-07T03:31:00.3912346Z e: file:///home/runner/work/tvmime/tvmime/tvApp/src/main/java/com/tvmime/tv/sv_ui/screens/settings/SettingsSyncActions.kt:117:74 Cannot infer a type for this parameter. Please specify it explicitly.
Compile TV & Mobile APKs	Build Android TV & Mobile APKs	2026-09-07T03:31:00.3912824Z e: file:///home/runner/work/tvmime/tvmime/tvApp/src/main/java/com/tvmime/tv/sv_ui/screens/settings/SettingsSyncActions.kt:198:67 Unresolved reference: LIVE
Compile TV & Mobile APKs	Build Android TV & Mobile APKs	2026-09-07T03:31:00.3913300Z e: file:///home/runner/work/tvmime/tvmime/tvApp/src/main/java/com/tvmime/tv/sv_ui/screens/settings/SettingsSyncActions.kt:199:71 Unresolved reference: MOVIES
Compile TV & Mobile APKs	Build Android TV & Mobile APKs	2026-09-07T03:31:00.3913785Z e: file:///home/runner/work/tvmime/tvmime/tvApp/src/main/java/com/tvmime/tv/sv_ui/screens/settings/SettingsSyncActions.kt:200:71 Unresolved reference: SERIES
Compile TV & Mobile APKs	Build Android TV & Mobile APKs	2026-09-07T03:31:00.3914252Z e: file:///home/runner/work/tvmime/tvmime/tvApp/src/main/java/com/tvmime/tv/sv_ui/screens/settings/SettingsSyncActions.kt:201:68 Unresolved reference: EPG
Compile TV & Mobile APKs	Build Android TV & Mobile APKs	2026-09-07T03:31:00.3914750Z e: file:///home/runner/work/tvmime/tvmime/tvApp/src/main/java/com/tvmime/tv/sv_ui/screens/settings/SettingsSyncActions.kt:216:48 Unresolved reference: retrySection
Compile TV & Mobile APKs	Build Android TV & Mobile APKs	2026-09-07T03:31:00.3915363Z e: file:///home/runner/work/tvmime/tvmime/tvApp/src/main/java/com/tvmime/tv/sv_ui/screens/settings/SettingsSyncActions.kt:216:84 Cannot infer a type for this parameter. Please specify it explicitly.
Compile TV & Mobile APKs	Build Android TV & Mobile APKs	2026-09-07T03:31:00.3915922Z e: file:///home/runner/work/tvmime/tvmime/tvApp/src/main/java/com/tvmime/tv/sv_ui/screens/settings/SettingsSyncActions.kt:236:17 Unresolved reference: TvInputCatalogRefreshWorker
Compile TV & Mobile APKs	Build Android TV & Mobile APKs	2026-09-07T03:31:00.3916439Z e: file:///home/runner/work/tvmime/tvmime/tvApp/src/main/java/com/tvmime/tv/sv_ui/screens/settings/SettingsTimeoutValueDialog.kt:112:50 Unresolved reference: device
Compile TV & Mobile APKs	Build Android TV & Mobile APKs	2026-09-07T03:31:00.3917018Z e: file:///home/runner/work/tvmime/tvmime/tvApp/src/main/java/com/tvmime/tv/sv_ui/screens/settings/SettingsTimeoutValueDialog.kt:117:25 Not enough information to infer type variable T
Compile TV & Mobile APKs	Build Android TV & Mobile APKs	2026-09-07T03:31:00.3917824Z e: file:///home/runner/work/tvmime/tvmime/tvApp/src/main/java/com/tvmime/tv/sv_ui/screens/settings/SettingsTimeoutValueDialog.kt:117:25 Property delegate must have a 'getValue(Nothing?, KProperty<*>)' method. None of the following functions is suitable: 
Compile TV & Mobile APKs	Build Android TV & Mobile APKs	2026-09-07T03:31:00.3918333Z public inline operator fun <T> State<???>.getValue(thisObj: Any?, property: KProperty<*>): ??? defined in androidx.compose.runtime
Compile TV & Mobile APKs	Build Android TV & Mobile APKs	2026-09-07T03:31:00.3918964Z e: file:///home/runner/work/tvmime/tvmime/tvApp/src/main/java/com/tvmime/tv/sv_ui/screens/settings/SettingsTimeoutValueDialog.kt:187:51 This API is experimental and is likely to change in the future.
Compile TV & Mobile APKs	Build Android TV & Mobile APKs	2026-09-07T03:31:00.3919580Z e: file:///home/runner/work/tvmime/tvmime/tvApp/src/main/java/com/tvmime/tv/sv_ui/screens/settings/SettingsTimeoutValueDialog.kt:188:52 This API is experimental and is likely to change in the future.
Compile TV & Mobile APKs	Build Android TV & Mobile APKs	2026-09-07T03:31:00.3920182Z e: file:///home/runner/work/tvmime/tvmime/tvApp/src/main/java/com/tvmime/tv/sv_ui/screens/settings/SettingsViewModel.kt:9:28 Unresolved reference: BuildConfig
Compile TV & Mobile APKs	Build Android TV & Mobile APKs	2026-09-07T03:31:00.3920641Z e: file:///home/runner/work/tvmime/tvmime/tvApp/src/main/java/com/tvmime/tv/sv_ui/screens/settings/SettingsViewModel.kt:11:28 Unresolved reference: tv
Compile TV & Mobile APKs	Build Android TV & Mobile APKs	2026-09-07T03:31:00.3921084Z e: file:///home/runner/work/tvmime/tvmime/tvApp/src/main/java/com/tvmime/tv/sv_ui/screens/settings/SettingsViewModel.kt:12:28 Unresolved reference: tv
Compile TV & Mobile APKs	Build Android TV & Mobile APKs	2026-09-07T03:31:00.3921557Z e: file:///home/runner/work/tvmime/tvmime/tvApp/src/main/java/com/tvmime/tv/sv_ui/screens/settings/SettingsViewModel.kt:17:28 Unresolved reference: update
Compile TV & Mobile APKs	Build Android TV & Mobile APKs	2026-09-07T03:31:00.3922136Z e: file:///home/runner/work/tvmime/tvmime/tvApp/src/main/java/com/tvmime/tv/sv_ui/screens/settings/SettingsViewModel.kt:18:28 Unresolved reference: update
Compile TV & Mobile APKs	Build Android TV & Mobile APKs	2026-09-07T03:31:00.3922599Z e: file:///home/runner/work/tvmime/tvmime/tvApp/src/main/java/com/tvmime/tv/sv_ui/screens/settings/SettingsViewModel.kt:19:28 Unresolved reference: update
Compile TV & Mobile APKs	Build Android TV & Mobile APKs	2026-09-07T03:31:00.3923065Z e: file:///home/runner/work/tvmime/tvmime/tvApp/src/main/java/com/tvmime/tv/sv_ui/screens/settings/SettingsViewModel.kt:20:29 Unresolved reference: local
Compile TV & Mobile APKs	Build Android TV & Mobile APKs	2026-09-07T03:31:00.3923522Z e: file:///home/runner/work/tvmime/tvmime/tvApp/src/main/java/com/tvmime/tv/sv_ui/screens/settings/SettingsViewModel.kt:21:29 Unresolved reference: local
Compile TV & Mobile APKs	Build Android TV & Mobile APKs	2026-09-07T03:31:00.3923983Z e: file:///home/runner/work/tvmime/tvmime/tvApp/src/main/java/com/tvmime/tv/sv_ui/screens/settings/SettingsViewModel.kt:22:29 Unresolved reference: local
Compile TV & Mobile APKs	Build Android TV & Mobile APKs	2026-09-07T03:31:00.3924444Z e: file:///home/runner/work/tvmime/tvmime/tvApp/src/main/java/com/tvmime/tv/sv_ui/screens/settings/SettingsViewModel.kt:23:29 Unresolved reference: local
Compile TV & Mobile APKs	Build Android TV & Mobile APKs	2026-09-07T03:31:00.3924902Z e: file:///home/runner/work/tvmime/tvmime/tvApp/src/main/java/com/tvmime/tv/sv_ui/screens/settings/SettingsViewModel.kt:90:8 Unresolved reference: dagger
Compile TV & Mobile APKs	Build Android TV & Mobile APKs	2026-09-07T03:31:00.3925361Z e: file:///home/runner/work/tvmime/tvmime/tvApp/src/main/java/com/tvmime/tv/sv_ui/screens/settings/SettingsViewModel.kt:95:14 Unresolved reference: inject
Compile TV & Mobile APKs	Build Android TV & Mobile APKs	2026-09-07T03:31:00.3925842Z e: file:///home/runner/work/tvmime/tvmime/tvApp/src/main/java/com/tvmime/tv/sv_ui/screens/settings/SettingsViewModel.kt:99:2 Unresolved reference: HiltViewModel
Compile TV & Mobile APKs	Build Android TV & Mobile APKs	2026-09-07T03:31:00.3926312Z e: file:///home/runner/work/tvmime/tvmime/tvApp/src/main/java/com/tvmime/tv/sv_ui/screens/settings/SettingsViewModel.kt:101:26 Unresolved reference: Inject
Compile TV & Mobile APKs	Build Android TV & Mobile APKs	2026-09-07T03:31:00.3926804Z e: file:///home/runner/work/tvmime/tvmime/tvApp/src/main/java/com/tvmime/tv/sv_ui/screens/settings/SettingsViewModel.kt:109:29 Unresolved reference: ProgramDao
Compile TV & Mobile APKs	Build Android TV & Mobile APKs	2026-09-07T03:31:00.3927317Z e: file:///home/runner/work/tvmime/tvmime/tvApp/src/main/java/com/tvmime/tv/sv_ui/screens/settings/SettingsViewModel.kt:118:36 Unresolved reference: XtreamIndexJobDao
Compile TV & Mobile APKs	Build Android TV & Mobile APKs	2026-09-07T03:31:00.3927853Z e: file:///home/runner/work/tvmime/tvmime/tvApp/src/main/java/com/tvmime/tv/sv_ui/screens/settings/SettingsViewModel.kt:119:42 Unresolved reference: XtreamLiveOnboardingDao
Compile TV & Mobile APKs	Build Android TV & Mobile APKs	2026-09-07T03:31:00.3928365Z e: file:///home/runner/work/tvmime/tvmime/tvApp/src/main/java/com/tvmime/tv/sv_ui/screens/settings/SettingsViewModel.kt:122:35 Unresolved reference: WatchNextManager
Compile TV & Mobile APKs	Build Android TV & Mobile APKs	2026-09-07T03:31:00.3928916Z e: file:///home/runner/work/tvmime/tvmime/tvApp/src/main/java/com/tvmime/tv/sv_ui/screens/settings/SettingsViewModel.kt:123:49 Unresolved reference: LauncherRecommendationsManager
Compile TV & Mobile APKs	Build Android TV & Mobile APKs	2026-09-07T03:31:00.3929544Z e: file:///home/runner/work/tvmime/tvmime/tvApp/src/main/java/com/tvmime/tv/sv_ui/screens/settings/SettingsViewModel.kt:127:39 Unresolved reference: GitHubReleaseChecker
Compile TV & Mobile APKs	Build Android TV & Mobile APKs	2026-09-07T03:31:00.3930178Z e: file:///home/runner/work/tvmime/tvmime/tvApp/src/main/java/com/tvmime/tv/sv_ui/screens/settings/SettingsViewModel.kt:128:37 Unresolved reference: AppUpdateInstaller
Compile TV & Mobile APKs	Build Android TV & Mobile APKs	2026-09-07T03:31:00.3930732Z e: file:///home/runner/work/tvmime/tvmime/tvApp/src/main/java/com/tvmime/tv/sv_ui/screens/settings/SettingsViewModel.kt:139:31 Unresolved reference: playerLiveStreamFormatMode
Compile TV & Mobile APKs	Build Android TV & Mobile APKs	2026-09-07T03:31:00.3931224Z e: file:///home/runner/work/tvmime/tvmime/tvApp/src/main/java/com/tvmime/tv/sv_ui/screens/settings/SettingsViewModel.kt:256:39 Unresolved reference: latestReport
Compile TV & Mobile APKs	Build Android TV & Mobile APKs	2026-09-07T03:31:00.3931734Z e: file:///home/runner/work/tvmime/tvmime/tvApp/src/main/java/com/tvmime/tv/sv_ui/screens/settings/SettingsViewModel.kt:277:40 Unresolved reference: deleteLatestReport
Compile TV & Mobile APKs	Build Android TV & Mobile APKs	2026-09-07T03:31:00.3932256Z e: file:///home/runner/work/tvmime/tvmime/tvApp/src/main/java/com/tvmime/tv/sv_ui/screens/settings/SettingsViewModel.kt:291:49 Unresolved reference: CrashReportSummary
Compile TV & Mobile APKs	Build Android TV & Mobile APKs	2026-09-07T03:31:00.3932985Z e: file:///home/runner/work/tvmime/tvmime/tvApp/src/main/java/com/tvmime/tv/sv_ui/screens/settings/SettingsViewModel.kt:319:54 Cannot infer a type for this parameter. Please specify it explicitly.
Compile TV & Mobile APKs	Build Android TV & Mobile APKs	2026-09-07T03:31:00.3933438Z e: file:///home/runner/work/tvmime/tvmime/tvApp/src/main/java/com/tvmime/tv/sv_ui/screens/settings/SettingsViewModel.kt:321:32 Unresolved reference: it
Compile TV & Mobile APKs	Build Android TV & Mobile APKs	2026-09-07T03:31:00.3934045Z e: file:///home/runner/work/tvmime/tvmime/tvApp/src/main/java/com/tvmime/tv/sv_ui/screens/settings/SettingsViewModel.kt:322:34 Cannot infer a type for this parameter. Please specify it explicitly.
Compile TV & Mobile APKs	Build Android TV & Mobile APKs	2026-09-07T03:31:00.3934640Z e: file:///home/runner/work/tvmime/tvmime/tvApp/src/main/java/com/tvmime/tv/sv_ui/screens/settings/SettingsViewModel.kt:323:51 Cannot infer a type for this parameter. Please specify it explicitly.
Compile TV & Mobile APKs	Build Android TV & Mobile APKs	2026-09-07T03:31:00.3935104Z e: file:///home/runner/work/tvmime/tvmime/tvApp/src/main/java/com/tvmime/tv/sv_ui/screens/settings/SettingsViewModel.kt:325:37 Unresolved reference: it
Compile TV & Mobile APKs	Build Android TV & Mobile APKs	2026-09-07T03:31:00.3935596Z e: file:///home/runner/work/tvmime/tvmime/tvApp/src/main/java/com/tvmime/tv/sv_ui/screens/settings/SettingsViewModel.kt:336:68 Overload resolution ambiguity: 
Compile TV & Mobile APKs	Build Android TV & Mobile APKs	2026-09-07T03:31:00.3936192Z public operator fun <K, V> Map<out TypeVariable(K), TypeVariable(V)>.plus(pairs: Array<out Pair<TypeVariable(K), TypeVariable(V)>>): Map<TypeVariable(K), TypeVariable(V)> defined in kotlin.collections
Compile TV & Mobile APKs	Build Android TV & Mobile APKs	2026-09-07T03:31:00.3936750Z public operator fun <K, V> Map<out TypeVariable(K), TypeVariable(V)>.plus(pair: Pair<TypeVariable(K), TypeVariable(V)>): Map<TypeVariable(K), TypeVariable(V)> defined in kotlin.collections
Compile TV & Mobile APKs	Build Android TV & Mobile APKs	2026-09-07T03:31:00.3937337Z public operator fun <K, V> Map<out TypeVariable(K), TypeVariable(V)>.plus(pairs: Iterable<Pair<TypeVariable(K), TypeVariable(V)>>): Map<TypeVariable(K), TypeVariable(V)> defined in kotlin.collections
Compile TV & Mobile APKs	Build Android TV & Mobile APKs	2026-09-07T03:31:00.3937890Z public operator fun <K, V> Map<out TypeVariable(K), TypeVariable(V)>.plus(map: Map<out TypeVariable(K), TypeVariable(V)>): Map<TypeVariable(K), TypeVariable(V)> defined in kotlin.collections
Compile TV & Mobile APKs	Build Android TV & Mobile APKs	2026-09-07T03:31:00.3938479Z public operator fun <K, V> Map<out TypeVariable(K), TypeVariable(V)>.plus(pairs: Sequence<Pair<TypeVariable(K), TypeVariable(V)>>): Map<TypeVariable(K), TypeVariable(V)> defined in kotlin.collections
Compile TV & Mobile APKs	Build Android TV & Mobile APKs	2026-09-07T03:31:00.3939079Z e: file:///home/runner/work/tvmime/tvmime/tvApp/src/main/java/com/tvmime/tv/sv_ui/screens/settings/SettingsViewModel.kt:338:39 Cannot infer a type for this parameter. Please specify it explicitly.
Compile TV & Mobile APKs	Build Android TV & Mobile APKs	2026-09-07T03:31:00.3939678Z e: file:///home/runner/work/tvmime/tvmime/tvApp/src/main/java/com/tvmime/tv/sv_ui/screens/settings/SettingsViewModel.kt:339:43 Cannot infer a type for this parameter. Please specify it explicitly.
Compile TV & Mobile APKs	Build Android TV & Mobile APKs	2026-09-07T03:31:00.3940367Z e: file:///home/runner/work/tvmime/tvmime/tvApp/src/main/java/com/tvmime/tv/sv_ui/screens/settings/SettingsViewModel.kt:343:40 Unresolved reference: it
Compile TV & Mobile APKs	Build Android TV & Mobile APKs	2026-09-07T03:31:00.3940972Z e: file:///home/runner/work/tvmime/tvmime/tvApp/src/main/java/com/tvmime/tv/sv_ui/screens/settings/SettingsViewModel.kt:343:54 Unresolved reference: it
Compile TV & Mobile APKs	Build Android TV & Mobile APKs	2026-09-07T03:31:00.3941573Z e: file:///home/runner/work/tvmime/tvmime/tvApp/src/main/java/com/tvmime/tv/sv_ui/screens/settings/SettingsViewModel.kt:344:42 Cannot infer a type for this parameter. Please specify it explicitly.
Compile TV & Mobile APKs	Build Android TV & Mobile APKs	2026-09-07T03:31:00.3942177Z e: file:///home/runner/work/tvmime/tvmime/tvApp/src/main/java/com/tvmime/tv/sv_ui/screens/settings/SettingsViewModel.kt:370:67 Cannot infer a type for this parameter. Please specify it explicitly.
Compile TV & Mobile APKs	Build Android TV & Mobile APKs	2026-09-07T03:31:00.3942769Z e: file:///home/runner/work/tvmime/tvmime/tvApp/src/main/java/com/tvmime/tv/sv_ui/screens/settings/SettingsViewModel.kt:375:39 Cannot infer a type for this parameter. Please specify it explicitly.
Compile TV & Mobile APKs	Build Android TV & Mobile APKs	2026-09-07T03:31:00.3943373Z e: file:///home/runner/work/tvmime/tvmime/tvApp/src/main/java/com/tvmime/tv/sv_ui/screens/settings/SettingsViewModel.kt:376:42 Cannot infer a type for this parameter. Please specify it explicitly.
Compile TV & Mobile APKs	Build Android TV & Mobile APKs	2026-09-07T03:31:00.3943973Z e: file:///home/runner/work/tvmime/tvmime/tvApp/src/main/java/com/tvmime/tv/sv_ui/screens/settings/SettingsViewModel.kt:378:39 Cannot infer a type for this parameter. Please specify it explicitly.
Compile TV & Mobile APKs	Build Android TV & Mobile APKs	2026-09-07T03:31:00.3944674Z e: file:///home/runner/work/tvmime/tvmime/tvApp/src/main/java/com/tvmime/tv/sv_ui/screens/settings/SettingsViewModel.kt:379:42 Cannot infer a type for this parameter. Please specify it explicitly.
Compile TV & Mobile APKs	Build Android TV & Mobile APKs	2026-09-07T03:31:00.3945202Z e: file:///home/runner/work/tvmime/tvmime/tvApp/src/main/java/com/tvmime/tv/sv_ui/screens/settings/SettingsViewModel.kt:386:17 Unresolved reference: XtreamIndexJobEntity
Compile TV & Mobile APKs	Build Android TV & Mobile APKs	2026-09-07T03:31:00.3945738Z e: file:///home/runner/work/tvmime/tvmime/tvApp/src/main/java/com/tvmime/tv/sv_ui/screens/settings/SettingsViewModel.kt:456:35 Unresolved reference: setParentalControlLevel
Compile TV & Mobile APKs	Build Android TV & Mobile APKs	2026-09-07T03:31:00.3946239Z e: file:///home/runner/work/tvmime/tvmime/tvApp/src/main/java/com/tvmime/tv/sv_ui/screens/settings/SettingsViewModel.kt:462:35 Unresolved reference: setAppLanguage
Compile TV & Mobile APKs	Build Android TV & Mobile APKs	2026-09-07T03:31:00.3946794Z e: file:///home/runner/work/tvmime/tvmime/tvApp/src/main/java/com/tvmime/tv/sv_ui/screens/settings/SettingsViewModel.kt:468:35 Unresolved reference: setAppLandingDestination
Compile TV & Mobile APKs	Build Android TV & Mobile APKs	2026-09-07T03:31:00.3947338Z e: file:///home/runner/work/tvmime/tvmime/tvApp/src/main/java/com/tvmime/tv/sv_ui/screens/settings/SettingsViewModel.kt:485:35 Unresolved reference: setAppTopLevelDestinations
Compile TV & Mobile APKs	Build Android TV & Mobile APKs	2026-09-07T03:31:00.3947869Z e: file:///home/runner/work/tvmime/tvmime/tvApp/src/main/java/com/tvmime/tv/sv_ui/screens/settings/SettingsViewModel.kt:487:39 Unresolved reference: setAppLandingDestination
Compile TV & Mobile APKs	Build Android TV & Mobile APKs	2026-09-07T03:31:00.3948409Z e: file:///home/runner/work/tvmime/tvmime/tvApp/src/main/java/com/tvmime/tv/sv_ui/screens/settings/SettingsViewModel.kt:502:35 Unresolved reference: setAppHomeDashboardShelves
Compile TV & Mobile APKs	Build Android TV & Mobile APKs	2026-09-07T03:31:00.3948947Z e: file:///home/runner/work/tvmime/tvmime/tvApp/src/main/java/com/tvmime/tv/sv_ui/screens/settings/SettingsViewModel.kt:510:35 Unresolved reference: setAppHomeDashboardShelves
Compile TV & Mobile APKs	Build Android TV & Mobile APKs	2026-09-07T03:31:00.3949467Z e: file:///home/runner/work/tvmime/tvmime/tvApp/src/main/java/com/tvmime/tv/sv_ui/screens/settings/SettingsViewModel.kt:516:35 Unresolved reference: setLiveTvChannelMode
Compile TV & Mobile APKs	Build Android TV & Mobile APKs	2026-09-07T03:31:00.3950128Z e: file:///home/runner/work/tvmime/tvmime/tvApp/src/main/java/com/tvmime/tv/sv_ui/screens/settings/SettingsViewModel.kt:522:35 Unresolved reference: setShowLiveSourceSwitcher
Compile TV & Mobile APKs	Build Android TV & Mobile APKs	2026-09-07T03:31:00.3950668Z e: file:///home/runner/work/tvmime/tvmime/tvApp/src/main/java/com/tvmime/tv/sv_ui/screens/settings/SettingsViewModel.kt:528:35 Unresolved reference: setShowAllChannelsCategory
Compile TV & Mobile APKs	Build Android TV & Mobile APKs	2026-09-07T03:31:00.3951233Z e: file:///home/runner/work/tvmime/tvmime/tvApp/src/main/java/com/tvmime/tv/sv_ui/screens/settings/SettingsViewModel.kt:534:35 Unresolved reference: setShowFavoritesCategory
Compile TV & Mobile APKs	Build Android TV & Mobile APKs	2026-09-07T03:31:00.3951903Z e: file:///home/runner/work/tvmime/tvmime/tvApp/src/main/java/com/tvmime/tv/sv_ui/screens/settings/SettingsViewModel.kt:540:35 Unresolved reference: setShowRecentChannelsCategory
Compile TV & Mobile APKs	Build Android TV & Mobile APKs	2026-09-07T03:31:00.3952441Z e: file:///home/runner/work/tvmime/tvmime/tvApp/src/main/java/com/tvmime/tv/sv_ui/screens/settings/SettingsViewModel.kt:550:35 Unresolved reference: setRemoteShortcutSelection
Compile TV & Mobile APKs	Build Android TV & Mobile APKs	2026-09-07T03:31:00.3952997Z e: file:///home/runner/work/tvmime/tvmime/tvApp/src/main/java/com/tvmime/tv/sv_ui/screens/settings/SettingsViewModel.kt:556:35 Unresolved reference: setLiveTvQuickFilterVisibility
Compile TV & Mobile APKs	Build Android TV & Mobile APKs	2026-09-07T03:31:00.3953521Z e: file:///home/runner/work/tvmime/tvmime/tvApp/src/main/java/com/tvmime/tv/sv_ui/screens/settings/SettingsViewModel.kt:576:39 Unresolved reference: addLiveTvCategoryFilter
Compile TV & Mobile APKs	Build Android TV & Mobile APKs	2026-09-07T03:31:00.3954064Z e: file:///home/runner/work/tvmime/tvmime/tvApp/src/main/java/com/tvmime/tv/sv_ui/screens/settings/SettingsViewModel.kt:587:39 Unresolved reference: removeLiveTvCategoryFilter
Compile TV & Mobile APKs	Build Android TV & Mobile APKs	2026-09-07T03:31:00.3954611Z e: file:///home/runner/work/tvmime/tvmime/tvApp/src/main/java/com/tvmime/tv/sv_ui/screens/settings/SettingsViewModel.kt:597:35 Unresolved reference: setLiveChannelNumberingMode
Compile TV & Mobile APKs	Build Android TV & Mobile APKs	2026-09-07T03:31:00.3955261Z e: file:///home/runner/work/tvmime/tvmime/tvApp/src/main/java/com/tvmime/tv/sv_ui/screens/settings/SettingsViewModel.kt:603:35 Unresolved reference: setHideDecorativeLiveRows
Compile TV & Mobile APKs	Build Android TV & Mobile APKs	2026-09-07T03:31:00.3955799Z e: file:///home/runner/work/tvmime/tvmime/tvApp/src/main/java/com/tvmime/tv/sv_ui/screens/settings/SettingsViewModel.kt:609:35 Unresolved reference: setLiveChannelGroupingMode
Compile TV & Mobile APKs	Build Android TV & Mobile APKs	2026-09-07T03:31:00.3956340Z e: file:///home/runner/work/tvmime/tvmime/tvApp/src/main/java/com/tvmime/tv/sv_ui/screens/settings/SettingsViewModel.kt:615:35 Unresolved reference: setGroupedChannelLabelMode
Compile TV & Mobile APKs	Build Android TV & Mobile APKs	2026-09-07T03:31:00.3956881Z e: file:///home/runner/work/tvmime/tvmime/tvApp/src/main/java/com/tvmime/tv/sv_ui/screens/settings/SettingsViewModel.kt:621:35 Unresolved reference: setLiveVariantPreferenceMode
Compile TV & Mobile APKs	Build Android TV & Mobile APKs	2026-09-07T03:31:00.3957393Z e: file:///home/runner/work/tvmime/tvmime/tvApp/src/main/java/com/tvmime/tv/sv_ui/screens/settings/SettingsViewModel.kt:627:35 Unresolved reference: setVodViewMode
Compile TV & Mobile APKs	Build Android TV & Mobile APKs	2026-09-07T03:31:00.3957918Z e: file:///home/runner/work/tvmime/tvmime/tvApp/src/main/java/com/tvmime/tv/sv_ui/screens/settings/SettingsViewModel.kt:633:35 Unresolved reference: setVodInfiniteScroll
Compile TV & Mobile APKs	Build Android TV & Mobile APKs	2026-09-07T03:31:00.3958438Z e: file:///home/runner/work/tvmime/tvmime/tvApp/src/main/java/com/tvmime/tv/sv_ui/screens/settings/SettingsViewModel.kt:639:35 Unresolved reference: setVodCategoryLoadMode
Compile TV & Mobile APKs	Build Android TV & Mobile APKs	2026-09-07T03:31:00.3958980Z e: file:///home/runner/work/tvmime/tvmime/tvApp/src/main/java/com/tvmime/tv/sv_ui/screens/settings/SettingsViewModel.kt:647:35 Unresolved reference: setVodDuplicateHandlingMode
Compile TV & Mobile APKs	Build Android TV & Mobile APKs	2026-09-07T03:31:00.3959519Z e: file:///home/runner/work/tvmime/tvmime/tvApp/src/main/java/com/tvmime/tv/sv_ui/screens/settings/SettingsViewModel.kt:653:35 Unresolved reference: setVodVariantPreferenceMode
Compile TV & Mobile APKs	Build Android TV & Mobile APKs	2026-09-07T03:31:00.3960183Z e: file:///home/runner/work/tvmime/tvmime/tvApp/src/main/java/com/tvmime/tv/sv_ui/screens/settings/SettingsViewModel.kt:659:35 Unresolved reference: setGuideDefaultCategoryId
Compile TV & Mobile APKs	Build Android TV & Mobile APKs	2026-09-07T03:31:00.3960694Z e: file:///home/runner/work/tvmime/tvmime/tvApp/src/main/java/com/tvmime/tv/sv_ui/screens/settings/SettingsViewModel.kt:665:35 Unresolved reference: setAppTimeFormat
Compile TV & Mobile APKs	Build Android TV & Mobile APKs	2026-09-07T03:31:00.3961257Z e: file:///home/runner/work/tvmime/tvmime/tvApp/src/main/java/com/tvmime/tv/sv_ui/screens/settings/SettingsViewModel.kt:671:35 Unresolved reference: setPreventStandbyDuringPlayback
Compile TV & Mobile APKs	Build Android TV & Mobile APKs	2026-09-07T03:31:00.3961789Z e: file:///home/runner/work/tvmime/tvmime/tvApp/src/main/java/com/tvmime/tv/sv_ui/screens/settings/SettingsViewModel.kt:677:35 Unresolved reference: setAutoPlayNextEpisode
Compile TV & Mobile APKs	Build Android TV & Mobile APKs	2026-09-07T03:31:00.3962314Z e: file:///home/runner/work/tvmime/tvmime/tvApp/src/main/java/com/tvmime/tv/sv_ui/screens/settings/SettingsViewModel.kt:683:35 Unresolved reference: setAutoCheckAppUpdates
Compile TV & Mobile APKs	Build Android TV & Mobile APKs	2026-09-07T03:31:00.3963004Z e: file:///home/runner/work/tvmime/tvmime/tvApp/src/main/java/com/tvmime/tv/sv_ui/screens/settings/SettingsViewModel.kt:689:35 Unresolved reference: setAutoDownloadAppUpdates
Compile TV & Mobile APKs	Build Android TV & Mobile APKs	2026-09-07T03:31:00.3963530Z e: file:///home/runner/work/tvmime/tvmime/tvApp/src/main/java/com/tvmime/tv/sv_ui/screens/settings/SettingsViewModel.kt:703:38 Unresolved reference: isRemoteVersionNewer
Compile TV & Mobile APKs	Build Android TV & Mobile APKs	2026-09-07T03:31:00.3964050Z e: file:///home/runner/work/tvmime/tvmime/tvApp/src/main/java/com/tvmime/tv/sv_ui/screens/settings/SettingsViewModel.kt:718:35 Unresolved reference: setCategorySortMode
Compile TV & Mobile APKs	Build Android TV & Mobile APKs	2026-09-07T03:31:00.3964557Z e: file:///home/runner/work/tvmime/tvmime/tvApp/src/main/java/com/tvmime/tv/sv_ui/screens/settings/SettingsViewModel.kt:725:35 Unresolved reference: setCategoryHidden
Compile TV & Mobile APKs	Build Android TV & Mobile APKs	2026-09-07T03:31:00.3965109Z e: file:///home/runner/work/tvmime/tvmime/tvApp/src/main/java/com/tvmime/tv/sv_ui/screens/settings/SettingsViewModel.kt:743:35 Unresolved reference: setPlayerExternalPlaybackMode
Compile TV & Mobile APKs	Build Android TV & Mobile APKs	2026-09-07T03:31:00.3965668Z e: file:///home/runner/work/tvmime/tvmime/tvApp/src/main/java/com/tvmime/tv/sv_ui/screens/settings/SettingsViewModel.kt:749:63 Type mismatch: inferred type is Int but Long was expected
Compile TV & Mobile APKs	Build Android TV & Mobile APKs	2026-09-07T03:31:00.3966236Z e: file:///home/runner/work/tvmime/tvmime/tvApp/src/main/java/com/tvmime/tv/sv_ui/screens/settings/SettingsViewModel.kt:755:35 Unresolved reference: setPlayerAudioVideoSyncEnabled
Compile TV & Mobile APKs	Build Android TV & Mobile APKs	2026-09-07T03:31:00.3966903Z e: file:///home/runner/work/tvmime/tvmime/tvApp/src/main/java/com/tvmime/tv/sv_ui/screens/settings/SettingsViewModel.kt:761:35 Unresolved reference: setMultiViewCenterTwoSlotLayout
Compile TV & Mobile APKs	Build Android TV & Mobile APKs	2026-09-07T03:31:00.3967509Z e: file:///home/runner/work/tvmime/tvmime/tvApp/src/main/java/com/tvmime/tv/sv_ui/screens/settings/SettingsViewModel.kt:767:35 Unresolved reference: setMultiViewRespectProviderConnectionLimit
Compile TV & Mobile APKs	Build Android TV & Mobile APKs	2026-09-07T03:31:00.3968063Z e: file:///home/runner/work/tvmime/tvmime/tvApp/src/main/java/com/tvmime/tv/sv_ui/screens/settings/SettingsViewModel.kt:773:35 Unresolved reference: setPlayerMediaSessionEnabled
Compile TV & Mobile APKs	Build Android TV & Mobile APKs	2026-09-07T03:31:00.3968605Z e: file:///home/runner/work/tvmime/tvmime/tvApp/src/main/java/com/tvmime/tv/sv_ui/screens/settings/SettingsViewModel.kt:785:35 Unresolved reference: setPlayerTimeshiftEnabled
Compile TV & Mobile APKs	Build Android TV & Mobile APKs	2026-09-07T03:31:00.3969163Z e: file:///home/runner/work/tvmime/tvmime/tvApp/src/main/java/com/tvmime/tv/sv_ui/screens/settings/SettingsViewModel.kt:791:35 Unresolved reference: setPlayerLiveTranslationEnabled
Compile TV & Mobile APKs	Build Android TV & Mobile APKs	2026-09-07T03:31:00.3969839Z e: file:///home/runner/work/tvmime/tvmime/tvApp/src/main/java/com/tvmime/tv/sv_ui/screens/settings/SettingsViewModel.kt:797:35 Unresolved reference: setPlayerLiveTranslationEndpoint
Compile TV & Mobile APKs	Build Android TV & Mobile APKs	2026-09-07T03:31:00.3970399Z e: file:///home/runner/work/tvmime/tvmime/tvApp/src/main/java/com/tvmime/tv/sv_ui/screens/settings/SettingsViewModel.kt:803:35 Unresolved reference: setPlayerTimeshiftDepthMinutes
Compile TV & Mobile APKs	Build Android TV & Mobile APKs	2026-09-07T03:31:00.3970934Z e: file:///home/runner/work/tvmime/tvmime/tvApp/src/main/java/com/tvmime/tv/sv_ui/screens/settings/SettingsViewModel.kt:809:35 Unresolved reference: setPlayerTimeshiftBackend
Compile TV & Mobile APKs	Build Android TV & Mobile APKs	2026-09-07T03:31:00.3971512Z e: file:///home/runner/work/tvmime/tvmime/tvApp/src/main/java/com/tvmime/tv/sv_ui/screens/settings/SettingsViewModel.kt:815:35 Unresolved reference: setDefaultStopPlaybackTimerMinutes
Compile TV & Mobile APKs	Build Android TV & Mobile APKs	2026-09-07T03:31:00.3972077Z e: file:///home/runner/work/tvmime/tvmime/tvApp/src/main/java/com/tvmime/tv/sv_ui/screens/settings/SettingsViewModel.kt:821:35 Unresolved reference: setDefaultIdleStandbyTimerMinutes
Compile TV & Mobile APKs	Build Android TV & Mobile APKs	2026-09-07T03:31:00.3972584Z e: file:///home/runner/work/tvmime/tvmime/tvApp/src/main/java/com/tvmime/tv/sv_ui/screens/settings/SettingsViewModel.kt:827:35 Unresolved reference: setZapAutoRevert
Compile TV & Mobile APKs	Build Android TV & Mobile APKs	2026-09-07T03:31:00.3973105Z e: file:///home/runner/work/tvmime/tvmime/tvApp/src/main/java/com/tvmime/tv/sv_ui/screens/settings/SettingsViewModel.kt:833:35 Unresolved reference: setRecordingWifiOnly
Compile TV & Mobile APKs	Build Android TV & Mobile APKs	2026-09-07T03:31:00.3973661Z e: file:///home/runner/work/tvmime/tvmime/tvApp/src/main/java/com/tvmime/tv/sv_ui/screens/settings/SettingsViewModel.kt:839:35 Unresolved reference: setRecordingPaddingBeforeMinutes
Compile TV & Mobile APKs	Build Android TV & Mobile APKs	2026-09-07T03:31:00.3974335Z e: file:///home/runner/work/tvmime/tvmime/tvApp/src/main/java/com/tvmime/tv/sv_ui/screens/settings/SettingsViewModel.kt:845:35 Unresolved reference: setRecordingPaddingAfterMinutes
Compile TV & Mobile APKs	Build Android TV & Mobile APKs	2026-09-07T03:31:00.3974879Z e: file:///home/runner/work/tvmime/tvmime/tvApp/src/main/java/com/tvmime/tv/sv_ui/screens/settings/SettingsViewModel.kt:851:35 Unresolved reference: setPlayerAudioDecoderMode
Compile TV & Mobile APKs	Build Android TV & Mobile APKs	2026-09-07T03:31:00.3975410Z e: file:///home/runner/work/tvmime/tvmime/tvApp/src/main/java/com/tvmime/tv/sv_ui/screens/settings/SettingsViewModel.kt:857:35 Unresolved reference: setPlayerVideoDecoderMode
Compile TV & Mobile APKs	Build Android TV & Mobile APKs	2026-09-07T03:31:00.3975961Z e: file:///home/runner/work/tvmime/tvmime/tvApp/src/main/java/com/tvmime/tv/sv_ui/screens/settings/SettingsViewModel.kt:863:35 Unresolved reference: setPlayerPlaybackBufferMode
Compile TV & Mobile APKs	Build Android TV & Mobile APKs	2026-09-07T03:31:00.3976517Z e: file:///home/runner/work/tvmime/tvmime/tvApp/src/main/java/com/tvmime/tv/sv_ui/screens/settings/SettingsViewModel.kt:869:35 Unresolved reference: setPlayerAudioOutputPreference
Compile TV & Mobile APKs	Build Android TV & Mobile APKs	2026-09-07T03:31:00.3977093Z e: file:///home/runner/work/tvmime/tvmime/tvApp/src/main/java/com/tvmime/tv/sv_ui/screens/settings/SettingsViewModel.kt:875:35 Unresolved reference: setPlayerCompatibilityMemoryEnabled
Compile TV & Mobile APKs	Build Android TV & Mobile APKs	2026-09-07T03:31:00.3977715Z e: file:///home/runner/work/tvmime/tvmime/tvApp/src/main/java/com/tvmime/tv/sv_ui/screens/settings/SettingsViewModel.kt:888:35 Unresolved reference: setPlayerSurfaceMode
Compile TV & Mobile APKs	Build Android TV & Mobile APKs	2026-09-07T03:31:00.3978259Z e: file:///home/runner/work/tvmime/tvmime/tvApp/src/main/java/com/tvmime/tv/sv_ui/screens/settings/SettingsViewModel.kt:894:35 Unresolved reference: setPlayerLiveStreamFormatMode
Compile TV & Mobile APKs	Build Android TV & Mobile APKs	2026-09-07T03:31:00.3978808Z e: file:///home/runner/work/tvmime/tvmime/tvApp/src/main/java/com/tvmime/tv/sv_ui/screens/settings/SettingsViewModel.kt:900:35 Unresolved reference: setPlayerVodHttpProtocolMode
Compile TV & Mobile APKs	Build Android TV & Mobile APKs	2026-09-07T03:31:00.3979367Z e: file:///home/runner/work/tvmime/tvmime/tvApp/src/main/java/com/tvmime/tv/sv_ui/screens/settings/SettingsViewModel.kt:906:35 Unresolved reference: setPlayerControlsTimeoutSeconds
Compile TV & Mobile APKs	Build Android TV & Mobile APKs	2026-09-07T03:31:00.3980155Z e: file:///home/runner/work/tvmime/tvmime/tvApp/src/main/java/com/tvmime/tv/sv_ui/screens/settings/SettingsViewModel.kt:912:35 Unresolved reference: setPlayerLiveOverlayTimeoutSeconds
Compile TV & Mobile APKs	Build Android TV & Mobile APKs	2026-09-07T03:31:00.3980724Z e: file:///home/runner/work/tvmime/tvmime/tvApp/src/main/java/com/tvmime/tv/sv_ui/screens/settings/SettingsViewModel.kt:918:35 Unresolved reference: setPlayerNoticeTimeoutSeconds
Compile TV & Mobile APKs	Build Android TV & Mobile APKs	2026-09-07T03:31:00.3981296Z e: file:///home/runner/work/tvmime/tvmime/tvApp/src/main/java/com/tvmime/tv/sv_ui/screens/settings/SettingsViewModel.kt:924:35 Unresolved reference: setPlayerDiagnosticsTimeoutSeconds
Compile TV & Mobile APKs	Build Android TV & Mobile APKs	2026-09-07T03:31:00.3981827Z e: file:///home/runner/work/tvmime/tvmime/tvApp/src/main/java/com/tvmime/tv/sv_ui/screens/settings/SettingsViewModel.kt:930:35 Unresolved reference: setPreferredAudioLanguage
Compile TV & Mobile APKs	Build Android TV & Mobile APKs	2026-09-07T03:31:00.3982370Z e: file:///home/runner/work/tvmime/tvmime/tvApp/src/main/java/com/tvmime/tv/sv_ui/screens/settings/SettingsViewModel.kt:936:35 Unresolved reference: setPlayerSubtitleTextScale
Compile TV & Mobile APKs	Build Android TV & Mobile APKs	2026-09-07T03:31:00.3982908Z e: file:///home/runner/work/tvmime/tvmime/tvApp/src/main/java/com/tvmime/tv/sv_ui/screens/settings/SettingsViewModel.kt:942:35 Unresolved reference: setPlayerSubtitleTextColor
Compile TV & Mobile APKs	Build Android TV & Mobile APKs	2026-09-07T03:31:00.3983478Z e: file:///home/runner/work/tvmime/tvmime/tvApp/src/main/java/com/tvmime/tv/sv_ui/screens/settings/SettingsViewModel.kt:948:35 Unresolved reference: setPlayerSubtitleBackgroundColor
Compile TV & Mobile APKs	Build Android TV & Mobile APKs	2026-09-07T03:31:00.3984026Z e: file:///home/runner/work/tvmime/tvmime/tvApp/src/main/java/com/tvmime/tv/sv_ui/screens/settings/SettingsViewModel.kt:954:35 Unresolved reference: setPlayerWifiMaxVideoHeight
Compile TV & Mobile APKs	Build Android TV & Mobile APKs	2026-09-07T03:31:00.3984579Z e: file:///home/runner/work/tvmime/tvmime/tvApp/src/main/java/com/tvmime/tv/sv_ui/screens/settings/SettingsViewModel.kt:960:35 Unresolved reference: setPlayerEthernetMaxVideoHeight
Compile TV & Mobile APKs	Build Android TV & Mobile APKs	2026-09-07T03:31:00.3985105Z e: file:///home/runner/work/tvmime/tvmime/tvApp/src/main/java/com/tvmime/tv/sv_ui/screens/settings/SettingsViewModel.kt:971:43 Unresolved reference: setLastSpeedTestResult
Compile TV & Mobile APKs	Build Android TV & Mobile APKs	2026-09-07T03:31:00.3985795Z e: file:///home/runner/work/tvmime/tvmime/tvApp/src/main/java/com/tvmime/tv/sv_ui/screens/settings/SettingsViewModel.kt:1004:35 Unresolved reference: setPlayerWifiMaxVideoHeight
Compile TV & Mobile APKs	Build Android TV & Mobile APKs	2026-09-07T03:31:00.3986360Z e: file:///home/runner/work/tvmime/tvmime/tvApp/src/main/java/com/tvmime/tv/sv_ui/screens/settings/SettingsViewModel.kt:1012:35 Unresolved reference: setPlayerEthernetMaxVideoHeight
Compile TV & Mobile APKs	Build Android TV & Mobile APKs	2026-09-07T03:31:00.3986885Z e: file:///home/runner/work/tvmime/tvmime/tvApp/src/main/java/com/tvmime/tv/sv_ui/screens/settings/SettingsViewModel.kt:1020:35 Unresolved reference: setIncognitoMode
Compile TV & Mobile APKs	Build Android TV & Mobile APKs	2026-09-07T03:31:00.3987441Z e: file:///home/runner/work/tvmime/tvmime/tvApp/src/main/java/com/tvmime/tv/sv_ui/screens/settings/SettingsViewModel.kt:1027:35 Unresolved reference: setUseXtreamTextClassification
Compile TV & Mobile APKs	Build Android TV & Mobile APKs	2026-09-07T03:31:00.3988001Z e: file:///home/runner/work/tvmime/tvmime/tvApp/src/main/java/com/tvmime/tv/sv_ui/screens/settings/SettingsViewModel.kt:1034:35 Unresolved reference: setXtreamBase64TextCompatibility
Compile TV & Mobile APKs	Build Android TV & Mobile APKs	2026-09-07T03:31:00.3988564Z e: file:///home/runner/work/tvmime/tvmime/tvApp/src/main/java/com/tvmime/tv/sv_ui/screens/settings/SettingsViewModel.kt:1035:35 Unresolved reference: bumpXtreamTextImportGeneration
Compile TV & Mobile APKs	Build Android TV & Mobile APKs	2026-09-07T03:31:00.3989185Z e: file:///home/runner/work/tvmime/tvmime/tvApp/src/main/java/com/tvmime/tv/sv_ui/screens/settings/SettingsViewModel.kt:1054:43 Unresolved reference: clearAllRecentData
Compile TV & Mobile APKs	Build Android TV & Mobile APKs	2026-09-07T03:31:00.3989884Z e: file:///home/runner/work/tvmime/tvmime/tvApp/src/main/java/com/tvmime/tv/sv_ui/screens/settings/SettingsViewModel.kt:1082:38 Unresolved reference: verifyParentalPin
Compile TV & Mobile APKs	Build Android TV & Mobile APKs	2026-09-07T03:31:00.3990398Z e: file:///home/runner/work/tvmime/tvmime/tvApp/src/main/java/com/tvmime/tv/sv_ui/screens/settings/SettingsViewModel.kt:1087:35 Unresolved reference: setParentalPin
Compile TV & Mobile APKs	Build Android TV & Mobile APKs	2026-09-07T03:31:00.3990863Z e: file:///home/runner/work/tvmime/tvmime/tvApp/src/main/java/com/tvmime/tv/sv_ui/screens/settings/SettingsViewModel.kt:1240:40 Unresolved reference: sync
Compile TV & Mobile APKs	Build Android TV & Mobile APKs	2026-09-07T03:31:00.3991408Z e: file:///home/runner/work/tvmime/tvmime/tvApp/src/main/java/com/tvmime/tv/sv_ui/screens/settings/SettingsViewModel.kt:1398:35 Unresolved reference: setEpgTimeShiftMinutes
Compile TV & Mobile APKs	Build Android TV & Mobile APKs	2026-09-07T03:31:00.3991944Z e: file:///home/runner/work/tvmime/tvmime/tvApp/src/main/java/com/tvmime/tv/sv_ui/screens/settings/SettingsViewModel.kt:1404:35 Unresolved reference: setEpgTimeShiftMinutes
Compile TV & Mobile APKs	Build Android TV & Mobile APKs	2026-09-07T03:31:00.3992477Z e: file:///home/runner/work/tvmime/tvmime/tvApp/src/main/java/com/tvmime/tv/sv_ui/screens/settings/parental/ParentalControlGroupScreen.kt:43:17 Unresolved reference: hilt
Compile TV & Mobile APKs	Build Android TV & Mobile APKs	2026-09-07T03:31:00.3993051Z e: file:///home/runner/work/tvmime/tvmime/tvApp/src/main/java/com/tvmime/tv/sv_ui/screens/settings/parental/ParentalControlGroupScreen.kt:76:48 Unresolved reference: hiltViewModel
Compile TV & Mobile APKs	Build Android TV & Mobile APKs	2026-09-07T03:31:00.3993612Z e: file:///home/runner/work/tvmime/tvmime/tvApp/src/main/java/com/tvmime/tv/sv_ui/screens/settings/parental/ParentalControlGroupViewModel.kt:11:8 Unresolved reference: dagger
Compile TV & Mobile APKs	Build Android TV & Mobile APKs	2026-09-07T03:31:00.3994173Z e: file:///home/runner/work/tvmime/tvmime/tvApp/src/main/java/com/tvmime/tv/sv_ui/screens/settings/parental/ParentalControlGroupViewModel.kt:12:14 Unresolved reference: inject
Compile TV & Mobile APKs	Build Android TV & Mobile APKs	2026-09-07T03:31:00.3994757Z e: file:///home/runner/work/tvmime/tvmime/tvApp/src/main/java/com/tvmime/tv/sv_ui/screens/settings/parental/ParentalControlGroupViewModel.kt:45:2 Unresolved reference: HiltViewModel
Compile TV & Mobile APKs	Build Android TV & Mobile APKs	2026-09-07T03:31:00.3995304Z e: file:///home/runner/work/tvmime/tvmime/tvApp/src/main/java/com/tvmime/tv/sv_ui/screens/settings/parental/ParentalControlGroupViewModel.kt:46:38 Unresolved reference: Inject
Compile TV & Mobile APKs	Build Android TV & Mobile APKs	2026-09-07T03:31:00.3996025Z e: file:///home/runner/work/tvmime/tvmime/tvApp/src/main/java/com/tvmime/tv/sv_ui/screens/settings/parental/ParentalControlGroupViewModel.kt:58:42 None of the following functions can be called with the arguments supplied: 
Compile TV & Mobile APKs	Build Android TV & Mobile APKs	2026-09-07T03:31:00.3996684Z public inline fun <reified T, R> combine(vararg flows: Flow<TypeVariable(T)>, crossinline transform: suspend (Array<TypeVariable(T)>) -> TypeVariable(R)): Flow<TypeVariable(R)> defined in kotlinx.coroutines.flow
Compile TV & Mobile APKs	Build Android TV & Mobile APKs	2026-09-07T03:31:00.3997791Z public fun <T1, T2, T3, T4, R> combine(flow: Flow<TypeVariable(T1)>, flow2: Flow<TypeVariable(T2)>, flow3: Flow<TypeVariable(T3)>, flow4: Flow<TypeVariable(T4)>, transform: suspend (TypeVariable(T1), TypeVariable(T2), TypeVariable(T3), TypeVariable(T4)) -> TypeVariable(R)): Flow<TypeVariable(R)> defined in kotlinx.coroutines.flow
Compile TV & Mobile APKs	Build Android TV & Mobile APKs	2026-09-07T03:31:00.3998428Z e: file:///home/runner/work/tvmime/tvmime/tvApp/src/main/java/com/tvmime/tv/sv_ui/screens/settings/parental/ParentalControlGroupViewModel.kt:73:10 Not enough information to infer type variable T2
Compile TV & Mobile APKs	Build Android TV & Mobile APKs	2026-09-07T03:31:00.3999119Z e: file:///home/runner/work/tvmime/tvmime/tvApp/src/main/java/com/tvmime/tv/sv_ui/screens/settings/parental/ParentalControlGroupViewModel.kt:73:56 Cannot infer a type for this parameter. Please specify it explicitly.
Compile TV & Mobile APKs	Build Android TV & Mobile APKs	2026-09-07T03:31:00.3999845Z e: file:///home/runner/work/tvmime/tvmime/tvApp/src/main/java/com/tvmime/tv/sv_ui/screens/settings/parental/ParentalControlGroupViewModel.kt:74:24 Not enough information to infer type variable B
Compile TV & Mobile APKs	Build Android TV & Mobile APKs	2026-09-07T03:31:00.4000447Z e: file:///home/runner/work/tvmime/tvmime/tvApp/src/main/java/com/tvmime/tv/sv_ui/screens/settings/parental/ParentalControlGroupViewModel.kt:76:40 Unresolved reference: hasParentalPin
Compile TV & Mobile APKs	Build Android TV & Mobile APKs	2026-09-07T03:31:00.4001251Z e: file:///home/runner/work/tvmime/tvmime/tvApp/src/main/java/com/tvmime/tv/sv_ui/screens/settings/parental/ParentalControlGroupViewModel.kt:76:58 Cannot infer a type for this parameter. Please specify it explicitly.
Compile TV & Mobile APKs	Build Android TV & Mobile APKs	2026-09-07T03:31:00.4001930Z e: file:///home/runner/work/tvmime/tvmime/tvApp/src/main/java/com/tvmime/tv/sv_ui/screens/settings/parental/ParentalControlGroupViewModel.kt:76:86 Cannot infer a type for this parameter. Please specify it explicitly.
Compile TV & Mobile APKs	Build Android TV & Mobile APKs	2026-09-07T03:31:00.4002614Z e: file:///home/runner/work/tvmime/tvmime/tvApp/src/main/java/com/tvmime/tv/sv_ui/screens/settings/parental/ParentalControlGroupViewModel.kt:79:34 Cannot infer a type for this parameter. Please specify it explicitly.
Compile TV & Mobile APKs	Build Android TV & Mobile APKs	2026-09-07T03:31:00.4003304Z e: file:///home/runner/work/tvmime/tvmime/tvApp/src/main/java/com/tvmime/tv/sv_ui/screens/settings/parental/ParentalControlGroupViewModel.kt:79:78 Cannot infer a type for this parameter. Please specify it explicitly.
Compile TV & Mobile APKs	Build Android TV & Mobile APKs	2026-09-07T03:31:00.4003985Z e: file:///home/runner/work/tvmime/tvmime/tvApp/src/main/java/com/tvmime/tv/sv_ui/screens/settings/parental/ParentalControlGroupViewModel.kt:89:40 Cannot infer a type for this parameter. Please specify it explicitly.
Compile TV & Mobile APKs	Build Android TV & Mobile APKs	2026-09-07T03:31:00.4004674Z e: file:///home/runner/work/tvmime/tvmime/tvApp/src/main/java/com/tvmime/tv/sv_ui/screens/settings/parental/ParentalControlGroupViewModel.kt:89:48 Cannot infer a type for this parameter. Please specify it explicitly.
Compile TV & Mobile APKs	Build Android TV & Mobile APKs	2026-09-07T03:31:00.4005357Z e: file:///home/runner/work/tvmime/tvmime/tvApp/src/main/java/com/tvmime/tv/sv_ui/screens/settings/parental/ParentalControlGroupViewModel.kt:92:34 Cannot infer a type for this parameter. Please specify it explicitly.
Compile TV & Mobile APKs	Build Android TV & Mobile APKs	2026-09-07T03:31:00.4006036Z e: file:///home/runner/work/tvmime/tvmime/tvApp/src/main/java/com/tvmime/tv/sv_ui/screens/settings/parental/ParentalControlGroupViewModel.kt:92:42 Cannot infer a type for this parameter. Please specify it explicitly.
Compile TV & Mobile APKs	Build Android TV & Mobile APKs	2026-09-07T03:31:00.4006723Z e: file:///home/runner/work/tvmime/tvmime/tvApp/src/main/java/com/tvmime/tv/sv_ui/screens/settings/parental/ParentalControlGroupViewModel.kt:95:45 Cannot infer a type for this parameter. Please specify it explicitly.
Compile TV & Mobile APKs	Build Android TV & Mobile APKs	2026-09-07T03:31:00.4007409Z e: file:///home/runner/work/tvmime/tvmime/tvApp/src/main/java/com/tvmime/tv/sv_ui/screens/settings/parental/ParentalControlGroupViewModel.kt:95:53 Cannot infer a type for this parameter. Please specify it explicitly.
Compile TV & Mobile APKs	Build Android TV & Mobile APKs	2026-09-07T03:31:00.4008007Z e: file:///home/runner/work/tvmime/tvmime/tvApp/src/main/java/com/tvmime/tv/sv_ui/screens/settings/parental/ParentalControlGroupViewModel.kt:129:35 Unresolved reference: setCategoryHidden
Compile TV & Mobile APKs	Build Android TV & Mobile APKs	2026-09-07T03:31:00.4008775Z e: file:///home/runner/work/tvmime/tvmime/tvApp/src/main/java/com/tvmime/tv/sv_ui/screens/settings/parental/ParentalControlGroupViewModel.kt:151:35 Unresolved reference: setHiddenCategoryIds
Compile TV & Mobile APKs	Build Android TV & Mobile APKs	2026-09-07T03:31:00.4009377Z e: file:///home/runner/work/tvmime/tvmime/tvApp/src/main/java/com/tvmime/tv/sv_ui/screens/settings/parental/ParentalControlGroupViewModel.kt:162:35 Unresolved reference: setHiddenCategoryIds
Compile TV & Mobile APKs	Build Android TV & Mobile APKs	2026-09-07T03:31:00.4010118Z e: file:///home/runner/work/tvmime/tvmime/tvApp/src/main/java/com/tvmime/tv/sv_ui/screens/settings/parental/ParentalControlGroupViewModel.kt:171:73 Unresolved reference: verifyParentalPin
Compile TV & Mobile APKs	Build Android TV & Mobile APKs	2026-09-07T03:31:00.4010713Z e: file:///home/runner/work/tvmime/tvmime/tvApp/src/main/java/com/tvmime/tv/sv_ui/screens/settings/parental/ParentalControlGroupViewModel.kt:175:35 Unresolved reference: setParentalPin
Compile TV & Mobile APKs	Build Android TV & Mobile APKs	2026-09-07T03:31:00.4011163Z e: file:///home/runner/work/tvmime/tvmime/tvApp/src/main/java/com/tvmime/tv/ui/common/TvUiComponents.kt:101:30 Unresolved reference: safeHorizontal
Compile TV & Mobile APKs	Build Android TV & Mobile APKs	2026-09-07T03:31:00.4011609Z e: file:///home/runner/work/tvmime/tvmime/tvApp/src/main/java/com/tvmime/tv/ui/common/TvUiComponents.kt:102:28 Unresolved reference: safeVertical
Compile TV & Mobile APKs	Build Android TV & Mobile APKs	2026-09-07T03:31:00.4012179Z e: file:///home/runner/work/tvmime/tvmime/tvApp/src/main/java/com/tvmime/tv/ui/common/TvUiComponents.kt:134:31 None of the following functions can be called with the arguments supplied: 
Compile TV & Mobile APKs	Build Android TV & Mobile APKs	2026-09-07T03:31:00.4012910Z public final fun radialGradient(vararg colorStops: Pair<Float, Color>, center: Offset = ..., radius: Float = ..., tileMode: TileMode = ...): Brush defined in androidx.compose.ui.graphics.Brush.Companion
Compile TV & Mobile APKs	Build Android TV & Mobile APKs	2026-09-07T03:31:00.4013453Z public final fun radialGradient(colors: List<Color>, center: Offset = ..., radius: Float = ..., tileMode: TileMode = ...): Brush defined in androidx.compose.ui.graphics.Brush.Companion
Compile TV & Mobile APKs	Build Android TV & Mobile APKs	2026-09-07T03:31:00.4013903Z e: file:///home/runner/work/tvmime/tvmime/tvApp/src/main/java/com/tvmime/tv/ui/common/TvUiComponents.kt:135:35 Unresolved reference: secondaryGlow
Compile TV & Mobile APKs	Build Android TV & Mobile APKs	2026-09-07T03:31:00.4014340Z e: file:///home/runner/work/tvmime/tvmime/tvApp/src/main/java/com/tvmime/tv/ui/common/TvUiComponents.kt:136:38 Unresolved reference: secondaryGlow
Compile TV & Mobile APKs	Build Android TV & Mobile APKs	2026-09-07T03:31:00.4014764Z e: file:///home/runner/work/tvmime/tvmime/tvApp/src/main/java/com/tvmime/tv/ui/common/TvUiComponents.kt:290:27 Unresolved reference: surface
Compile TV & Mobile APKs	Build Android TV & Mobile APKs	2026-09-07T03:31:00.4015202Z e: file:///home/runner/work/tvmime/tvmime/tvApp/src/main/java/com/tvmime/tv/ui/common/TvUiComponents.kt:294:31 Unresolved reference: surfaceSubtle
Compile TV & Mobile APKs	Build Android TV & Mobile APKs	2026-09-07T03:31:00.4015637Z e: file:///home/runner/work/tvmime/tvmime/tvApp/src/main/java/com/tvmime/tv/ui/common/TvUiComponents.kt:299:33 Unresolved reference: textDisabled
Compile TV & Mobile APKs	Build Android TV & Mobile APKs	2026-09-07T03:31:00.4016053Z e: file:///home/runner/work/tvmime/tvmime/tvApp/src/main/java/com/tvmime/tv/ui/common/TvUiComponents.kt:361:63 Unresolved reference: label
Compile TV & Mobile APKs	Build Android TV & Mobile APKs	2026-09-07T03:31:00.4016461Z e: file:///home/runner/work/tvmime/tvmime/tvApp/src/main/java/com/tvmime/tv/ui/common/TvUiComponents.kt:362:65 Unresolved reference: label
Compile TV & Mobile APKs	Build Android TV & Mobile APKs	2026-09-07T03:31:00.4016874Z e: file:///home/runner/work/tvmime/tvmime/tvApp/src/main/java/com/tvmime/tv/ui/common/TvUiComponents.kt:395:49 Unresolved reference: label
Compile TV & Mobile APKs	Build Android TV & Mobile APKs	2026-09-07T03:31:00.4017281Z e: file:///home/runner/work/tvmime/tvmime/tvApp/src/main/java/com/tvmime/tv/ui/common/TvUiComponents.kt:395:80 Unresolved reference: body
Compile TV & Mobile APKs	Build Android TV & Mobile APKs	2026-09-07T03:31:00.4017701Z e: file:///home/runner/work/tvmime/tvmime/tvApp/src/main/java/com/tvmime/tv/ui/common/TvUiComponents.kt:396:48 Unresolved reference: headline
Compile TV & Mobile APKs	Build Android TV & Mobile APKs	2026-09-07T03:31:00.4018121Z e: file:///home/runner/work/tvmime/tvmime/tvApp/src/main/java/com/tvmime/tv/ui/common/TvUiComponents.kt:398:78 Unresolved reference: surface
Compile TV & Mobile APKs	Build Android TV & Mobile APKs	2026-09-07T03:31:00.4018554Z e: file:///home/runner/work/tvmime/tvmime/tvApp/src/main/java/com/tvmime/tv/ui/common/TvUiComponents.kt:531:45 Unresolved reference: panel
Compile TV & Mobile APKs	Build Android TV & Mobile APKs	2026-09-07T03:31:00.4018983Z e: file:///home/runner/work/tvmime/tvmime/tvApp/src/main/java/com/tvmime/tv/ui/common/TvUiComponents.kt:538:47 Unresolved reference: headline
Compile TV & Mobile APKs	Build Android TV & Mobile APKs	2026-09-07T03:31:00.4019515Z e: file:///home/runner/work/tvmime/tvmime/tvApp/src/main/java/com/tvmime/tv/ui/common/TvUiComponents.kt:539:49 Unresolved reference: headline
Compile TV & Mobile APKs	Build Android TV & Mobile APKs	2026-09-07T03:31:00.4020181Z e: file:///home/runner/work/tvmime/tvmime/tvApp/src/main/java/com/tvmime/tv/ui/common/TvUiComponents.kt:547:49 Unresolved reference: surface
Compile TV & Mobile APKs	Build Android TV & Mobile APKs	2026-09-07T03:31:00.4020651Z e: file:///home/runner/work/tvmime/tvmime/tvApp/src/main/java/com/tvmime/tv/ui/common/TvUiComponents.kt:640:31 Unresolved reference: textDisabled
Compile TV & Mobile APKs	Build Android TV & Mobile APKs	2026-09-07T03:31:00.4021088Z e: file:///home/runner/work/tvmime/tvmime/tvApp/src/main/java/com/tvmime/tv/ui/common/TvUiComponents.kt:641:40 Unresolved reference: textDisabled
Compile TV & Mobile APKs	Build Android TV & Mobile APKs	2026-09-07T03:31:00.4021536Z e: file:///home/runner/work/tvmime/tvmime/tvApp/src/main/java/com/tvmime/tv/ui/common/TvUiComponents.kt:654:34 Unresolved reference: surfaceFocused
Compile TV & Mobile APKs	Build Android TV & Mobile APKs	2026-09-07T03:31:00.4021959Z e: file:///home/runner/work/tvmime/tvmime/tvApp/src/main/java/com/tvmime/tv/ui/common/TvUiComponents.kt:661:40 Unresolved reference: textDim
Compile TV & Mobile APKs	Build Android TV & Mobile APKs	2026-09-07T03:31:00.4022374Z e: file:///home/runner/work/tvmime/tvmime/tvApp/src/main/java/com/tvmime/tv/ui/common/TvUiComponents.kt:774:44 Unresolved reference: label
Compile TV & Mobile APKs	Build Android TV & Mobile APKs	2026-09-07T03:31:00.4022783Z e: file:///home/runner/work/tvmime/tvmime/tvApp/src/main/java/com/tvmime/tv/ui/common/TvUiComponents.kt:774:66 Unresolved reference: body
Compile TV & Mobile APKs	Build Android TV & Mobile APKs	2026-09-07T03:31:00.4023468Z e: file:///home/runner/work/tvmime/tvmime/tvApp/src/main/java/com/tvmime/tv/ui/livetv/LiveTvGrid.kt:58:17 None of the following functions can be called with the arguments supplied: 
Compile TV & Mobile APKs	Build Android TV & Mobile APKs	2026-09-07T03:31:00.4024874Z public fun Surface(onClick: () -> Unit, modifier: Modifier = ..., onLongClick: (() -> Unit)? = ..., enabled: Boolean = ..., tonalElevation: Dp = ..., shape: ClickableSurfaceShape = ..., colors: ClickableSurfaceColors = ..., scale: ClickableSurfaceScale = ..., border: ClickableSurfaceBorder = ..., glow: ClickableSurfaceGlow = ..., interactionSource: MutableInteractionSource = ..., content: BoxScope.() -> Unit): Unit defined in androidx.tv.material3
Compile TV & Mobile APKs	Build Android TV & Mobile APKs	2026-09-07T03:31:00.4025583Z public fun Surface(modifier: Modifier = ..., tonalElevation: Dp = ..., shape: Shape = ..., colors: NonInteractiveSurfaceColors = ..., border: Border = ..., glow: Glow = ..., content: BoxScope.() -> Unit): Unit defined in androidx.tv.material3
Compile TV & Mobile APKs	Build Android TV & Mobile APKs	2026-09-07T03:31:00.4026174Z e: file:///home/runner/work/tvmime/tvmime/tvApp/src/main/java/com/tvmime/tv/ui/livetv/LiveTvGrid.kt:70:21 @Composable invocations can only happen from the context of a @Composable function
Compile TV & Mobile APKs	Build Android TV & Mobile APKs	2026-09-07T03:31:00.4026746Z e: file:///home/runner/work/tvmime/tvmime/tvApp/src/main/java/com/tvmime/tv/ui/livetv/LiveTvGrid.kt:73:47 @Composable invocations can only happen from the context of a @Composable function
Compile TV & Mobile APKs	Build Android TV & Mobile APKs	2026-09-07T03:31:00.4027152Z e: file:///home/runner/work/tvmime/tvmime/tvApp/src/main/java/com/tvmime/tv/ui/livetv/LiveTvScreen.kt:11:17 Unresolved reference: hilt
Compile TV & Mobile APKs	Build Android TV & Mobile APKs	2026-09-07T03:31:00.4027584Z e: file:///home/runner/work/tvmime/tvmime/tvApp/src/main/java/com/tvmime/tv/ui/livetv/LiveTvScreen.kt:24:34 Unresolved reference: hiltViewModel
Compile TV & Mobile APKs	Build Android TV & Mobile APKs	2026-09-07T03:31:00.4028019Z e: file:///home/runner/work/tvmime/tvmime/tvApp/src/main/java/com/tvmime/tv/ui/navigation/TvNavigation.kt:7:17 Unresolved reference: navigation
Compile TV & Mobile APKs	Build Android TV & Mobile APKs	2026-09-07T03:31:00.4028449Z e: file:///home/runner/work/tvmime/tvmime/tvApp/src/main/java/com/tvmime/tv/ui/navigation/TvNavigation.kt:8:17 Unresolved reference: navigation
Compile TV & Mobile APKs	Build Android TV & Mobile APKs	2026-09-07T03:31:00.4028877Z e: file:///home/runner/work/tvmime/tvmime/tvApp/src/main/java/com/tvmime/tv/ui/navigation/TvNavigation.kt:9:17 Unresolved reference: navigation
Compile TV & Mobile APKs	Build Android TV & Mobile APKs	2026-09-07T03:31:00.4029311Z e: file:///home/runner/work/tvmime/tvmime/tvApp/src/main/java/com/tvmime/tv/ui/navigation/TvNavigation.kt:10:17 Unresolved reference: navigation
Compile TV & Mobile APKs	Build Android TV & Mobile APKs	2026-09-07T03:31:00.4029904Z e: file:///home/runner/work/tvmime/tvmime/tvApp/src/main/java/com/tvmime/tv/ui/navigation/TvNavigation.kt:22:20 Unresolved reference: NavHostController
Compile TV & Mobile APKs	Build Android TV & Mobile APKs	2026-09-07T03:31:00.4030388Z e: file:///home/runner/work/tvmime/tvmime/tvApp/src/main/java/com/tvmime/tv/ui/navigation/TvNavigation.kt:22:40 Unresolved reference: rememberNavController
Compile TV & Mobile APKs	Build Android TV & Mobile APKs	2026-09-07T03:31:00.4030932Z e: file:///home/runner/work/tvmime/tvmime/tvApp/src/main/java/com/tvmime/tv/ui/navigation/TvNavigation.kt:33:5 Unresolved reference: NavHost
Compile TV & Mobile APKs	Build Android TV & Mobile APKs	2026-09-07T03:31:00.4031372Z e: file:///home/runner/work/tvmime/tvmime/tvApp/src/main/java/com/tvmime/tv/ui/navigation/TvNavigation.kt:37:9 Unresolved reference: composable
Compile TV & Mobile APKs	Build Android TV & Mobile APKs	2026-09-07T03:31:00.4031982Z e: file:///home/runner/work/tvmime/tvmime/tvApp/src/main/java/com/tvmime/tv/ui/navigation/TvNavigation.kt:38:13 @Composable invocations can only happen from the context of a @Composable function
Compile TV & Mobile APKs	Build Android TV & Mobile APKs	2026-09-07T03:31:00.4032407Z e: file:///home/runner/work/tvmime/tvmime/tvApp/src/main/java/com/tvmime/tv/ui/navigation/TvNavigation.kt:42:25 Unresolved reference: popUpTo
Compile TV & Mobile APKs	Build Android TV & Mobile APKs	2026-09-07T03:31:00.4032834Z e: file:///home/runner/work/tvmime/tvmime/tvApp/src/main/java/com/tvmime/tv/ui/navigation/TvNavigation.kt:42:60 Unresolved reference: inclusive
Compile TV & Mobile APKs	Build Android TV & Mobile APKs	2026-09-07T03:31:00.4033273Z e: file:///home/runner/work/tvmime/tvmime/tvApp/src/main/java/com/tvmime/tv/ui/navigation/TvNavigation.kt:47:9 Unresolved reference: composable
Compile TV & Mobile APKs	Build Android TV & Mobile APKs	2026-09-07T03:31:00.4033874Z e: file:///home/runner/work/tvmime/tvmime/tvApp/src/main/java/com/tvmime/tv/ui/navigation/TvNavigation.kt:48:13 @Composable invocations can only happen from the context of a @Composable function
Compile TV & Mobile APKs	Build Android TV & Mobile APKs	2026-09-07T03:31:00.4033990Z 
Compile TV & Mobile APKs	Build Android TV & Mobile APKs	2026-09-07T03:31:00.4034100Z > Task :tvApp:compileDebugKotlin FAILED
Compile TV & Mobile APKs	Build Android TV & Mobile APKs	2026-09-07T03:31:00.4034197Z 
Compile TV & Mobile APKs	Build Android TV & Mobile APKs	2026-09-07T03:31:00.4034308Z FAILURE: Build failed with an exception.
Compile TV & Mobile APKs	Build Android TV & Mobile APKs	2026-09-07T03:31:00.4034314Z 
Compile TV & Mobile APKs	Build Android TV & Mobile APKs	2026-09-07T03:31:00.4034396Z * What went wrong:
Compile TV & Mobile APKs	Build Android TV & Mobile APKs	2026-09-07T03:31:00.4034542Z Execution failed for task ':tvApp:compileDebugKotlin'.
Compile TV & Mobile APKs	Build Android TV & Mobile APKs	2026-09-07T03:31:00.4035020Z > A failure occurred while executing org.jetbrains.kotlin.compilerRunner.GradleCompilerRunnerWithWorkers$GradleKotlinCompilerWorkAction
Compile TV & Mobile APKs	Build Android TV & Mobile APKs	2026-09-07T03:31:00.4035135Z    > Compilation error. See log for more details
Compile TV & Mobile APKs	Build Android TV & Mobile APKs	2026-09-07T03:31:00.4035141Z 
Compile TV & Mobile APKs	Build Android TV & Mobile APKs	2026-09-07T03:31:00.4035216Z * Try:
Compile TV & Mobile APKs	Build Android TV & Mobile APKs	2026-09-07T03:31:00.4035367Z > Run with --info or --debug option to get more log output.
Compile TV & Mobile APKs	Build Android TV & Mobile APKs	2026-09-07T03:31:00.4035467Z > Run with --scan to get full insights.
Compile TV & Mobile APKs	Build Android TV & Mobile APKs	2026-09-07T03:31:00.4035597Z > Get more help at https://help.gradle.org.
Compile TV & Mobile APKs	Build Android TV & Mobile APKs	2026-09-07T03:31:00.4035607Z 
Compile TV & Mobile APKs	Build Android TV & Mobile APKs	2026-09-07T03:31:00.4035682Z * Exception is:
Compile TV & Mobile APKs	Build Android TV & Mobile APKs	2026-09-07T03:31:00.4035998Z org.gradle.api.tasks.TaskExecutionException: Execution failed for task ':tvApp:compileDebugKotlin'.
Compile TV & Mobile APKs	Build Android TV & Mobile APKs	2026-09-07T03:31:00.4036475Z 	at org.gradle.api.internal.tasks.execution.ExecuteActionsTaskExecuter.lambda$executeIfValid$1(ExecuteActionsTaskExecuter.java:130)
Compile TV & Mobile APKs	Build Android TV & Mobile APKs	2026-09-07T03:31:00.4036672Z 	at org.gradle.internal.Try$Failure.ifSuccessfulOrElse(Try.java:282)
Compile TV & Mobile APKs	Build Android TV & Mobile APKs	2026-09-07T03:31:00.4037113Z 	at org.gradle.api.internal.tasks.execution.ExecuteActionsTaskExecuter.executeIfValid(ExecuteActionsTaskExecuter.java:128)
Compile TV & Mobile APKs	Build Android TV & Mobile APKs	2026-09-07T03:31:00.4037513Z 	at org.gradle.api.internal.tasks.execution.ExecuteActionsTaskExecuter.execute(ExecuteActionsTaskExecuter.java:116)
Compile TV & Mobile APKs	Build Android TV & Mobile APKs	2026-09-07T03:31:00.4037954Z 	at org.gradle.api.internal.tasks.execution.FinalizePropertiesTaskExecuter.execute(FinalizePropertiesTaskExecuter.java:46)
Compile TV & Mobile APKs	Build Android TV & Mobile APKs	2026-09-07T03:31:00.4038407Z 	at org.gradle.api.internal.tasks.execution.ResolveTaskExecutionModeExecuter.execute(ResolveTaskExecutionModeExecuter.java:51)
Compile TV & Mobile APKs	Build Android TV & Mobile APKs	2026-09-07T03:31:00.4038841Z 	at org.gradle.api.internal.tasks.execution.SkipTaskWithNoActionsExecuter.execute(SkipTaskWithNoActionsExecuter.java:57)
Compile TV & Mobile APKs	Build Android TV & Mobile APKs	2026-09-07T03:31:00.4039214Z 	at org.gradle.api.internal.tasks.execution.SkipOnlyIfTaskExecuter.execute(SkipOnlyIfTaskExecuter.java:74)
Compile TV & Mobile APKs	Build Android TV & Mobile APKs	2026-09-07T03:31:00.4039607Z 	at org.gradle.api.internal.tasks.execution.CatchExceptionTaskExecuter.execute(CatchExceptionTaskExecuter.java:36)
Compile TV & Mobile APKs	Build Android TV & Mobile APKs	2026-09-07T03:31:00.4040108Z 	at org.gradle.api.internal.tasks.execution.EventFiringTaskExecuter$1.executeTask(EventFiringTaskExecuter.java:77)
Compile TV & Mobile APKs	Build Android TV & Mobile APKs	2026-09-07T03:31:00.4040465Z 	at org.gradle.api.internal.tasks.execution.EventFiringTaskExecuter$1.call(EventFiringTaskExecuter.java:55)
Compile TV & Mobile APKs	Build Android TV & Mobile APKs	2026-09-07T03:31:00.4040818Z 	at org.gradle.api.internal.tasks.execution.EventFiringTaskExecuter$1.call(EventFiringTaskExecuter.java:52)
Compile TV & Mobile APKs	Build Android TV & Mobile APKs	2026-09-07T03:31:00.4041436Z 	at org.gradle.internal.operations.DefaultBuildOperationRunner$CallableBuildOperationWorker.execute(DefaultBuildOperationRunner.java:200)
Compile TV & Mobile APKs	Build Android TV & Mobile APKs	2026-09-07T03:31:00.4041921Z 	at org.gradle.internal.operations.DefaultBuildOperationRunner$CallableBuildOperationWorker.execute(DefaultBuildOperationRunner.java:195)
Compile TV & Mobile APKs	Build Android TV & Mobile APKs	2026-09-07T03:31:00.4042289Z 	at org.gradle.internal.operations.DefaultBuildOperationRunner$2.execute(DefaultBuildOperationRunner.java:66)
Compile TV & Mobile APKs	Build Android TV & Mobile APKs	2026-09-07T03:31:00.4042645Z 	at org.gradle.internal.operations.DefaultBuildOperationRunner$2.execute(DefaultBuildOperationRunner.java:59)
Compile TV & Mobile APKs	Build Android TV & Mobile APKs	2026-09-07T03:31:00.4043013Z 	at org.gradle.internal.operations.DefaultBuildOperationRunner.execute(DefaultBuildOperationRunner.java:157)
Compile TV & Mobile APKs	Build Android TV & Mobile APKs	2026-09-07T03:31:00.4043376Z 	at org.gradle.internal.operations.DefaultBuildOperationRunner.execute(DefaultBuildOperationRunner.java:59)
Compile TV & Mobile APKs	Build Android TV & Mobile APKs	2026-09-07T03:31:00.4043722Z 	at org.gradle.internal.operations.DefaultBuildOperationRunner.call(DefaultBuildOperationRunner.java:53)
Compile TV & Mobile APKs	Build Android TV & Mobile APKs	2026-09-07T03:31:00.4044090Z 	at org.gradle.internal.operations.DefaultBuildOperationExecutor.call(DefaultBuildOperationExecutor.java:73)
Compile TV & Mobile APKs	Build Android TV & Mobile APKs	2026-09-07T03:31:00.4044602Z 	at org.gradle.api.internal.tasks.execution.EventFiringTaskExecuter.execute(EventFiringTaskExecuter.java:52)
Compile TV & Mobile APKs	Build Android TV & Mobile APKs	2026-09-07T03:31:00.4044893Z 	at org.gradle.execution.plan.LocalTaskNodeExecutor.execute(LocalTaskNodeExecutor.java:42)
Compile TV & Mobile APKs	Build Android TV & Mobile APKs	2026-09-07T03:31:00.4045348Z 	at org.gradle.execution.taskgraph.DefaultTaskExecutionGraph$InvokeNodeExecutorsAction.execute(DefaultTaskExecutionGraph.java:331)
Compile TV & Mobile APKs	Build Android TV & Mobile APKs	2026-09-07T03:31:00.4045790Z 	at org.gradle.execution.taskgraph.DefaultTaskExecutionGraph$InvokeNodeExecutorsAction.execute(DefaultTaskExecutionGraph.java:318)
Compile TV & Mobile APKs	Build Android TV & Mobile APKs	2026-09-07T03:31:00.4046334Z 	at org.gradle.execution.taskgraph.DefaultTaskExecutionGraph$BuildOperationAwareExecutionAction.lambda$execute$0(DefaultTaskExecutionGraph.java:314)
Compile TV & Mobile APKs	Build Android TV & Mobile APKs	2026-09-07T03:31:00.4046661Z 	at org.gradle.internal.operations.CurrentBuildOperationRef.with(CurrentBuildOperationRef.java:80)
Compile TV & Mobile APKs	Build Android TV & Mobile APKs	2026-09-07T03:31:00.4047154Z 	at org.gradle.execution.taskgraph.DefaultTaskExecutionGraph$BuildOperationAwareExecutionAction.execute(DefaultTaskExecutionGraph.java:314)
Compile TV & Mobile APKs	Build Android TV & Mobile APKs	2026-09-07T03:31:00.4047649Z 	at org.gradle.execution.taskgraph.DefaultTaskExecutionGraph$BuildOperationAwareExecutionAction.execute(DefaultTaskExecutionGraph.java:303)
Compile TV & Mobile APKs	Build Android TV & Mobile APKs	2026-09-07T03:31:00.4047973Z 	at org.gradle.execution.plan.DefaultPlanExecutor$ExecutorWorker.execute(DefaultPlanExecutor.java:463)
Compile TV & Mobile APKs	Build Android TV & Mobile APKs	2026-09-07T03:31:00.4048279Z 	at org.gradle.execution.plan.DefaultPlanExecutor$ExecutorWorker.run(DefaultPlanExecutor.java:380)
Compile TV & Mobile APKs	Build Android TV & Mobile APKs	2026-09-07T03:31:00.4048552Z 	at org.gradle.execution.plan.DefaultPlanExecutor.process(DefaultPlanExecutor.java:116)
Compile TV & Mobile APKs	Build Android TV & Mobile APKs	2026-09-07T03:31:00.4048963Z 	at org.gradle.execution.taskgraph.DefaultTaskExecutionGraph.executeWithServices(DefaultTaskExecutionGraph.java:138)
Compile TV & Mobile APKs	Build Android TV & Mobile APKs	2026-09-07T03:31:00.4049314Z 	at org.gradle.execution.taskgraph.DefaultTaskExecutionGraph.execute(DefaultTaskExecutionGraph.java:123)
Compile TV & Mobile APKs	Build Android TV & Mobile APKs	2026-09-07T03:31:00.4049630Z 	at org.gradle.execution.SelectedTaskExecutionAction.execute(SelectedTaskExecutionAction.java:35)
Compile TV & Mobile APKs	Build Android TV & Mobile APKs	2026-09-07T03:31:00.4050067Z 	at org.gradle.execution.DryRunBuildExecutionAction.execute(DryRunBuildExecutionAction.java:51)
Compile TV & Mobile APKs	Build Android TV & Mobile APKs	2026-09-07T03:31:00.4050548Z 	at org.gradle.execution.BuildOperationFiringBuildWorkerExecutor$ExecuteTasks.call(BuildOperationFiringBuildWorkerExecutor.java:54)
Compile TV & Mobile APKs	Build Android TV & Mobile APKs	2026-09-07T03:31:00.4051004Z 	at org.gradle.execution.BuildOperationFiringBuildWorkerExecutor$ExecuteTasks.call(BuildOperationFiringBuildWorkerExecutor.java:43)
Compile TV & Mobile APKs	Build Android TV & Mobile APKs	2026-09-07T03:31:00.4051525Z 	at org.gradle.internal.operations.DefaultBuildOperationRunner$CallableBuildOperationWorker.execute(DefaultBuildOperationRunner.java:200)
Compile TV & Mobile APKs	Build Android TV & Mobile APKs	2026-09-07T03:31:00.4052001Z 	at org.gradle.internal.operations.DefaultBuildOperationRunner$CallableBuildOperationWorker.execute(DefaultBuildOperationRunner.java:195)
Compile TV & Mobile APKs	Build Android TV & Mobile APKs	2026-09-07T03:31:00.4052371Z 	at org.gradle.internal.operations.DefaultBuildOperationRunner$2.execute(DefaultBuildOperationRunner.java:66)
Compile TV & Mobile APKs	Build Android TV & Mobile APKs	2026-09-07T03:31:00.4052853Z 	at org.gradle.internal.operations.DefaultBuildOperationRunner$2.execute(DefaultBuildOperationRunner.java:59)
Compile TV & Mobile APKs	Build Android TV & Mobile APKs	2026-09-07T03:31:00.4053220Z 	at org.gradle.internal.operations.DefaultBuildOperationRunner.execute(DefaultBuildOperationRunner.java:157)
Compile TV & Mobile APKs	Build Android TV & Mobile APKs	2026-09-07T03:31:00.4053586Z 	at org.gradle.internal.operations.DefaultBuildOperationRunner.execute(DefaultBuildOperationRunner.java:59)
Compile TV & Mobile APKs	Build Android TV & Mobile APKs	2026-09-07T03:31:00.4053929Z 	at org.gradle.internal.operations.DefaultBuildOperationRunner.call(DefaultBuildOperationRunner.java:53)
Compile TV & Mobile APKs	Build Android TV & Mobile APKs	2026-09-07T03:31:00.4054295Z 	at org.gradle.internal.operations.DefaultBuildOperationExecutor.call(DefaultBuildOperationExecutor.java:73)
Compile TV & Mobile APKs	Build Android TV & Mobile APKs	2026-09-07T03:31:00.4054732Z 	at org.gradle.execution.BuildOperationFiringBuildWorkerExecutor.execute(BuildOperationFiringBuildWorkerExecutor.java:40)
Compile TV & Mobile APKs	Build Android TV & Mobile APKs	2026-09-07T03:31:00.4055162Z 	at org.gradle.internal.build.DefaultBuildLifecycleController.lambda$executeTasks$10(DefaultBuildLifecycleController.java:313)
Compile TV & Mobile APKs	Build Android TV & Mobile APKs	2026-09-07T03:31:00.4055520Z 	at org.gradle.internal.model.StateTransitionController.doTransition(StateTransitionController.java:266)
Compile TV & Mobile APKs	Build Android TV & Mobile APKs	2026-09-07T03:31:00.4055890Z 	at org.gradle.internal.model.StateTransitionController.lambda$tryTransition$8(StateTransitionController.java:177)
Compile TV & Mobile APKs	Build Android TV & Mobile APKs	2026-09-07T03:31:00.4056275Z 	at org.gradle.internal.work.DefaultSynchronizer.withLock(DefaultSynchronizer.java:44)
Compile TV & Mobile APKs	Build Android TV & Mobile APKs	2026-09-07T03:31:00.4056632Z 	at org.gradle.internal.model.StateTransitionController.tryTransition(StateTransitionController.java:177)
Compile TV & Mobile APKs	Build Android TV & Mobile APKs	2026-09-07T03:31:00.4057031Z 	at org.gradle.internal.build.DefaultBuildLifecycleController.executeTasks(DefaultBuildLifecycleController.java:304)
Compile TV & Mobile APKs	Build Android TV & Mobile APKs	2026-09-07T03:31:00.4057498Z 	at org.gradle.internal.build.DefaultBuildWorkGraphController$DefaultBuildWorkGraph.runWork(DefaultBuildWorkGraphController.java:220)
Compile TV & Mobile APKs	Build Android TV & Mobile APKs	2026-09-07T03:31:00.4057822Z 	at org.gradle.internal.work.DefaultWorkerLeaseService.withLocks(DefaultWorkerLeaseService.java:264)
Compile TV & Mobile APKs	Build Android TV & Mobile APKs	2026-09-07T03:31:00.4058194Z 	at org.gradle.internal.work.DefaultWorkerLeaseService.runAsWorkerThread(DefaultWorkerLeaseService.java:128)
Compile TV & Mobile APKs	Build Android TV & Mobile APKs	2026-09-07T03:31:00.4058507Z 	at org.gradle.composite.internal.DefaultBuildController.doRun(DefaultBuildController.java:181)
Compile TV & Mobile APKs	Build Android TV & Mobile APKs	2026-09-07T03:31:00.4058826Z 	at org.gradle.composite.internal.DefaultBuildController.access$000(DefaultBuildController.java:50)
Compile TV & Mobile APKs	Build Android TV & Mobile APKs	2026-09-07T03:31:00.4059217Z 	at org.gradle.composite.internal.DefaultBuildController$BuildOpRunnable.lambda$run$0(DefaultBuildController.java:198)
Compile TV & Mobile APKs	Build Android TV & Mobile APKs	2026-09-07T03:31:00.4059532Z 	at org.gradle.internal.operations.CurrentBuildOperationRef.with(CurrentBuildOperationRef.java:80)
Compile TV & Mobile APKs	Build Android TV & Mobile APKs	2026-09-07T03:31:00.4060074Z 	at org.gradle.composite.internal.DefaultBuildController$BuildOpRunnable.run(DefaultBuildController.java:198)
Compile TV & Mobile APKs	Build Android TV & Mobile APKs	2026-09-07T03:31:00.4060465Z 	at org.gradle.internal.concurrent.ExecutorPolicy$CatchAndRecordFailures.onExecute(ExecutorPolicy.java:64)
Compile TV & Mobile APKs	Build Android TV & Mobile APKs	2026-09-07T03:31:00.4060777Z 	at org.gradle.internal.concurrent.AbstractManagedExecutor$1.run(AbstractManagedExecutor.java:47)
Compile TV & Mobile APKs	Build Android TV & Mobile APKs	2026-09-07T03:31:00.4061581Z Caused by: org.gradle.workers.internal.DefaultWorkerExecutor$WorkExecutionException: A failure occurred while executing org.jetbrains.kotlin.compilerRunner.GradleCompilerRunnerWithWorkers$GradleKotlinCompilerWorkAction
Compile TV & Mobile APKs	Build Android TV & Mobile APKs	2026-09-07T03:31:00.4061992Z 	at org.gradle.workers.internal.DefaultWorkerExecutor$WorkItemExecution.waitForCompletion(DefaultWorkerExecutor.java:287)
Compile TV & Mobile APKs	Build Android TV & Mobile APKs	2026-09-07T03:31:00.4062420Z 	at org.gradle.internal.work.DefaultAsyncWorkTracker.lambda$waitForItemsAndGatherFailures$2(DefaultAsyncWorkTracker.java:130)
Compile TV & Mobile APKs	Build Android TV & Mobile APKs	2026-09-07T03:31:00.4062588Z 	at org.gradle.internal.Factories$1.create(Factories.java:31)
Compile TV & Mobile APKs	Build Android TV & Mobile APKs	2026-09-07T03:31:00.4062930Z 	at org.gradle.internal.work.DefaultWorkerLeaseService.withoutLocks(DefaultWorkerLeaseService.java:336)
Compile TV & Mobile APKs	Build Android TV & Mobile APKs	2026-09-07T03:31:00.4063274Z 	at org.gradle.internal.work.DefaultWorkerLeaseService.withoutLocks(DefaultWorkerLeaseService.java:319)
Compile TV & Mobile APKs	Build Android TV & Mobile APKs	2026-09-07T03:31:00.4063607Z 	at org.gradle.internal.work.DefaultWorkerLeaseService.withoutLock(DefaultWorkerLeaseService.java:324)
Compile TV & Mobile APKs	Build Android TV & Mobile APKs	2026-09-07T03:31:00.4064166Z 	at org.gradle.internal.work.DefaultAsyncWorkTracker.waitForItemsAndGatherFailures(DefaultAsyncWorkTracker.java:126)
Compile TV & Mobile APKs	Build Android TV & Mobile APKs	2026-09-07T03:31:00.4064584Z 	at org.gradle.internal.work.DefaultAsyncWorkTracker.waitForItemsAndGatherFailures(DefaultAsyncWorkTracker.java:92)
Compile TV & Mobile APKs	Build Android TV & Mobile APKs	2026-09-07T03:31:00.4064892Z 	at org.gradle.internal.work.DefaultAsyncWorkTracker.waitForAll(DefaultAsyncWorkTracker.java:78)
Compile TV & Mobile APKs	Build Android TV & Mobile APKs	2026-09-07T03:31:00.4065250Z 	at org.gradle.internal.work.DefaultAsyncWorkTracker.waitForCompletion(DefaultAsyncWorkTracker.java:66)
Compile TV & Mobile APKs	Build Android TV & Mobile APKs	2026-09-07T03:31:00.4065516Z 	at org.gradle.api.internal.tasks.execution.TaskExecution$3.run(TaskExecution.java:252)
Compile TV & Mobile APKs	Build Android TV & Mobile APKs	2026-09-07T03:31:00.4065875Z 	at org.gradle.internal.operations.DefaultBuildOperationRunner$1.execute(DefaultBuildOperationRunner.java:29)
Compile TV & Mobile APKs	Build Android TV & Mobile APKs	2026-09-07T03:31:00.4066239Z 	at org.gradle.internal.operations.DefaultBuildOperationRunner$1.execute(DefaultBuildOperationRunner.java:26)
Compile TV & Mobile APKs	Build Android TV & Mobile APKs	2026-09-07T03:31:00.4066595Z 	at org.gradle.internal.operations.DefaultBuildOperationRunner$2.execute(DefaultBuildOperationRunner.java:66)
Compile TV & Mobile APKs	Build Android TV & Mobile APKs	2026-09-07T03:31:00.4066953Z 	at org.gradle.internal.operations.DefaultBuildOperationRunner$2.execute(DefaultBuildOperationRunner.java:59)
Compile TV & Mobile APKs	Build Android TV & Mobile APKs	2026-09-07T03:31:00.4067435Z 	at org.gradle.internal.operations.DefaultBuildOperationRunner.execute(DefaultBuildOperationRunner.java:157)
Compile TV & Mobile APKs	Build Android TV & Mobile APKs	2026-09-07T03:31:00.4067799Z 	at org.gradle.internal.operations.DefaultBuildOperationRunner.execute(DefaultBuildOperationRunner.java:59)
Compile TV & Mobile APKs	Build Android TV & Mobile APKs	2026-09-07T03:31:00.4068141Z 	at org.gradle.internal.operations.DefaultBuildOperationRunner.run(DefaultBuildOperationRunner.java:47)
Compile TV & Mobile APKs	Build Android TV & Mobile APKs	2026-09-07T03:31:00.4068499Z 	at org.gradle.internal.operations.DefaultBuildOperationExecutor.run(DefaultBuildOperationExecutor.java:68)
Compile TV & Mobile APKs	Build Android TV & Mobile APKs	2026-09-07T03:31:00.4068809Z 	at org.gradle.api.internal.tasks.execution.TaskExecution.executeAction(TaskExecution.java:229)
Compile TV & Mobile APKs	Build Android TV & Mobile APKs	2026-09-07T03:31:00.4069121Z 	at org.gradle.api.internal.tasks.execution.TaskExecution.executeActions(TaskExecution.java:212)
Compile TV & Mobile APKs	Build Android TV & Mobile APKs	2026-09-07T03:31:00.4069518Z 	at org.gradle.api.internal.tasks.execution.TaskExecution.executeWithPreviousOutputFiles(TaskExecution.java:195)
Compile TV & Mobile APKs	Build Android TV & Mobile APKs	2026-09-07T03:31:00.4069967Z 	at org.gradle.api.internal.tasks.execution.TaskExecution.execute(TaskExecution.java:162)
Compile TV & Mobile APKs	Build Android TV & Mobile APKs	2026-09-07T03:31:00.4070255Z 	at org.gradle.internal.execution.steps.ExecuteStep.executeInternal(ExecuteStep.java:105)
Compile TV & Mobile APKs	Build Android TV & Mobile APKs	2026-09-07T03:31:00.4070507Z 	at org.gradle.internal.execution.steps.ExecuteStep.access$000(ExecuteStep.java:44)
Compile TV & Mobile APKs	Build Android TV & Mobile APKs	2026-09-07T03:31:00.4070740Z 	at org.gradle.internal.execution.steps.ExecuteStep$1.call(ExecuteStep.java:59)
Compile TV & Mobile APKs	Build Android TV & Mobile APKs	2026-09-07T03:31:00.4070971Z 	at org.gradle.internal.execution.steps.ExecuteStep$1.call(ExecuteStep.java:56)
Compile TV & Mobile APKs	Build Android TV & Mobile APKs	2026-09-07T03:31:00.4071462Z 	at org.gradle.internal.operations.DefaultBuildOperationRunner$CallableBuildOperationWorker.execute(DefaultBuildOperationRunner.java:200)
Compile TV & Mobile APKs	Build Android TV & Mobile APKs	2026-09-07T03:31:00.4071941Z 	at org.gradle.internal.operations.DefaultBuildOperationRunner$CallableBuildOperationWorker.execute(DefaultBuildOperationRunner.java:195)
Compile TV & Mobile APKs	Build Android TV & Mobile APKs	2026-09-07T03:31:00.4072308Z 	at org.gradle.internal.operations.DefaultBuildOperationRunner$2.execute(DefaultBuildOperationRunner.java:66)
Compile TV & Mobile APKs	Build Android TV & Mobile APKs	2026-09-07T03:31:00.4072662Z 	at org.gradle.internal.operations.DefaultBuildOperationRunner$2.execute(DefaultBuildOperationRunner.java:59)
Compile TV & Mobile APKs	Build Android TV & Mobile APKs	2026-09-07T03:31:00.4073031Z 	at org.gradle.internal.operations.DefaultBuildOperationRunner.execute(DefaultBuildOperationRunner.java:157)
Compile TV & Mobile APKs	Build Android TV & Mobile APKs	2026-09-07T03:31:00.4073400Z 	at org.gradle.internal.operations.DefaultBuildOperationRunner.execute(DefaultBuildOperationRunner.java:59)
Compile TV & Mobile APKs	Build Android TV & Mobile APKs	2026-09-07T03:31:00.4073746Z 	at org.gradle.internal.operations.DefaultBuildOperationRunner.call(DefaultBuildOperationRunner.java:53)
Compile TV & Mobile APKs	Build Android TV & Mobile APKs	2026-09-07T03:31:00.4074112Z 	at org.gradle.internal.operations.DefaultBuildOperationExecutor.call(DefaultBuildOperationExecutor.java:73)
Compile TV & Mobile APKs	Build Android TV & Mobile APKs	2026-09-07T03:31:00.4074633Z 	at org.gradle.internal.execution.steps.ExecuteStep.execute(ExecuteStep.java:56)
Compile TV & Mobile APKs	Build Android TV & Mobile APKs	2026-09-07T03:31:00.4075116Z 	at org.gradle.internal.execution.steps.ExecuteStep.execute(ExecuteStep.java:44)
Compile TV & Mobile APKs	Build Android TV & Mobile APKs	2026-09-07T03:31:00.4075444Z 	at org.gradle.internal.execution.steps.CancelExecutionStep.execute(CancelExecutionStep.java:41)
Compile TV & Mobile APKs	Build Android TV & Mobile APKs	2026-09-07T03:31:00.4075753Z 	at org.gradle.internal.execution.steps.TimeoutStep.executeWithoutTimeout(TimeoutStep.java:74)
Compile TV & Mobile APKs	Build Android TV & Mobile APKs	2026-09-07T03:31:00.4076003Z 	at org.gradle.internal.execution.steps.TimeoutStep.execute(TimeoutStep.java:55)
Compile TV & Mobile APKs	Build Android TV & Mobile APKs	2026-09-07T03:31:00.4076386Z 	at org.gradle.internal.execution.steps.PreCreateOutputParentsStep.execute(PreCreateOutputParentsStep.java:50)
Compile TV & Mobile APKs	Build Android TV & Mobile APKs	2026-09-07T03:31:00.4076765Z 	at org.gradle.internal.execution.steps.PreCreateOutputParentsStep.execute(PreCreateOutputParentsStep.java:28)
Compile TV & Mobile APKs	Build Android TV & Mobile APKs	2026-09-07T03:31:00.4077139Z 	at org.gradle.internal.execution.steps.RemovePreviousOutputsStep.execute(RemovePreviousOutputsStep.java:67)
Compile TV & Mobile APKs	Build Android TV & Mobile APKs	2026-09-07T03:31:00.4077500Z 	at org.gradle.internal.execution.steps.RemovePreviousOutputsStep.execute(RemovePreviousOutputsStep.java:37)
Compile TV & Mobile APKs	Build Android TV & Mobile APKs	2026-09-07T03:31:00.4077903Z 	at org.gradle.internal.execution.steps.BroadcastChangingOutputsStep.execute(BroadcastChangingOutputsStep.java:61)
Compile TV & Mobile APKs	Build Android TV & Mobile APKs	2026-09-07T03:31:00.4078295Z 	at org.gradle.internal.execution.steps.BroadcastChangingOutputsStep.execute(BroadcastChangingOutputsStep.java:26)
Compile TV & Mobile APKs	Build Android TV & Mobile APKs	2026-09-07T03:31:00.4078853Z 	at org.gradle.internal.execution.steps.CaptureOutputsAfterExecutionStep.execute(CaptureOutputsAfterExecutionStep.java:67)
Compile TV & Mobile APKs	Build Android TV & Mobile APKs	2026-09-07T03:31:00.4079295Z 	at org.gradle.internal.execution.steps.CaptureOutputsAfterExecutionStep.execute(CaptureOutputsAfterExecutionStep.java:45)
Compile TV & Mobile APKs	Build Android TV & Mobile APKs	2026-09-07T03:31:00.4079650Z 	at org.gradle.internal.execution.steps.ResolveInputChangesStep.execute(ResolveInputChangesStep.java:40)
Compile TV & Mobile APKs	Build Android TV & Mobile APKs	2026-09-07T03:31:00.4080228Z 	at org.gradle.internal.execution.steps.ResolveInputChangesStep.execute(ResolveInputChangesStep.java:29)
Compile TV & Mobile APKs	Build Android TV & Mobile APKs	2026-09-07T03:31:00.4080560Z 	at org.gradle.internal.execution.steps.BuildCacheStep.executeWithoutCache(BuildCacheStep.java:189)
Compile TV & Mobile APKs	Build Android TV & Mobile APKs	2026-09-07T03:31:00.4080862Z 	at org.gradle.internal.execution.steps.BuildCacheStep.lambda$execute$1(BuildCacheStep.java:75)
Compile TV & Mobile APKs	Build Android TV & Mobile APKs	2026-09-07T03:31:00.4081022Z 	at org.gradle.internal.Either$Right.fold(Either.java:175)
Compile TV & Mobile APKs	Build Android TV & Mobile APKs	2026-09-07T03:31:00.4081270Z 	at org.gradle.internal.execution.caching.CachingState.fold(CachingState.java:62)
Compile TV & Mobile APKs	Build Android TV & Mobile APKs	2026-09-07T03:31:00.4081541Z 	at org.gradle.internal.execution.steps.BuildCacheStep.execute(BuildCacheStep.java:73)
Compile TV & Mobile APKs	Build Android TV & Mobile APKs	2026-09-07T03:31:00.4081800Z 	at org.gradle.internal.execution.steps.BuildCacheStep.execute(BuildCacheStep.java:48)
Compile TV & Mobile APKs	Build Android TV & Mobile APKs	2026-09-07T03:31:00.4082151Z 	at org.gradle.internal.execution.steps.StoreExecutionStateStep.execute(StoreExecutionStateStep.java:46)
Compile TV & Mobile APKs	Build Android TV & Mobile APKs	2026-09-07T03:31:00.4082498Z 	at org.gradle.internal.execution.steps.StoreExecutionStateStep.execute(StoreExecutionStateStep.java:35)
Compile TV & Mobile APKs	Build Android TV & Mobile APKs	2026-09-07T03:31:00.4082813Z 	at org.gradle.internal.execution.steps.SkipUpToDateStep.executeBecause(SkipUpToDateStep.java:76)
Compile TV & Mobile APKs	Build Android TV & Mobile APKs	2026-09-07T03:31:00.4083134Z 	at org.gradle.internal.execution.steps.SkipUpToDateStep.lambda$execute$2(SkipUpToDateStep.java:54)
Compile TV & Mobile APKs	Build Android TV & Mobile APKs	2026-09-07T03:31:00.4083421Z 	at org.gradle.internal.execution.steps.SkipUpToDateStep.execute(SkipUpToDateStep.java:54)
Compile TV & Mobile APKs	Build Android TV & Mobile APKs	2026-09-07T03:31:00.4083702Z 	at org.gradle.internal.execution.steps.SkipUpToDateStep.execute(SkipUpToDateStep.java:36)
Compile TV & Mobile APKs	Build Android TV & Mobile APKs	2026-09-07T03:31:00.4084210Z 	at org.gradle.internal.execution.steps.legacy.MarkSnapshottingInputsFinishedStep.execute(MarkSnapshottingInputsFinishedStep.java:37)
Compile TV & Mobile APKs	Build Android TV & Mobile APKs	2026-09-07T03:31:00.4084702Z 	at org.gradle.internal.execution.steps.legacy.MarkSnapshottingInputsFinishedStep.execute(MarkSnapshottingInputsFinishedStep.java:27)
Compile TV & Mobile APKs	Build Android TV & Mobile APKs	2026-09-07T03:31:00.4085204Z 	at org.gradle.internal.execution.steps.ResolveIncrementalCachingStateStep.executeDelegate(ResolveIncrementalCachingStateStep.java:49)
Compile TV & Mobile APKs	Build Android TV & Mobile APKs	2026-09-07T03:31:00.4085692Z 	at org.gradle.internal.execution.steps.ResolveIncrementalCachingStateStep.executeDelegate(ResolveIncrementalCachingStateStep.java:27)
Compile TV & Mobile APKs	Build Android TV & Mobile APKs	2026-09-07T03:31:00.4086126Z 	at org.gradle.internal.execution.steps.AbstractResolveCachingStateStep.execute(AbstractResolveCachingStateStep.java:71)
Compile TV & Mobile APKs	Build Android TV & Mobile APKs	2026-09-07T03:31:00.4086684Z 	at org.gradle.internal.execution.steps.AbstractResolveCachingStateStep.execute(AbstractResolveCachingStateStep.java:39)
Compile TV & Mobile APKs	Build Android TV & Mobile APKs	2026-09-07T03:31:00.4086986Z 	at org.gradle.internal.execution.steps.ResolveChangesStep.execute(ResolveChangesStep.java:65)
Compile TV & Mobile APKs	Build Android TV & Mobile APKs	2026-09-07T03:31:00.4087291Z 	at org.gradle.internal.execution.steps.ResolveChangesStep.execute(ResolveChangesStep.java:36)
Compile TV & Mobile APKs	Build Android TV & Mobile APKs	2026-09-07T03:31:00.4087545Z 	at org.gradle.internal.execution.steps.ValidateStep.execute(ValidateStep.java:106)
Compile TV & Mobile APKs	Build Android TV & Mobile APKs	2026-09-07T03:31:00.4087799Z 	at org.gradle.internal.execution.steps.ValidateStep.execute(ValidateStep.java:55)
Compile TV & Mobile APKs	Build Android TV & Mobile APKs	2026-09-07T03:31:00.4088309Z 	at org.gradle.internal.execution.steps.AbstractCaptureStateBeforeExecutionStep.execute(AbstractCaptureStateBeforeExecutionStep.java:64)
Compile TV & Mobile APKs	Build Android TV & Mobile APKs	2026-09-07T03:31:00.4088810Z 	at org.gradle.internal.execution.steps.AbstractCaptureStateBeforeExecutionStep.execute(AbstractCaptureStateBeforeExecutionStep.java:43)
Compile TV & Mobile APKs	Build Android TV & Mobile APKs	2026-09-07T03:31:00.4089287Z 	at org.gradle.internal.execution.steps.AbstractSkipEmptyWorkStep.executeWithNonEmptySources(AbstractSkipEmptyWorkStep.java:125)
Compile TV & Mobile APKs	Build Android TV & Mobile APKs	2026-09-07T03:31:00.4089659Z 	at org.gradle.internal.execution.steps.AbstractSkipEmptyWorkStep.execute(AbstractSkipEmptyWorkStep.java:61)
Compile TV & Mobile APKs	Build Android TV & Mobile APKs	2026-09-07T03:31:00.4090299Z 	at org.gradle.internal.execution.steps.AbstractSkipEmptyWorkStep.execute(AbstractSkipEmptyWorkStep.java:36)
Compile TV & Mobile APKs	Build Android TV & Mobile APKs	2026-09-07T03:31:00.4090791Z 	at org.gradle.internal.execution.steps.legacy.MarkSnapshottingInputsStartedStep.execute(MarkSnapshottingInputsStartedStep.java:38)
Compile TV & Mobile APKs	Build Android TV & Mobile APKs	2026-09-07T03:31:00.4091211Z 	at org.gradle.internal.execution.steps.LoadPreviousExecutionStateStep.execute(LoadPreviousExecutionStateStep.java:36)
Compile TV & Mobile APKs	Build Android TV & Mobile APKs	2026-09-07T03:31:00.4091629Z 	at org.gradle.internal.execution.steps.LoadPreviousExecutionStateStep.execute(LoadPreviousExecutionStateStep.java:23)
Compile TV & Mobile APKs	Build Android TV & Mobile APKs	2026-09-07T03:31:00.4091977Z 	at org.gradle.internal.execution.steps.HandleStaleOutputsStep.execute(HandleStaleOutputsStep.java:75)
Compile TV & Mobile APKs	Build Android TV & Mobile APKs	2026-09-07T03:31:00.4092311Z 	at org.gradle.internal.execution.steps.HandleStaleOutputsStep.execute(HandleStaleOutputsStep.java:41)
Compile TV & Mobile APKs	Build Android TV & Mobile APKs	2026-09-07T03:31:00.4092731Z 	at org.gradle.internal.execution.steps.AssignMutableWorkspaceStep.lambda$execute$0(AssignMutableWorkspaceStep.java:35)
Compile TV & Mobile APKs	Build Android TV & Mobile APKs	2026-09-07T03:31:00.4093034Z 	at org.gradle.api.internal.tasks.execution.TaskExecution$4.withWorkspace(TaskExecution.java:289)
Compile TV & Mobile APKs	Build Android TV & Mobile APKs	2026-09-07T03:31:00.4093414Z 	at org.gradle.internal.execution.steps.AssignMutableWorkspaceStep.execute(AssignMutableWorkspaceStep.java:31)
Compile TV & Mobile APKs	Build Android TV & Mobile APKs	2026-09-07T03:31:00.4093791Z 	at org.gradle.internal.execution.steps.AssignMutableWorkspaceStep.execute(AssignMutableWorkspaceStep.java:22)
Compile TV & Mobile APKs	Build Android TV & Mobile APKs	2026-09-07T03:31:00.4094091Z 	at org.gradle.internal.execution.steps.ChoosePipelineStep.execute(ChoosePipelineStep.java:40)
Compile TV & Mobile APKs	Build Android TV & Mobile APKs	2026-09-07T03:31:00.4094392Z 	at org.gradle.internal.execution.steps.ChoosePipelineStep.execute(ChoosePipelineStep.java:23)
Compile TV & Mobile APKs	Build Android TV & Mobile APKs	2026-09-07T03:31:00.4094893Z 	at org.gradle.internal.execution.steps.ExecuteWorkBuildOperationFiringStep.lambda$execute$2(ExecuteWorkBuildOperationFiringStep.java:67)
Compile TV & Mobile APKs	Build Android TV & Mobile APKs	2026-09-07T03:31:00.4095368Z 	at org.gradle.internal.execution.steps.ExecuteWorkBuildOperationFiringStep.execute(ExecuteWorkBuildOperationFiringStep.java:67)
Compile TV & Mobile APKs	Build Android TV & Mobile APKs	2026-09-07T03:31:00.4095841Z 	at org.gradle.internal.execution.steps.ExecuteWorkBuildOperationFiringStep.execute(ExecuteWorkBuildOperationFiringStep.java:39)
Compile TV & Mobile APKs	Build Android TV & Mobile APKs	2026-09-07T03:31:00.4096140Z 	at org.gradle.internal.execution.steps.IdentityCacheStep.execute(IdentityCacheStep.java:46)
Compile TV & Mobile APKs	Build Android TV & Mobile APKs	2026-09-07T03:31:00.4096433Z 	at org.gradle.internal.execution.steps.IdentityCacheStep.execute(IdentityCacheStep.java:34)
Compile TV & Mobile APKs	Build Android TV & Mobile APKs	2026-09-07T03:31:00.4096685Z 	at org.gradle.internal.execution.steps.IdentifyStep.execute(IdentifyStep.java:48)
Compile TV & Mobile APKs	Build Android TV & Mobile APKs	2026-09-07T03:31:00.4096933Z 	at org.gradle.internal.execution.steps.IdentifyStep.execute(IdentifyStep.java:35)
Compile TV & Mobile APKs	Build Android TV & Mobile APKs	2026-09-07T03:31:00.4097274Z 	at org.gradle.internal.execution.impl.DefaultExecutionEngine$1.execute(DefaultExecutionEngine.java:61)
Compile TV & Mobile APKs	Build Android TV & Mobile APKs	2026-09-07T03:31:00.4097708Z 	at org.gradle.api.internal.tasks.execution.ExecuteActionsTaskExecuter.executeIfValid(ExecuteActionsTaskExecuter.java:127)
Compile TV & Mobile APKs	Build Android TV & Mobile APKs	2026-09-07T03:31:00.4098236Z 	at org.gradle.api.internal.tasks.execution.ExecuteActionsTaskExecuter.execute(ExecuteActionsTaskExecuter.java:116)
Compile TV & Mobile APKs	Build Android TV & Mobile APKs	2026-09-07T03:31:00.4098670Z 	at org.gradle.api.internal.tasks.execution.FinalizePropertiesTaskExecuter.execute(FinalizePropertiesTaskExecuter.java:46)
Compile TV & Mobile APKs	Build Android TV & Mobile APKs	2026-09-07T03:31:00.4099127Z 	at org.gradle.api.internal.tasks.execution.ResolveTaskExecutionModeExecuter.execute(ResolveTaskExecutionModeExecuter.java:51)
Compile TV & Mobile APKs	Build Android TV & Mobile APKs	2026-09-07T03:31:00.4099555Z 	at org.gradle.api.internal.tasks.execution.SkipTaskWithNoActionsExecuter.execute(SkipTaskWithNoActionsExecuter.java:57)
Compile TV & Mobile APKs	Build Android TV & Mobile APKs	2026-09-07T03:31:00.4100129Z 	at org.gradle.api.internal.tasks.execution.SkipOnlyIfTaskExecuter.execute(SkipOnlyIfTaskExecuter.java:74)
Compile TV & Mobile APKs	Build Android TV & Mobile APKs	2026-09-07T03:31:00.4100559Z 	at org.gradle.api.internal.tasks.execution.CatchExceptionTaskExecuter.execute(CatchExceptionTaskExecuter.java:36)
Compile TV & Mobile APKs	Build Android TV & Mobile APKs	2026-09-07T03:31:00.4100938Z 	at org.gradle.api.internal.tasks.execution.EventFiringTaskExecuter$1.executeTask(EventFiringTaskExecuter.java:77)
Compile TV & Mobile APKs	Build Android TV & Mobile APKs	2026-09-07T03:31:00.4101300Z 	at org.gradle.api.internal.tasks.execution.EventFiringTaskExecuter$1.call(EventFiringTaskExecuter.java:55)
Compile TV & Mobile APKs	Build Android TV & Mobile APKs	2026-09-07T03:31:00.4101653Z 	at org.gradle.api.internal.tasks.execution.EventFiringTaskExecuter$1.call(EventFiringTaskExecuter.java:52)
Compile TV & Mobile APKs	Build Android TV & Mobile APKs	2026-09-07T03:31:00.4102268Z 	at org.gradle.internal.operations.DefaultBuildOperationRunner$CallableBuildOperationWorker.execute(DefaultBuildOperationRunner.java:200)
Compile TV & Mobile APKs	Build Android TV & Mobile APKs	2026-09-07T03:31:00.4102755Z 	at org.gradle.internal.operations.DefaultBuildOperationRunner$CallableBuildOperationWorker.execute(DefaultBuildOperationRunner.java:195)
Compile TV & Mobile APKs	Build Android TV & Mobile APKs	2026-09-07T03:31:00.4103116Z 	at org.gradle.internal.operations.DefaultBuildOperationRunner$2.execute(DefaultBuildOperationRunner.java:66)
Compile TV & Mobile APKs	Build Android TV & Mobile APKs	2026-09-07T03:31:00.4103483Z 	at org.gradle.internal.operations.DefaultBuildOperationRunner$2.execute(DefaultBuildOperationRunner.java:59)
Compile TV & Mobile APKs	Build Android TV & Mobile APKs	2026-09-07T03:31:00.4103851Z 	at org.gradle.internal.operations.DefaultBuildOperationRunner.execute(DefaultBuildOperationRunner.java:157)
Compile TV & Mobile APKs	Build Android TV & Mobile APKs	2026-09-07T03:31:00.4104213Z 	at org.gradle.internal.operations.DefaultBuildOperationRunner.execute(DefaultBuildOperationRunner.java:59)
Compile TV & Mobile APKs	Build Android TV & Mobile APKs	2026-09-07T03:31:00.4104566Z 	at org.gradle.internal.operations.DefaultBuildOperationRunner.call(DefaultBuildOperationRunner.java:53)
Compile TV & Mobile APKs	Build Android TV & Mobile APKs	2026-09-07T03:31:00.4104930Z 	at org.gradle.internal.operations.DefaultBuildOperationExecutor.call(DefaultBuildOperationExecutor.java:73)
Compile TV & Mobile APKs	Build Android TV & Mobile APKs	2026-09-07T03:31:00.4105294Z 	at org.gradle.api.internal.tasks.execution.EventFiringTaskExecuter.execute(EventFiringTaskExecuter.java:52)
Compile TV & Mobile APKs	Build Android TV & Mobile APKs	2026-09-07T03:31:00.4105582Z 	at org.gradle.execution.plan.LocalTaskNodeExecutor.execute(LocalTaskNodeExecutor.java:42)
Compile TV & Mobile APKs	Build Android TV & Mobile APKs	2026-09-07T03:31:00.4106030Z 	at org.gradle.execution.taskgraph.DefaultTaskExecutionGraph$InvokeNodeExecutorsAction.execute(DefaultTaskExecutionGraph.java:331)
Compile TV & Mobile APKs	Build Android TV & Mobile APKs	2026-09-07T03:31:00.4106474Z 	at org.gradle.execution.taskgraph.DefaultTaskExecutionGraph$InvokeNodeExecutorsAction.execute(DefaultTaskExecutionGraph.java:318)
Compile TV & Mobile APKs	Build Android TV & Mobile APKs	2026-09-07T03:31:00.4107005Z 	at org.gradle.execution.taskgraph.DefaultTaskExecutionGraph$BuildOperationAwareExecutionAction.lambda$execute$0(DefaultTaskExecutionGraph.java:314)
Compile TV & Mobile APKs	Build Android TV & Mobile APKs	2026-09-07T03:31:00.4107337Z 	at org.gradle.internal.operations.CurrentBuildOperationRef.with(CurrentBuildOperationRef.java:80)
Compile TV & Mobile APKs	Build Android TV & Mobile APKs	2026-09-07T03:31:00.4107837Z 	at org.gradle.execution.taskgraph.DefaultTaskExecutionGraph$BuildOperationAwareExecutionAction.execute(DefaultTaskExecutionGraph.java:314)
Compile TV & Mobile APKs	Build Android TV & Mobile APKs	2026-09-07T03:31:00.4108322Z 	at org.gradle.execution.taskgraph.DefaultTaskExecutionGraph$BuildOperationAwareExecutionAction.execute(DefaultTaskExecutionGraph.java:303)
Compile TV & Mobile APKs	Build Android TV & Mobile APKs	2026-09-07T03:31:00.4108647Z 	at org.gradle.execution.plan.DefaultPlanExecutor$ExecutorWorker.execute(DefaultPlanExecutor.java:463)
Compile TV & Mobile APKs	Build Android TV & Mobile APKs	2026-09-07T03:31:00.4108947Z 	at org.gradle.execution.plan.DefaultPlanExecutor$ExecutorWorker.run(DefaultPlanExecutor.java:380)
Compile TV & Mobile APKs	Build Android TV & Mobile APKs	2026-09-07T03:31:00.4109229Z 	at org.gradle.execution.plan.DefaultPlanExecutor.process(DefaultPlanExecutor.java:116)
Compile TV & Mobile APKs	Build Android TV & Mobile APKs	2026-09-07T03:31:00.4109899Z 	at org.gradle.execution.taskgraph.DefaultTaskExecutionGraph.executeWithServices(DefaultTaskExecutionGraph.java:138)
Compile TV & Mobile APKs	Build Android TV & Mobile APKs	2026-09-07T03:31:00.4110253Z 	at org.gradle.execution.taskgraph.DefaultTaskExecutionGraph.execute(DefaultTaskExecutionGraph.java:123)
Compile TV & Mobile APKs	Build Android TV & Mobile APKs	2026-09-07T03:31:00.4110580Z 	at org.gradle.execution.SelectedTaskExecutionAction.execute(SelectedTaskExecutionAction.java:35)
Compile TV & Mobile APKs	Build Android TV & Mobile APKs	2026-09-07T03:31:00.4110884Z 	at org.gradle.execution.DryRunBuildExecutionAction.execute(DryRunBuildExecutionAction.java:51)
Compile TV & Mobile APKs	Build Android TV & Mobile APKs	2026-09-07T03:31:00.4111354Z 	at org.gradle.execution.BuildOperationFiringBuildWorkerExecutor$ExecuteTasks.call(BuildOperationFiringBuildWorkerExecutor.java:54)
Compile TV & Mobile APKs	Build Android TV & Mobile APKs	2026-09-07T03:31:00.4111816Z 	at org.gradle.execution.BuildOperationFiringBuildWorkerExecutor$ExecuteTasks.call(BuildOperationFiringBuildWorkerExecutor.java:43)
Compile TV & Mobile APKs	Build Android TV & Mobile APKs	2026-09-07T03:31:00.4112296Z 	at org.gradle.internal.operations.DefaultBuildOperationRunner$CallableBuildOperationWorker.execute(DefaultBuildOperationRunner.java:200)
Compile TV & Mobile APKs	Build Android TV & Mobile APKs	2026-09-07T03:31:00.4112779Z 	at org.gradle.internal.operations.DefaultBuildOperationRunner$CallableBuildOperationWorker.execute(DefaultBuildOperationRunner.java:195)
Compile TV & Mobile APKs	Build Android TV & Mobile APKs	2026-09-07T03:31:00.4113143Z 	at org.gradle.internal.operations.DefaultBuildOperationRunner$2.execute(DefaultBuildOperationRunner.java:66)
Compile TV & Mobile APKs	Build Android TV & Mobile APKs	2026-09-07T03:31:00.4113658Z 	at org.gradle.internal.operations.DefaultBuildOperationRunner$2.execute(DefaultBuildOperationRunner.java:59)
Compile TV & Mobile APKs	Build Android TV & Mobile APKs	2026-09-07T03:31:00.4114027Z 	at org.gradle.internal.operations.DefaultBuildOperationRunner.execute(DefaultBuildOperationRunner.java:157)
Compile TV & Mobile APKs	Build Android TV & Mobile APKs	2026-09-07T03:31:00.4114387Z 	at org.gradle.internal.operations.DefaultBuildOperationRunner.execute(DefaultBuildOperationRunner.java:59)
Compile TV & Mobile APKs	Build Android TV & Mobile APKs	2026-09-07T03:31:00.4114738Z 	at org.gradle.internal.operations.DefaultBuildOperationRunner.call(DefaultBuildOperationRunner.java:53)
Compile TV & Mobile APKs	Build Android TV & Mobile APKs	2026-09-07T03:31:00.4115102Z 	at org.gradle.internal.operations.DefaultBuildOperationExecutor.call(DefaultBuildOperationExecutor.java:73)
Compile TV & Mobile APKs	Build Android TV & Mobile APKs	2026-09-07T03:31:00.4115534Z 	at org.gradle.execution.BuildOperationFiringBuildWorkerExecutor.execute(BuildOperationFiringBuildWorkerExecutor.java:40)
Compile TV & Mobile APKs	Build Android TV & Mobile APKs	2026-09-07T03:31:00.4115967Z 	at org.gradle.internal.build.DefaultBuildLifecycleController.lambda$executeTasks$10(DefaultBuildLifecycleController.java:313)
Compile TV & Mobile APKs	Build Android TV & Mobile APKs	2026-09-07T03:31:00.4116315Z 	at org.gradle.internal.model.StateTransitionController.doTransition(StateTransitionController.java:266)
Compile TV & Mobile APKs	Build Android TV & Mobile APKs	2026-09-07T03:31:00.4116691Z 	at org.gradle.internal.model.StateTransitionController.lambda$tryTransition$8(StateTransitionController.java:177)
Compile TV & Mobile APKs	Build Android TV & Mobile APKs	2026-09-07T03:31:00.4116958Z 	at org.gradle.internal.work.DefaultSynchronizer.withLock(DefaultSynchronizer.java:44)
Compile TV & Mobile APKs	Build Android TV & Mobile APKs	2026-09-07T03:31:00.4117313Z 	at org.gradle.internal.model.StateTransitionController.tryTransition(StateTransitionController.java:177)
Compile TV & Mobile APKs	Build Android TV & Mobile APKs	2026-09-07T03:31:00.4117720Z 	at org.gradle.internal.build.DefaultBuildLifecycleController.executeTasks(DefaultBuildLifecycleController.java:304)
Compile TV & Mobile APKs	Build Android TV & Mobile APKs	2026-09-07T03:31:00.4118183Z 	at org.gradle.internal.build.DefaultBuildWorkGraphController$DefaultBuildWorkGraph.runWork(DefaultBuildWorkGraphController.java:220)
Compile TV & Mobile APKs	Build Android TV & Mobile APKs	2026-09-07T03:31:00.4118518Z 	at org.gradle.internal.work.DefaultWorkerLeaseService.withLocks(DefaultWorkerLeaseService.java:264)
Compile TV & Mobile APKs	Build Android TV & Mobile APKs	2026-09-07T03:31:00.4118885Z 	at org.gradle.internal.work.DefaultWorkerLeaseService.runAsWorkerThread(DefaultWorkerLeaseService.java:128)
Compile TV & Mobile APKs	Build Android TV & Mobile APKs	2026-09-07T03:31:00.4119195Z 	at org.gradle.composite.internal.DefaultBuildController.doRun(DefaultBuildController.java:181)
Compile TV & Mobile APKs	Build Android TV & Mobile APKs	2026-09-07T03:31:00.4119519Z 	at org.gradle.composite.internal.DefaultBuildController.access$000(DefaultBuildController.java:50)
Compile TV & Mobile APKs	Build Android TV & Mobile APKs	2026-09-07T03:31:00.4120186Z 	at org.gradle.composite.internal.DefaultBuildController$BuildOpRunnable.lambda$run$0(DefaultBuildController.java:198)
Compile TV & Mobile APKs	Build Android TV & Mobile APKs	2026-09-07T03:31:00.4120520Z 	at org.gradle.internal.operations.CurrentBuildOperationRef.with(CurrentBuildOperationRef.java:80)
Compile TV & Mobile APKs	Build Android TV & Mobile APKs	2026-09-07T03:31:00.4120879Z 	at org.gradle.composite.internal.DefaultBuildController$BuildOpRunnable.run(DefaultBuildController.java:198)
Compile TV & Mobile APKs	Build Android TV & Mobile APKs	2026-09-07T03:31:00.4121367Z 	at org.gradle.internal.concurrent.ExecutorPolicy$CatchAndRecordFailures.onExecute(ExecutorPolicy.java:64)
Compile TV & Mobile APKs	Build Android TV & Mobile APKs	2026-09-07T03:31:00.4121680Z 	at org.gradle.internal.concurrent.AbstractManagedExecutor$1.run(AbstractManagedExecutor.java:47)
Compile TV & Mobile APKs	Build Android TV & Mobile APKs	2026-09-07T03:31:00.4122055Z Caused by: org.jetbrains.kotlin.gradle.tasks.CompilationErrorException: Compilation error. See log for more details
Compile TV & Mobile APKs	Build Android TV & Mobile APKs	2026-09-07T03:31:00.4122410Z 	at org.jetbrains.kotlin.gradle.tasks.TasksUtilsKt.throwExceptionIfCompilationFailed(tasksUtils.kt:20)
Compile TV & Mobile APKs	Build Android TV & Mobile APKs	2026-09-07T03:31:00.4122756Z 	at org.jetbrains.kotlin.compilerRunner.GradleKotlinCompilerWork.run(GradleKotlinCompilerWork.kt:141)
Compile TV & Mobile APKs	Build Android TV & Mobile APKs	2026-09-07T03:31:00.4123300Z 	at org.jetbrains.kotlin.compilerRunner.GradleCompilerRunnerWithWorkers$GradleKotlinCompilerWorkAction.execute(GradleCompilerRunnerWithWorkers.kt:73)
Compile TV & Mobile APKs	Build Android TV & Mobile APKs	2026-09-07T03:31:00.4123580Z 	at org.gradle.workers.internal.DefaultWorkerServer.execute(DefaultWorkerServer.java:63)
Compile TV & Mobile APKs	Build Android TV & Mobile APKs	2026-09-07T03:31:00.4123900Z 	at org.gradle.workers.internal.NoIsolationWorkerFactory$1$1.create(NoIsolationWorkerFactory.java:66)
Compile TV & Mobile APKs	Build Android TV & Mobile APKs	2026-09-07T03:31:00.4124218Z 	at org.gradle.workers.internal.NoIsolationWorkerFactory$1$1.create(NoIsolationWorkerFactory.java:62)
Compile TV & Mobile APKs	Build Android TV & Mobile APKs	2026-09-07T03:31:00.4124661Z 	at org.gradle.internal.classloader.ClassLoaderUtils.executeInClassloader(ClassLoaderUtils.java:100)
Compile TV & Mobile APKs	Build Android TV & Mobile APKs	2026-09-07T03:31:00.4125005Z 	at org.gradle.workers.internal.NoIsolationWorkerFactory$1.lambda$execute$0(NoIsolationWorkerFactory.java:62)
Compile TV & Mobile APKs	Build Android TV & Mobile APKs	2026-09-07T03:31:00.4125230Z 	at org.gradle.workers.internal.AbstractWorker$1.call(AbstractWorker.java:44)
Compile TV & Mobile APKs	Build Android TV & Mobile APKs	2026-09-07T03:31:00.4125446Z 	at org.gradle.workers.internal.AbstractWorker$1.call(AbstractWorker.java:41)
Compile TV & Mobile APKs	Build Android TV & Mobile APKs	2026-09-07T03:31:00.4125937Z 	at org.gradle.internal.operations.DefaultBuildOperationRunner$CallableBuildOperationWorker.execute(DefaultBuildOperationRunner.java:200)
Compile TV & Mobile APKs	Build Android TV & Mobile APKs	2026-09-07T03:31:00.4126423Z 	at org.gradle.internal.operations.DefaultBuildOperationRunner$CallableBuildOperationWorker.execute(DefaultBuildOperationRunner.java:195)
Compile TV & Mobile APKs	Build Android TV & Mobile APKs	2026-09-07T03:31:00.4126784Z 	at org.gradle.internal.operations.DefaultBuildOperationRunner$2.execute(DefaultBuildOperationRunner.java:66)
Compile TV & Mobile APKs	Build Android TV & Mobile APKs	2026-09-07T03:31:00.4127143Z 	at org.gradle.internal.operations.DefaultBuildOperationRunner$2.execute(DefaultBuildOperationRunner.java:59)
Compile TV & Mobile APKs	Build Android TV & Mobile APKs	2026-09-07T03:31:00.4127508Z 	at org.gradle.internal.operations.DefaultBuildOperationRunner.execute(DefaultBuildOperationRunner.java:157)
Compile TV & Mobile APKs	Build Android TV & Mobile APKs	2026-09-07T03:31:00.4127874Z 	at org.gradle.internal.operations.DefaultBuildOperationRunner.execute(DefaultBuildOperationRunner.java:59)
Compile TV & Mobile APKs	Build Android TV & Mobile APKs	2026-09-07T03:31:00.4128225Z 	at org.gradle.internal.operations.DefaultBuildOperationRunner.call(DefaultBuildOperationRunner.java:53)
Compile TV & Mobile APKs	Build Android TV & Mobile APKs	2026-09-07T03:31:00.4128589Z 	at org.gradle.internal.operations.DefaultBuildOperationExecutor.call(DefaultBuildOperationExecutor.java:73)
Compile TV & Mobile APKs	Build Android TV & Mobile APKs	2026-09-07T03:31:00.4128930Z 	at org.gradle.workers.internal.AbstractWorker.executeWrappedInBuildOperation(AbstractWorker.java:41)
Compile TV & Mobile APKs	Build Android TV & Mobile APKs	2026-09-07T03:31:00.4129239Z 	at org.gradle.workers.internal.NoIsolationWorkerFactory$1.execute(NoIsolationWorkerFactory.java:59)
Compile TV & Mobile APKs	Build Android TV & Mobile APKs	2026-09-07T03:31:00.4129579Z 	at org.gradle.workers.internal.DefaultWorkerExecutor.lambda$submitWork$0(DefaultWorkerExecutor.java:174)
Compile TV & Mobile APKs	Build Android TV & Mobile APKs	2026-09-07T03:31:00.4130307Z 	at org.gradle.internal.work.DefaultConditionalExecutionQueue$ExecutionRunner.runExecution(DefaultConditionalExecutionQueue.java:187)
Compile TV & Mobile APKs	Build Android TV & Mobile APKs	2026-09-07T03:31:00.4130759Z 	at org.gradle.internal.work.DefaultConditionalExecutionQueue$ExecutionRunner.access$700(DefaultConditionalExecutionQueue.java:120)
Compile TV & Mobile APKs	Build Android TV & Mobile APKs	2026-09-07T03:31:00.4131193Z 	at org.gradle.internal.work.DefaultConditionalExecutionQueue$ExecutionRunner$1.run(DefaultConditionalExecutionQueue.java:162)
Compile TV & Mobile APKs	Build Android TV & Mobile APKs	2026-09-07T03:31:00.4131356Z 	at org.gradle.internal.Factories$1.create(Factories.java:31)
Compile TV & Mobile APKs	Build Android TV & Mobile APKs	2026-09-07T03:31:00.4131693Z 	at org.gradle.internal.work.DefaultWorkerLeaseService.withLocks(DefaultWorkerLeaseService.java:264)
Compile TV & Mobile APKs	Build Android TV & Mobile APKs	2026-09-07T03:31:00.4132061Z 	at org.gradle.internal.work.DefaultWorkerLeaseService.runAsWorkerThread(DefaultWorkerLeaseService.java:128)
Compile TV & Mobile APKs	Build Android TV & Mobile APKs	2026-09-07T03:31:00.4132566Z 	at org.gradle.internal.work.DefaultWorkerLeaseService.runAsWorkerThread(DefaultWorkerLeaseService.java:133)
Compile TV & Mobile APKs	Build Android TV & Mobile APKs	2026-09-07T03:31:00.4133010Z 	at org.gradle.internal.work.DefaultConditionalExecutionQueue$ExecutionRunner.runBatch(DefaultConditionalExecutionQueue.java:157)
Compile TV & Mobile APKs	Build Android TV & Mobile APKs	2026-09-07T03:31:00.4133432Z 	at org.gradle.internal.work.DefaultConditionalExecutionQueue$ExecutionRunner.run(DefaultConditionalExecutionQueue.java:126)
Compile TV & Mobile APKs	Build Android TV & Mobile APKs	2026-09-07T03:31:00.4133511Z 	... 2 more
Compile TV & Mobile APKs	Build Android TV & Mobile APKs	2026-09-07T03:31:00.4133518Z 
Compile TV & Mobile APKs	Build Android TV & Mobile APKs	2026-09-07T03:31:00.4133523Z 
Compile TV & Mobile APKs	Build Android TV & Mobile APKs	2026-09-07T03:31:00.4133611Z BUILD FAILED in 5m 11s
Compile TV & Mobile APKs	Build Android TV & Mobile APKs	2026-09-07T03:31:00.4133707Z 88 actionable tasks: 88 executed
Compile TV & Mobile APKs	Build Android TV & Mobile APKs	2026-09-07T03:31:00.6381433Z ##[error]Process completed with exit code 1.
